run_id,timestep,agent_id,role,x,y,status,degree,avg_snr_db,avg_rate_mbps
run_greedy_dara_42,0,0,ground_a,0.0,0.0,active,1,50.85087185105948,168.92305845179166
run_greedy_dara_42,0,1,ground_b,200.0,0.0,active,1,50.85087185105948,168.92305845179166
run_greedy_dara_42,0,2,relay,24.99,0.0,active,2,54.24598667374933,180.20133892525126
run_greedy_dara_42,0,3,relay,50.0,0.0,active,2,50.84801002314713,168.913551743428
run_greedy_dara_42,0,4,relay,75.0,0.0,active,2,50.8489642297816,168.91672152318014
run_greedy_dara_42,0,5,relay,100.0,0.0,active,2,50.8489642297816,168.91672152318014
run_greedy_dara_42,0,6,relay,125.0,0.0,active,2,50.8489642297816,168.91672152318014
run_greedy_dara_42,0,7,relay,150.0,0.0,active,2,50.84801002314713,168.913551743428
run_greedy_dara_42,0,8,relay,175.01,0.0,active,2,54.24598667374932,180.20133892525124
run_greedy_dara_42,1,0,ground_a,0.0,0.0,active,1,50.85277868073955,168.92939275081662
run_greedy_dara_42,1,1,ground_b,200.0,0.0,active,1,50.85277868073953,168.9293927508166
run_greedy_dara_42,1,2,relay,24.979999999999997,0.0,active,2,54.246944113894244,180.2045194877458
run_greedy_dara_42,1,3,relay,50.0,0.0,active,2,50.847055420320395,168.91038064757595
run_greedy_dara_42,1,4,relay,75.0,0.0,active,2,50.8489642297816,168.91672152318014
run_greedy_dara_42,1,5,relay,100.0,0.0,active,2,50.8489642297816,168.91672152318014
run_greedy_dara_42,1,6,relay,125.0,0.0,active,2,50.8489642297816,168.91672152318014
run_greedy_dara_42,1,7,relay,150.0,0.0,active,2,50.8470554203204,168.91038064757598
run_greedy_dara_42,1,8,relay,175.01999999999998,0.0,active,2,54.24694411389425,180.20451948774587
run_greedy_dara_42,2,0,ground_a,0.0,0.0,active,1,50.854684719214774,168.93572442156042
run_greedy_dara_42,2,1,ground_b,200.0,0.0,active,1,50.854684719214774,168.93572442156042
run_greedy_dara_42,2,2,relay,24.969999999999995,0.0,active,2,54.24790192323283,180.20770127670278
run_greedy_dara_42,2,3,relay,50.0,0.0,active,2,50.846100421104516,168.90720823496997
run_greedy_dara_42,2,4,relay,75.0,0.0,active,2,50.8489642297816,168.91672152318014
run_greedy_dara_42,2,5,relay,100.0,0.0,active,2,50.8489642297816,168.91672152318014
run_greedy_dara_42,2,6,relay,125.0,0.0,active,2,50.8489642297816,168.91672152318014
run_greedy_dara_42,2,7,relay,150.0,0.0,active,2,50.84610042110452,168.90720823496997
run_greedy_dara_42,2,8,relay,175.02999999999997,0.0,active,2,54.24790192323283,180.20770127670275
run_greedy_dara_42,3,0,ground_a,0.0,0.0,active,1,50.856589966877934,168.9420534653278
run_greedy_dara_42,3,1,ground_b,200.0,0.0,active,1,50.85658996687792,168.94205346532775
run_greedy_dara_42,3,2,relay,24.959999999999994,0.0,active,2,54.24886010218141,180.2108842935051
run_greedy_dara_42,3,3,relay,50.0,0.0,active,2,50.84514502530252,168.90403450495575
run_greedy_dara_42,3,4,relay,75.0,0.0,active,2,50.8489642297816,168.91672152318014
run_greedy_dara_42,3,5,relay,100.0,0.0,active,2,50.8489642297816,168.91672152318014
run_greedy_dara_42,3,6,relay,125.0,0.0,active,2,50.8489642297816,168.91672152318014
run_greedy_dara_42,3,7,relay,150.0,0.0,active,2,50.84514502530252,168.90403450495575
run_greedy_dara_42,3,8,relay,175.03999999999996,0.0,active,2,54.2488601021814,180.21088429350507
run_greedy_dara_42,4,0,ground_a,0.0,0.0,active,1,50.858494424121545,168.9483798834226
run_greedy_dara_42,4,1,ground_b,200.0,0.0,active,1,50.85849442412153,168.94837988342255
run_greedy_dara_42,4,2,relay,24.949999999999992,0.0,active,2,54.24981865115694,180.214068539538
run_greedy_dara_42,4,3,relay,50.0,0.0,active,2,50.84418923271729,168.90085945687855
run_greedy_dara_42,4,4,relay,75.0,0.0,active,2,50.8489642297816,168.91672152318014
run_greedy_dara_42,4,5,relay,100.0,0.0,active,2,50.8489642297816,168.91672152318014
run_greedy_dara_42,4,6,relay,125.0,0.0,active,2,50.8489642297816,168.91672152318014
run_greedy_dara_42,4,7,relay,150.0,0.0,active,2,50.8441892327173,168.90085945687855
run_greedy_dara_42,4,8,relay,175.04999999999995,0.0,active,2,54.249818651156936,180.21406853953798
run_greedy_dara_42,5,0,ground_a,0.0,0.0,active,1,50.860398091337814,168.9547036771477
run_greedy_dara_42,5,1,ground_b,200.0,0.0,active,1,50.8603980913378,168.95470367714765
run_greedy_dara_42,5,2,relay,24.93999999999999,0.0,active,2,54.25077757057698,180.21725401618858
run_greedy_dara_42,5,3,relay,50.0,0.0,active,2,50.8432330431516,168.8976830900832
run_greedy_dara_42,5,4,relay,75.0,0.0,active,2,50.8489642297816,168.91672152318014
run_greedy_dara_42,5,5,relay,100.0,0.0,active,2,50.8489642297816,168.91672152318014
run_greedy_dara_42,5,6,relay,125.0,0.0,active,2,50.8489642297816,168.91672152318014
run_greedy_dara_42,5,7,relay,150.0,0.0,active,2,50.843233043151606,168.8976830900832
run_greedy_dara_42,5,8,relay,175.05999999999995,0.0,active,2,54.25077757057697,180.21725401618852
run_greedy_dara_42,6,0,ground_a,0.0,0.0,active,1,50.86230096891873,168.96102484780516
run_greedy_dara_42,6,1,ground_b,200.0,0.0,active,1,50.86230096891872,168.96102484780513
run_greedy_dara_42,6,2,relay,24.92999999999999,0.0,active,2,54.25173686085973,180.22044072484601
run_greedy_dara_42,6,3,relay,50.0,0.0,active,2,50.8422764564081,168.89450540391414
run_greedy_dara_42,6,4,relay,75.0,0.0,active,2,50.8489642297816,168.91672152318014
run_greedy_dara_42,6,5,relay,100.0,0.0,active,2,50.8489642297816,168.91672152318014
run_greedy_dara_42,6,6,relay,125.0,0.0,active,2,50.8489642297816,168.91672152318014
run_greedy_dara_42,6,7,relay,150.0,0.0,active,2,50.84227645640811,168.89450540391414
run_greedy_dara_42,6,8,relay,175.06999999999994,0.0,active,2,54.25173686085972,180.22044072484601
run_greedy_dara_42,7,0,ground_a,0.0,0.0,active,1,50.86420305725606,168.96734339669638
run_greedy_dara_42,7,1,ground_b,200.0,0.0,active,1,50.86420305725605,168.96734339669635
run_greedy_dara_42,7,2,relay,24.919999999999987,0.0,active,2,54.25365350654279,180.22680767310044
run_greedy_dara_42,7,3,relay,49.99,0.0,active,2,50.84132224977363,168.89133562416202
run_greedy_dara_42,7,4,relay,75.0,0.0,active,2,50.84801002314713,168.913551743428
run_greedy_dara_42,7,5,relay,100.0,0.0,active,2,50.8489642297816,168.91672152318014
run_greedy_dara_42,7,6,relay,125.0,0.0,active,2,50.84801002314713,168.913551743428
run_greedy_dara_42,7,7,relay,150.01,0.0,active,2,50.84132224977364,168.89133562416202
run_greedy_dara_42,7,8,relay,175.07999999999993,0.0,active,2,54.253653506542776,180.22680767310038
run_greedy_dara_42,8,0,ground_a,0.0,0.0,active,1,50.86610435674132,168.97365932512187
run_greedy_dara_42,8,1,ground_b,200.0,0.0,active,1,50.8661043567413,168.97365932512184
run_greedy_dara_42,8,2,relay,24.909999999999986,0.0,active,2,54.25461393738089,180.22999817063368
run_greedy_dara_42,8,3,relay,49.99,0.0,active,2,50.840365265654846,168.88815661796326
run_greedy_dara_42,8,4,relay,75.0,0.0,active,2,50.84801002314713,168.913551743428
run_greedy_dara_42,8,5,relay,100.0,0.0,active,2,50.8489642297816,168.91672152318014
run_greedy_dara_42,8,6,relay,125.0,0.0,active,2,50.84801002314713,168.913551743428
run_greedy_dara_42,8,7,relay,150.01,0.0,active,2,50.84036526565486,168.8881566179633
run_greedy_dara_42,8,8,relay,175.08999999999992,0.0,active,2,54.254613937380874,180.22999817063365
run_greedy_dara_42,9,0,ground_a,0.0,0.0,active,1,50.86800486776572,168.97997263438123
run_greedy_dara_42,9,1,ground_b,200.0,0.0,active,1,50.86800486776569,168.97997263438114
run_greedy_dara_42,9,2,relay,24.899999999999984,0.0,active,2,54.25653212222935,180.2363702318954
run_greedy_dara_42,9,3,relay,49.980000000000004,0.0,active,2,50.839410662828115,168.8849855221112
run_greedy_dara_42,9,4,relay,75.0,0.0,active,2,50.8470554203204,168.91038064757598
run_greedy_dara_42,9,5,relay,100.0,0.0,active,2,50.8489642297816,168.91672152318014
run_greedy_dara_42,9,6,relay,125.0,0.0,active,2,50.8470554203204,168.91038064757598
run_greedy_dara_42,9,7,relay,150.01999999999998,0.0,active,2,50.83941066282813,168.88498552211126
run_greedy_dara_42,9,8,relay,175.0999999999999,0.0,active,2,54.25653212222935,180.23637023189536
run_greedy_dara_42,10,0,ground_a,0.0,0.0,active,1,50.86990459072024,168.98628332577314
run_greedy_dara_42,10,1,ground_b,200.0,0.0,active,1,50.86990459072021,168.98628332577303
run_greedy_dara_42,10,2,relay,24.889999999999983,0.0,active,2,54.25749369589628,180.2395645258568
run_greedy_dara_42,10,3,relay,49.980000000000004,0.0,active,2,50.838453281136466,168.88180519522643
run_greedy_dara_42,10,4,relay,75.0,0.0,active,2,50.8470554203204,168.91038064757598
run_greedy_dara_42,10,5,relay,100.0,0.0,active,2,50.8489642297816,168.91672152318014
run_greedy_dara_42,10,6,relay,125.0,0.0,active,2,50.8470554203204,168.91038064757598
run_greedy_dara_42,10,7,relay,150.01999999999998,0.0,active,2,50.83845328113647,168.8818051952265
run_greedy_dara_42,10,8,relay,175.1099999999999,0.0,active,2,54.257493695896265,180.23956452585674
run_greedy_dara_42,11,0,ground_a,0.0,0.0,active,1,50.87180352599559,168.99259140059544
run_greedy_dara_42,11,1,ground_b,200.0,0.0,active,1,50.871803525995574,168.99259140059542
run_greedy_dara_42,11,2,relay,24.87999999999998,0.0,active,2,54.25941342238422,180.24594170834445
run_greedy_dara_42,11,3,relay,49.970000000000006,0.0,active,2,50.83749828192059,168.87863278262046
run_greedy_dara_42,11,4,relay,75.0,0.0,active,2,50.84610042110452,168.90720823496997
run_greedy_dara_42,11,5,relay,100.0,0.0,active,2,50.8489642297816,168.91672152318014
run_greedy_dara_42,11,6,relay,125.0,0.0,active,2,50.84610042110452,168.90720823496997
run_greedy_dara_42,11,7,relay,150.02999999999997,0.0,active,2,50.837498281920595,168.8786327826205
run_greedy_dara_42,11,8,relay,175.1199999999999,0.0,active,2,54.2594134223842,180.2459417083444
run_greedy_dara_42,12,0,ground_a,0.0,0.0,active,1,50.87370167398227,168.99889686014538
run_greedy_dara_42,12,1,ground_b,200.0,0.0,active,1,50.87370167398227,168.99889686014538
run_greedy_dara_42,12,2,relay,24.86999999999998,0.0,active,2,54.26037614115929,180.24913980630572
run_greedy_dara_42,12,3,relay,49.970000000000006,0.0,active,2,50.83654050245836,168.87545113439296
run_greedy_dara_42,12,4,relay,75.0,0.0,active,2,50.84610042110452,168.90720823496997
run_greedy_dara_42,12,5,relay,100.0,0.0,active,2,50.8489642297816,168.91672152318014
run_greedy_dara_42,12,6,relay,125.0,0.0,active,2,50.84610042110452,168.90720823496997
run_greedy_dara_42,12,7,relay,150.02999999999997,0.0,active,2,50.83654050245838,168.87545113439302
run_greedy_dara_42,12,8,relay,175.12999999999988,0.0,active,2,54.26037614115928,180.24913980630566
run_greedy_dara_42,13,0,ground_a,0.0,0.0,active,1,50.87559903507048,169.00519970571912
run_greedy_dara_42,13,1,ground_b,200.0,0.0,active,1,50.875599035070465,169.00519970571906
run_greedy_dara_42,13,2,relay,24.859999999999978,0.0,active,2,54.262297411766696,180.25552211825772
run_greedy_dara_42,13,3,relay,49.96000000000001,0.0,active,2,50.83558510665636,168.8722774043787
run_greedy_dara_42,13,4,relay,75.0,0.0,active,2,50.84514502530252,168.90403450495575
run_greedy_dara_42,13,5,relay,100.0,0.0,active,2,50.8489642297816,168.91672152318014
run_greedy_dara_42,13,6,relay,125.0,0.0,active,2,50.84514502530252,168.90403450495575
run_greedy_dara_42,13,7,relay,150.03999999999996,0.0,active,2,50.835585106656374,168.87227740437876
run_greedy_dara_42,13,8,relay,175.13999999999987,0.0,active,2,54.26229741176669,180.25552211825772
run_greedy_dara_42,14,0,ground_a,0.0,0.0,active,1,50.87749560965017,169.01149993861193
run_greedy_dara_42,14,1,ground_b,200.0,0.0,active,1,50.87749560965014,169.0114999386118
run_greedy_dara_42,14,2,relay,24.849999999999977,0.0,active,2,54.2632612779351,180.25872402781016
run_greedy_dara_42,14,3,relay,49.96000000000001,0.0,active,2,50.834626929225735,168.86909443415132
run_greedy_dara_42,14,4,relay,75.0,0.0,active,2,50.84514502530252,168.90403450495575
run_greedy_dara_42,14,5,relay,100.0,0.0,active,2,50.8489642297816,168.91672152318014
run_greedy_dara_42,14,6,relay,125.0,0.0,active,2,50.84514502530252,168.90403450495575
run_greedy_dara_42,14,7,relay,150.03999999999996,0.0,active,2,50.834626929225756,168.8690944341514
run_greedy_dara_42,14,8,relay,175.14999999999986,0.0,active,2,54.263261277935094,180.25872402781013
run_greedy_dara_42,15,0,ground_a,0.0,0.0,active,1,50.87939139811105,169.0177975601184
run_greedy_dara_42,15,1,ground_b,200.0,0.0,active,1,50.87939139811101,169.01779756011823
run_greedy_dara_42,15,2,relay,24.839999999999975,0.0,active,2,54.26518409514799,180.26511147748482
run_greedy_dara_42,15,3,relay,49.95000000000001,0.0,active,2,50.83367113664051,168.86591938607415
run_greedy_dara_42,15,4,relay,75.0,0.0,active,2,50.8441892327173,168.90085945687855
run_greedy_dara_42,15,5,relay,100.0,0.0,active,2,50.8489642297816,168.91672152318014
run_greedy_dara_42,15,6,relay,125.0,0.0,active,2,50.8441892327173,168.90085945687855
run_greedy_dara_42,15,7,relay,150.04999999999995,0.0,active,2,50.83367113664053,168.8659193860742
run_greedy_dara_42,15,8,relay,175.15999999999985,0.0,active,2,54.26518409514798,180.2651114774848
run_greedy_dara_42,16,0,ground_a,0.0,0.0,active,1,50.8812864008425,169.02409257153192
run_greedy_dara_42,16,1,ground_b,200.0,0.0,active,1,50.88128640084247,169.02409257153184
run_greedy_dara_42,16,2,relay,24.829999999999973,0.0,active,2,54.26614911100081,180.2683172062392
run_greedy_dara_42,16,3,relay,49.95000000000001,0.0,active,2,50.832712561043564,168.86273509318937
run_greedy_dara_42,16,4,relay,75.0,0.0,active,2,50.8441892327173,168.90085945687855
run_greedy_dara_42,16,5,relay,100.0,0.0,active,2,50.8489642297816,168.91672152318014
run_greedy_dara_42,16,6,relay,125.0,0.0,active,2,50.8441892327173,168.90085945687855
run_greedy_dara_42,16,7,relay,150.04999999999995,0.0,active,2,50.83271256104357,168.86273509318943
run_greedy_dara_42,16,8,relay,175.16999999999985,0.0,active,2,54.26614911100077,180.2683172062391
run_greedy_dara_42,17,0,ground_a,0.0,0.0,active,1,50.88318061823372,169.03038497414542
run_greedy_dara_42,17,1,ground_b,200.0,0.0,active,1,50.883180618233695,169.03038497414536
run_greedy_dara_42,17,2,relay,24.819999999999972,0.0,active,2,54.26807347731119,180.27470980191484
run_greedy_dara_42,17,3,relay,49.94000000000001,0.0,active,2,50.83175637147787,168.85955872639403
run_greedy_dara_42,17,4,relay,75.0,0.0,active,2,50.843233043151606,168.8976830900832
run_greedy_dara_42,17,5,relay,100.0,0.0,active,2,50.8489642297816,168.91672152318014
run_greedy_dara_42,17,6,relay,125.0,0.0,active,2,50.843233043151606,168.8976830900832
run_greedy_dara_42,17,7,relay,150.05999999999995,0.0,active,2,50.83175637147788,168.85955872639408
run_greedy_dara_42,17,8,relay,175.17999999999984,0.0,active,2,54.26807347731116,180.27470980191478
run_greedy_dara_42,18,0,ground_a,0.0,0.0,active,1,50.88507405067361,169.03667476925068
run_greedy_dara_42,18,1,ground_b,200.0,0.0,active,1,50.88507405067358,169.03667476925057
run_greedy_dara_42,18,2,relay,24.80999999999997,0.0,active,2,54.269039645145334,180.27791935750145
run_greedy_dara_42,18,3,relay,49.94000000000001,0.0,active,2,50.8307973975165,168.85637311019389
run_greedy_dara_42,18,4,relay,75.0,0.0,active,2,50.843233043151606,168.8976830900832
run_greedy_dara_42,18,5,relay,100.0,0.0,active,2,50.8489642297816,168.91672152318014
run_greedy_dara_42,18,6,relay,125.0,0.0,active,2,50.843233043151606,168.8976830900832
run_greedy_dara_42,18,7,relay,150.05999999999995,0.0,active,2,50.83079739751653,168.856373110194
run_greedy_dara_42,18,8,relay,175.18999999999983,0.0,active,2,54.26903964514533,180.27791935750145
run_greedy_dara_42,19,0,ground_a,0.0,0.0,active,1,50.88696669855081,169.0429619581387
run_greedy_dara_42,19,1,ground_b,200.0,0.0,active,1,50.886966698550765,169.0429619581386
run_greedy_dara_42,19,2,relay,24.79999999999997,0.0,active,2,54.270965563051256,180.2843171074764
run_greedy_dara_42,19,3,relay,49.930000000000014,0.0,active,2,50.82984081077299,168.85319542402482
run_greedy_dara_42,19,4,relay,75.0,0.0,active,2,50.8422764564081,168.89450540391414
run_greedy_dara_42,19,5,relay,100.0,0.0,active,2,50.8489642297816,168.91672152318014
run_greedy_dara_42,19,6,relay,125.0,0.0,active,2,50.84227645640811,168.89450540391414
run_greedy_dara_42,19,7,relay,150.06999999999994,0.0,active,2,50.82984081077303,168.85319542402493
run_greedy_dara_42,19,8,relay,175.19999999999982,0.0,active,2,54.27096556305124,180.28431710747634
run_greedy_dara_42,20,0,ground_a,0.0,0.0,active,1,50.890749642170306,169.05552852242246
run_greedy_dara_42,20,1,ground_b,200.0,0.0,active,1,50.88128640084247,169.02409257153184
run_greedy_dara_42,20,2,relay,24.77999999999997,0.0,active,1,57.72554652088691,191.76013913722187
run_greedy_dara_42,20,3,relay,49.930000000000014,0.0,failed,0,0.0,0.0
run_greedy_dara_42,20,4,relay,74.96,0.0,active,1,50.84132582082344,168.89134748673135
run_greedy_dara_42,20,5,relay,100.0,0.0,active,2,50.84037002823821,168.88817243865412
run_greedy_dara_42,20,6,relay,125.05,0.0,active,2,50.836831612196804,168.87641817191556
run_greedy_dara_42,20,7,relay,150.12699999999992,0.0,active,2,50.83750070867769,168.8786408439961
run_greedy_dara_42,20,8,relay,175.16999999999982,0.0,active,2,54.27351988209107,180.29280217570715
run_greedy_dara_42,21,0,ground_a,0.0,0.0,active,1,50.89641818307993,169.07435885444218
run_greedy_dara_42,21,1,ground_b,200.0,0.0,active,1,50.86971465387674,168.98565237440081
run_greedy_dara_42,21,2,relay,24.749999999999968,0.0,active,1,57.73712069383697,191.79858764269417
run_greedy_dara_42,21,3,relay,49.930000000000014,0.0,failed,0,0.0,0.0
run_greedy_dara_42,21,4,relay,74.892,0.0,active,1,50.81871844235599,168.81624802139618
run_greedy_dara_42,21,5,relay,100.05,0.0,active,2,50.82571793743965,168.8394996485078
run_greedy_dara_42,21,6,relay,125.13499999999999,0.0,active,2,50.84093623003291,168.89005330501473
run_greedy_dara_42,21,7,relay,150.13399999999993,0.0,active,2,50.85144341319786,168.92495712452606
run_greedy_dara_42,21,8,relay,175.1089999999998,0.0,active,2,54.26828768938953,180.27542109661263
run_greedy_dara_42,22,0,ground_a,0.0,0.0,active,1,50.90396528811684,169.09942959092572
run_greedy_dara_42,22,1,ground_b,200.0,0.0,active,1,50.85397957716894,168.93338200962862
run_greedy_dara_42,22,2,relay,24.70999999999997,0.0,active,1,57.75257476692215,191.84992487596878
run_greedy_dara_42,22,3,relay,49.930000000000014,0.0,failed,0,0.0,0.0
run_greedy_dara_42,22,4,relay,74.8044,0.0,active,1,50.80186349030788,168.76025754725615
run_greedy_dara_42,22,5,relay,100.05,0.0,active,2,50.81393718837101,168.80036517152897
run_greedy_dara_42,22,6,relay,125.16999999999999,0.0,active,2,50.84501188518065,168.9035922277758
run_greedy_dara_42,22,7,relay,150.09099999999992,0.0,active,2,50.86265271302659,168.9621933068651
run_greedy_dara_42,22,8,relay,175.02629999999982,0.0,active,2,54.256222059649446,180.23533992919388
run_greedy_dara_42,23,0,ground_a,0.0,0.0,active,1,50.9133816067458,169.13070967058286
run_greedy_dara_42,23,1,ground_b,200.0,0.0,active,1,50.8477429365516,168.9126645082585
run_greedy_dara_42,23,2,relay,24.659999999999968,0.0,active,1,57.77192757605421,191.91421340871565
run_greedy_dara_42,23,3,relay,49.930000000000014,0.0,failed,0,0.0,0.0
run_greedy_dara_42,23,4,relay,74.70308,0.0,active,1,50.7919605433903,168.72736094348522
run_greedy_dara_42,23,5,relay,100.0,0.0,active,2,50.80562756190241,168.77276141911761
run_greedy_dara_42,23,6,relay,125.15499999999999,0.0,active,2,50.8395608272585,168.88548435463076
run_greedy_dara_42,23,7,relay,150.09799999999993,0.0,active,2,50.864333958517655,168.96777823777487
run_greedy_dara_42,23,8,relay,174.99359999999982,0.0,active,2,54.253745092210735,180.22711155445415
run_greedy_dara_42,24,0,ground_a,0.0,0.0,active,1,50.92465549403988,169.16816041044268
run_greedy_dara_42,24,1,ground_b,200.0,0.0,active,1,50.85104349814074,168.92362864636593
run_greedy_dara_42,24,2,relay,24.59999999999997,0.0,active,1,57.79520280949356,191.99153193178944
run_greedy_dara_42,24,3,relay,49.930000000000014,0.0,failed,0,0.0,0.0
run_greedy_dara_42,24,4,relay,74.592156,0.0,active,1,50.78888347311319,168.71713922248998
run_greedy_dara_42,24,5,relay,99.905,0.0,active,2,50.801206719399474,168.75807582014696
run_greedy_dara_42,24,6,relay,125.08999999999999,0.0,active,2,50.83458370377955,168.86895084476933
run_greedy_dara_42,24,7,relay,150.05499999999992,0.0,active,2,50.856504165900056,168.94176844299125
run_greedy_dara_42,24,8,relay,175.01089999999982,0.0,active,2,54.25131626298916,180.21904329569665
run_greedy_dara_42,25,0,ground_a,0.0,0.0,active,1,50.93777303918023,169.21173560052435
run_greedy_dara_42,25,1,ground_b,200.0,0.0,active,1,50.86386073958394,168.96620625132394
run_greedy_dara_42,25,2,relay,24.52999999999997,0.0,active,1,57.8224291052274,192.08197557871244
run_greedy_dara_42,25,3,relay,49.930000000000014,0.0,failed,0,0.0,0.0
run_greedy_dara_42,25,4,relay,74.4745092,0.0,active,1,50.79059447074175,168.72282298619527
run_greedy_dara_42,25,5,relay,99.77850000000001,0.0,active,2,50.80004246322755,168.754208276825
run_greedy_dara_42,25,6,relay,124.98449999999998,0.0,active,2,50.8301430085615,168.85419929629933
run_greedy_dara_42,25,7,relay,149.97489999999993,0.0,active,2,50.84000382240249,168.88695593958937
run_greedy_dara_42,25,8,relay,175.0781999999998,0.0,active,2,54.25012015374568,180.21507021857315
run_greedy_dara_42,26,0,ground_a,0.0,0.0,active,1,50.95271809931408,169.26138161630695
run_greedy_dara_42,26,1,ground_b,200.0,0.0,active,1,50.86904981288933,168.98344383852475
run_greedy_dara_42,26,2,relay,24.44999999999997,0.0,active,1,57.85364016965583,192.18565631994133
run_greedy_dara_42,26,3,relay,49.930000000000014,0.0,failed,0,0.0,0.0
run_greedy_dara_42,26,4,relay,74.35215644,0.0,active,1,50.79565374231504,168.73962938256324
run_greedy_dara_42,26,5,relay,99.62995000000001,0.0,active,2,50.801157220863395,168.75791139055
run_greedy_dara_42,26,6,relay,124.85064999999999,0.0,active,2,50.81881289523162,168.81656178492665
run_greedy_dara_42,26,7,relay,149.94479999999993,0.0,active,2,50.82458247386544,168.83572775132598
run_greedy_dara_42,26,8,relay,175.1054999999998,0.0,active,2,54.24985002322751,180.21417298602302
run_greedy_dara_42,27,0,ground_a,0.0,0.0,active,1,50.96947233856628,169.3170375483181
run_greedy_dara_42,27,1,ground_b,200.0,0.0,active,1,50.866636579288155,168.97542731567046
run_greedy_dara_42,27,2,relay,24.35999999999997,0.0,active,1,57.888874918629455,192.30270343138397
run_greedy_dara_42,27,3,relay,49.930000000000014,0.0,failed,0,0.0,0.0
run_greedy_dara_42,27,4,relay,74.226509508,0.0,active,1,50.80112025080754,168.75778857960768
run_greedy_dara_42,27,5,relay,99.475965,0.0,active,2,50.80386255384743,168.7668982374171
run_greedy_dara_42,27,6,relay,124.69695499999999,0.0,active,2,50.80209886880174,168.7610394512518
run_greedy_dara_42,27,7,relay,149.96469999999994,0.0,active,2,50.8110251453298,168.79069165427705
run_greedy_dara_42,27,8,relay,175.0927999999998,0.0,active,2,54.25054229907996,180.21647260441273
run_greedy_dara_42,28,0,ground_a,0.0,0.0,active,1,50.98801527195265,169.37863534800616
run_greedy_dara_42,28,1,ground_b,200.0,0.0,active,1,50.85733470374544,168.94452740734204
run_greedy_dara_42,28,2,relay,24.25999999999997,0.0,active,1,57.928177642095704,192.43326404134217
run_greedy_dara_42,28,3,relay,49.930000000000014,0.0,failed,0,0.0,0.0
run_greedy_dara_42,28,4,relay,74.0985566556,0.0,active,1,50.80686888126293,168.77688495793382
run_greedy_dara_42,28,5,relay,99.3181755,0.0,active,2,50.801522744486874,168.7591256236423
run_greedy_dara_42,28,6,relay,124.59325999999999,0.0,active,2,50.78977428551104,168.72009841267834
run_greedy_dara_42,28,7,relay,149.93459999999993,0.0,active,2,50.80571612749901,168.77305562620995
run_greedy_dara_42,28,8,relay,175.0439099999998,0.0,active,2,54.242975753833335,180.19133708895117
run_greedy_dara_42,29,0,ground_a,0.0,0.0,active,1,51.00832431388844,169.44609998887583
run_greedy_dara_42,29,1,ground_b,200.0,0.0,active,1,50.84317681667686,168.89749631121182
run_greedy_dara_42,29,2,relay,24.14999999999997,0.0,active,1,57.97159819384221,192.5775037608258
run_greedy_dara_42,29,3,relay,49.930000000000014,0.0,failed,0,0.0,0.0
run_greedy_dara_42,29,4,relay,73.96898965892001,0.0,active,1,50.8026737116152,168.762949021805
run_greedy_dara_42,29,5,relay,99.210386,0.0,active,2,50.79419928776212,168.734797829584
run_greedy_dara_42,29,6,relay,124.53956499999998,0.0,active,2,50.78710206583541,168.71122156496875
run_greedy_dara_42,29,7,relay,149.85449999999994,0.0,active,2,50.80770648924648,168.77966740949617
run_greedy_dara_42,29,8,relay,174.96968699999982,0.0,active,2,54.228225353583724,180.14233741649684
run_greedy_dara_42,30,0,ground_a,0.0,0.0,active,1,51.03037483092385,169.51934964166583
run_greedy_dara_42,30,1,ground_b,200.0,0.0,active,1,50.82557575476697,168.83902733164334
run_greedy_dara_42,30,2,relay,24.02999999999997,0.0,active,1,58.0191922080821,192.7356074030333
run_greedy_dara_42,30,3,relay,49.930000000000014,0.0,failed,0,0.0,0.0
run_greedy_dara_42,30,4,relay,73.838292761244,0.0,active,1,50.78860129881065,168.7162018675635
run_greedy_dara_42,30,5,relay,99.1525965,0.0,active,2,50.79004311573405,168.7209914397797
run_greedy_dara_42,30,6,relay,124.45197849999998,0.0,active,2,50.79273362181581,168.72992903303333
run_greedy_dara_42,30,7,relay,149.73842999999994,0.0,active,2,50.80814533491395,168.7811252106079
run_greedy_dara_42,30,8,relay,174.87773089999982,0.0,active,2,54.208394266079104,180.07646013415416
run_greedy_dara_42,31,0,ground_a,0.0,0.0,active,1,51.054140198270446,169.59829586211907
run_greedy_dara_42,31,1,ground_b,200.0,0.0,active,1,50.80551707003164,168.77239437552345
run_greedy_dara_42,31,2,relay,23.89999999999997,0.0,active,1,58.07102134490887,192.9077797987349
run_greedy_dara_42,31,3,relay,49.930000000000014,0.0,failed,0,0.0,0.0
run_greedy_dara_42,31,4,relay,73.70680493287081,0.0,active,1,50.78066198891379,168.68982827110688
run_greedy_dara_42,31,5,relay,99.06214385,0.0,active,2,50.78808736119284,168.71449461816624
run_greedy_dara_42,31,6,relay,124.34066794999998,0.0,active,2,50.79763608007762,168.7462145112696
run_greedy_dara_42,31,7,relay,149.59718099999995,0.0,active,2,50.80749240705803,168.77895624878056
run_greedy_dara_42,31,8,relay,174.7733616299998,0.0,active,2,54.185047079801606,179.99890267255722
run_greedy_dara_42,32,0,ground_a,0.0,0.0,active,1,51.07959185960709,169.6828437896467
run_greedy_dara_42,32,1,ground_b,200.0,0.0,active,1,50.795033328487605,168.7375684296001
run_greedy_dara_42,32,2,relay,23.75999999999997,0.0,active,1,58.127153566966456,193.09424671535066
run_greedy_dara_42,32,3,relay,49.930000000000014,0.0,failed,0,0.0,0.0
run_greedy_dara_42,32,4,relay,73.57476345300957,0.0,active,1,50.77897223712395,168.68421508406874
run_greedy_dara_42,32,5,relay,98.938826995,0.0,active,2,50.787686446747074,168.71316282037992
run_greedy_dara_42,32,6,relay,124.21275056499998,0.0,active,2,50.80106308377952,168.75759867649947
run_greedy_dara_42,32,7,relay,149.43830669999994,0.0,active,2,50.800410497605796,168.75543085020354
run_greedy_dara_42,32,8,relay,174.71899235999982,0.0,active,2,54.16469714614839,179.93130199412985
run_greedy_dara_42,33,0,ground_a,0.0,0.0,active,1,51.10669938956846,169.77289235490377
run_greedy_dara_42,33,1,ground_b,200.0,0.0,active,1,50.7864602449113,168.70908949979082
run_greedy_dara_42,33,2,relay,23.60999999999997,0.0,active,1,58.1876634500359,193.29525588869686
run_greedy_dara_42,33,3,relay,49.930000000000014,0.0,failed,0,0.0,0.0
run_greedy_dara_42,33,4,relay,73.4423344171067,0.0,active,1,50.78166264454333,168.69315234938728
run_greedy_dara_42,33,5,relay,98.7925051965,0.0,active,2,50.788377371415415,168.71545800320553
run_greedy_dara_42,33,6,relay,124.07320839549998,0.0,active,2,50.79745363299401,168.74560844022403
run_greedy_dara_42,33,7,relay,149.32943239999994,0.0,active,2,50.791220927137104,168.72490401218516
run_greedy_dara_42,33,8,relay,174.6746230899998,0.0,active,2,54.150085833064374,179.88276448458453
run_greedy_dara_42,34,0,ground_a,0.0,0.0,active,1,51.1354305582303,169.86833449399705
run_greedy_dara_42,34,1,ground_b,200.0,0.0,active,1,50.772697213759244,168.66337008200605
run_greedy_dara_42,34,2,relay,23.44999999999997,0.0,active,1,58.25263253064364,193.51107817771535
run_greedy_dara_42,34,3,relay,49.930000000000014,0.0,failed,0,0.0,0.0
run_greedy_dara_42,34,4,relay,73.30963409197469,0.0,active,1,50.7874138131224,168.71225715839486
run_greedy_dara_42,34,5,relay,98.63007993755001,0.0,active,2,50.78982925685295,168.72028102188892
run_greedy_dara_42,34,6,relay,123.92552887684998,0.0,active,2,50.78745132022307,168.7123817533203
run_greedy_dara_42,34,7,relay,149.27055809999993,0.0,active,2,50.78382119517676,168.700322839506
run_greedy_dara_42,34,8,relay,174.60356460099982,0.0,active,2,54.13787940353881,179.84221564970622
run_greedy_dara_42,35,0,ground_a,0.0,0.0,active,1,51.165751396804836,169.9690573667134
run_greedy_dara_42,35,1,ground_b,200.0,0.0,active,1,50.768610652034866,168.6497949314811
run_greedy_dara_42,35,2,relay,23.27999999999997,0.0,active,1,58.322149694255174,193.74200885402513
run_greedy_dara_42,35,3,relay,49.930000000000014,0.0,failed,0,0.0,0.0
run_greedy_dara_42,35,4,relay,73.17674386438227,0.0,active,1,50.79336692398179,168.73203279975968
run_greedy_dara_42,35,5,relay,98.466382256285,0.0,active,2,50.78642104689118,168.7089592880269
run_greedy_dara_42,35,6,relay,123.82784935819998,0.0,active,2,50.780440551882165,168.68909267935908
run_greedy_dara_42,35,7,relay,149.17934608999994,0.0,active,2,50.77639928620088,168.6756679976486
run_greedy_dara_42,35,8,relay,174.5825061119998,0.0,active,2,54.127123896338425,179.80648684034304
run_greedy_dara_42,36,0,ground_a,0.0,0.0,active,1,51.19762626365549,170.07494257580836
run_greedy_dara_42,36,1,ground_b,200.0,0.0,active,1,50.77422605314858,168.66844873402474
run_greedy_dara_42,36,2,relay,23.09999999999997,0.0,active,1,58.39631160814071,193.9883690398703
run_greedy_dara_42,36,3,relay,49.930000000000014,0.0,failed,0,0.0,0.0
run_greedy_dara_42,36,4,relay,73.04372070506759,0.0,active,1,50.78963343699792,168.71963052781572
run_greedy_dara_42,36,5,relay,98.35268457502,0.0,active,2,50.78500729935001,168.70426295945623
run_greedy_dara_42,36,6,relay,123.70947369514498,0.0,active,2,50.77341170726684,168.66574355835343
run_greedy_dara_42,36,7,relay,149.13813407999993,0.0,active,2,50.76210165573574,168.62817269515227
run_greedy_dara_42,36,8,relay,174.6114476229998,0.0,active,2,54.125750786942874,179.80192562729144
run_greedy_dara_42,37,0,ground_a,0.0,0.0,active,1,51.23101790962768,170.18586638402303
run_greedy_dara_42,37,1,ground_b,200.0,0.0,active,1,50.77208121941486,168.66132381021586
run_greedy_dara_42,37,2,relay,22.909999999999968,0.0,active,1,58.475223203601146,194.25050731004023
run_greedy_dara_42,37,3,relay,49.930000000000014,0.0,failed,0,0.0,0.0
run_greedy_dara_42,37,4,relay,72.91060449354731,0.0,active,1,50.776197685115534,168.67499829885983
run_greedy_dara_42,37,5,relay,98.28898689375501,0.0,active,2,50.77874233115,168.68345135935874
run_greedy_dara_42,37,6,relay,123.64109803208999,0.0,active,2,50.7663586876393,168.64231413109138
run_greedy_dara_42,37,7,relay,149.14692206999993,0.0,active,2,50.75652594091901,168.6096507269856
run_greedy_dara_42,37,8,relay,174.6003891339998,0.0,active,2,54.12560063093174,179.80142677830267
run_greedy_dara_42,38,0,ground_a,0.0,0.0,active,1,51.26588754157606,170.3016999251099
run_greedy_dara_42,38,1,ground_b,200.0,0.0,active,1,50.76281034558859,168.63052689207322
run_greedy_dara_42,38,2,relay,22.70999999999997,0.0,active,1,58.558998212933716,194.52880147563025
run_greedy_dara_42,38,3,relay,49.930000000000014,0.0,failed,0,0.0,0.0
run_greedy_dara_42,38,4,relay,72.77742314548311,0.0,active,1,50.76871131721563,168.6501293311717
run_greedy_dara_42,38,5,relay,98.19439851686951,0.0,active,2,50.767609467691656,168.6464690969541
run_greedy_dara_42,38,6,relay,123.62272236903499,0.0,active,2,50.761192879234095,168.6251538303223
run_greedy_dara_42,38,7,relay,149.10571005999992,0.0,active,2,50.759384448740285,168.61914640463263
run_greedy_dara_42,38,8,relay,174.5526481916998,0.0,active,2,54.11726442806204,179.7737345473275
run_greedy_dara_42,39,0,ground_a,0.0,0.0,active,1,51.30219488284814,170.4223094047477
run_greedy_dara_42,39,1,ground_b,200.0,0.0,active,1,50.75546832350801,168.60613742743084
run_greedy_dara_42,39,2,relay,22.499999999999968,0.0,active,1,58.64775976731792,194.8236605701756
run_greedy_dara_42,39,3,relay,49.930000000000014,0.0,failed,0,0.0,0.0
run_greedy_dara_42,39,4,relay,72.64419620183817,0.0,active,1,50.75147133766595,168.59285983949496
run_greedy_dara_42,39,5,relay,98.14981013998401,0.0,active,2,50.75157630201763,168.59320852059108
run_greedy_dara_42,39,6,relay,123.65434670597999,0.0,active,2,50.76450804126645,168.63616646826762
run_greedy_dara_42,39,7,relay,149.0268616529999,0.0,active,2,50.76611410687828,168.6415016578897
run_greedy_dara_42,39,8,relay,174.5149072493998,0.0,active,2,54.10618587816328,179.7369325548696
run_greedy_dara_42,40,0,ground_a,0.0,0.0,active,1,51.33989822936218,170.5475562868217
run_greedy_dara_42,40,1,ground_b,200.0,0.0,active,1,50.742519336685234,168.56312218631606
run_greedy_dara_42,40,2,relay,22.27999999999997,0.0,active,1,58.74164106273068,195.13552706177347
run_greedy_dara_42,40,3,relay,49.930000000000014,0.0,failed,0,0.0,0.0
run_greedy_dara_42,40,4,relay,72.51093734128672,0.0,active,1,50.734161305181715,168.5353576408842
run_greedy_dara_42,40,5,relay,98.10522176309851,0.0,active,2,50.740366140486266,168.55596948379429
run_greedy_dara_42,40,6,relay,123.635971042925,0.0,active,2,50.762967376344506,168.63104853343953
run_greedy_dara_42,40,7,relay,148.9980132459999,0.0,active,2,50.77078345817887,168.65701277703562
run_greedy_dara_42,40,8,relay,174.4484885897898,0.0,active,2,54.09740661421046,179.70776844372614
run_greedy_dara_42,41,0,ground_a,0.0,0.0,active,1,51.378954499795356,170.67729746013828
run_greedy_dara_42,41,1,ground_b,200.0,0.0,active,1,50.7393128224643,168.55247046644962
run_greedy_dara_42,41,2,relay,22.04999999999997,0.0,active,1,58.84078610208303,195.46487931840718
run_greedy_dara_42,41,3,relay,49.930000000000014,0.0,failed,0,0.0,0.0
run_greedy_dara_42,41,4,relay,72.3776561389007,0.0,active,1,50.72592621623234,168.50800149877276
run_greedy_dara_42,41,5,relay,98.01400989927866,0.0,active,2,50.73402030720961,168.53488925992633
run_greedy_dara_42,41,6,relay,123.56759537987,0.0,active,2,50.75205241307464,168.59479011430338
run_greedy_dara_42,41,7,relay,149.01916483899993,0.0,active,2,50.76574593836818,168.64027863846667
run_greedy_dara_42,41,8,relay,174.4320699301798,0.0,active,2,54.09798703938301,179.7096964912148
run_greedy_dara_42,42,0,ground_a,0.0,0.0,active,1,51.41931927827909,170.81138538024962
run_greedy_dara_42,42,1,ground_b,200.0,0.0,active,1,50.74586881019411,168.57424880272424
run_greedy_dara_42,42,2,relay,21.80999999999997,0.0,active,1,58.945350523036495,195.81223435789258
run_greedy_dara_42,42,3,relay,49.930000000000014,0.0,failed,0,0.0,0.0
run_greedy_dara_42,42,4,relay,72.24435929723049,0.0,active,1,50.72407467301346,168.50185085738502
run_greedy_dara_42,42,5,relay,97.89016159460476,0.0,active,2,50.73153347053643,168.52662823706652
run_greedy_dara_42,42,6,relay,123.4597324157315,0.0,active,2,50.74279774012254,168.56404701476822
run_greedy_dara_42,42,7,relay,148.99031643199993,0.0,active,2,50.751985460332,168.59456770375257
run_greedy_dara_42,42,8,relay,174.4656512705698,0.0,active,2,54.09819879813202,179.7104000699311
run_greedy_dara_42,43,0,ground_a,0.0,0.0,active,1,51.46094684788588,170.94966818068886
run_greedy_dara_42,43,1,ground_b,200.0,0.0,active,1,50.762131897988226,168.6282731568371
run_greedy_dara_42,43,2,relay,21.55999999999997,0.0,active,1,59.05550252244447,196.1781509188052
run_greedy_dara_42,43,3,relay,49.930000000000014,0.0,failed,0,0.0,0.0
run_greedy_dara_42,43,4,relay,72.11105150806134,0.0,active,1,50.72669759404792,168.51056393873193
run_greedy_dara_42,43,5,relay,97.74346778133304,0.0,active,2,50.73077402043589,168.524105419634
run_greedy_dara_42,43,6,relay,123.33422834083454,0.0,active,2,50.73532620603735,168.5392273250911
run_greedy_dara_42,43,7,relay,148.92012254709994,0.0,active,2,50.73158087034019,168.52678569435363
run_greedy_dara_42,43,8,relay,174.54915820884278,0.0,active,2,54.098843806538284,179.7125430681684
run_greedy_dara_42,44,0,ground_a,0.0,0.0,active,1,51.50379021308699,171.0919897475675
run_greedy_dara_42,44,1,ground_b,200.0,0.0,active,1,50.77058253836849,168.65634534122597
run_greedy_dara_42,44,2,relay,21.29999999999997,0.0,active,1,59.17142389011566,196.5632328945679
run_greedy_dara_42,44,3,relay,49.930000000000014,0.0,failed,0,0.0,0.0
run_greedy_dara_42,44,4,relay,71.97773605564294,0.0,active,1,50.73049049353865,168.52316357157477
run_greedy_dara_42,44,5,relay,97.59078211204283,0.0,active,2,50.731219743366104,168.5255860665937
run_greedy_dara_42,44,6,relay,123.19637548840667,0.0,active,2,50.72234543679535,168.4961065079398
run_greedy_dara_42,44,7,relay,148.89992866219993,0.0,active,2,50.7138042313059,168.46773347765588
run_greedy_dara_42,44,8,relay,174.59266514711578,0.0,active,2,54.10077064908246,179.71894402778722
run_greedy_dara_42,45,0,ground_a,0.0,0.0,active,1,51.54780110927038,171.23818975118854
run_greedy_dara_42,45,1,ground_b,200.0,0.0,active,1,50.77126304747836,168.65860592462786
run_greedy_dara_42,45,2,relay,21.02999999999997,0.0,active,1,59.29331116666883,196.96813317976066
run_greedy_dara_42,45,3,relay,49.930000000000014,0.0,failed,0,0.0,0.0
run_greedy_dara_42,45,4,relay,71.84441523895005,0.0,active,1,50.73509950332679,168.53847424134506
run_greedy_dara_42,45,5,relay,97.43390214353968,0.0,active,2,50.72676121384304,168.51077527755393
run_greedy_dara_42,45,6,relay,123.1085226359788,0.0,active,2,50.71325136667349,168.46589691676698
run_greedy_dara_42,45,7,relay,148.83579294276993,0.0,active,2,50.70482184774434,168.43789489879805
run_greedy_dara_42,45,8,relay,174.5961720853888,0.0,active,2,54.09477874227984,179.6990395280353
run_greedy_dara_42,46,0,ground_a,0.0,0.0,active,1,51.59292999733397,171.38810362808144
run_greedy_dara_42,46,1,ground_b,200.0,0.0,active,1,50.764176829620226,168.63506621569394
run_greedy_dara_42,46,2,relay,20.749999999999968,0.0,active,1,59.42137694270944,197.39355798589145
run_greedy_dara_42,46,3,relay,49.930000000000014,0.0,failed,0,0.0,0.0
run_greedy_dara_42,46,4,relay,71.71109066726503,0.0,active,1,50.72992568499072,168.52128733404984
run_greedy_dara_42,46,5,relay,97.32702217503653,0.0,active,2,50.71739175788222,168.47965088241668
run_greedy_dara_42,46,6,relay,123.07066978355094,0.0,active,2,50.7041354746017,168.4356148359256
run_greedy_dara_42,46,7,relay,148.82165722333994,0.0,active,2,50.704688993760215,168.43745357113866
run_greedy_dara_42,46,8,relay,174.5596790236618,0.0,active,2,54.09012156666778,179.6835687040508
run_greedy_dara_42,47,0,ground_a,0.0,0.0,active,1,51.639126041317226,171.541562506692
run_greedy_dara_42,47,1,ground_b,200.0,0.0,active,1,50.75142219811701,168.5926966028198
run_greedy_dara_42,47,2,relay,20.45999999999997,0.0,active,1,59.555851319492774,197.8402716936136
run_greedy_dara_42,47,3,relay,49.930000000000014,0.0,failed,0,0.0,0.0
run_greedy_dara_42,47,4,relay,71.57776346708552,0.0,active,1,50.71493683709453,168.47149588072443
run_greedy_dara_42,47,5,relay,97.2701422065334,0.0,active,2,50.70309520767103,168.43215917382486
run_greedy_dara_42,47,6,relay,123.08281693112308,0.0,active,2,50.7044138741014,168.43653965174303
run_greedy_dara_42,47,7,relay,148.76176221973893,0.0,active,2,50.71232530176722,168.46282062184633
run_greedy_dara_42,47,8,relay,174.4941338804529,0.0,active,2,54.07838496650866,179.6445806198065
run_greedy_dara_42,48,0,ground_a,0.0,0.0,active,1,51.68633706700942,171.69839306987933
run_greedy_dara_42,48,1,ground_b,200.0,0.0,active,1,50.734657403731944,168.53700563068006
run_greedy_dara_42,48,2,relay,20.159999999999968,0.0,active,1,59.69698355475117,198.30910232004513
run_greedy_dara_42,48,3,relay,49.930000000000014,0.0,failed,0,0.0,0.0
run_greedy_dara_42,48,4,relay,71.44443442695986,0.0,active,1,50.69003898789357,168.38878771951994
run_greedy_dara_42,48,5,relay,97.26326223803025,0.0,active,2,50.693700864186525,168.4009521055715
run_greedy_dara_42,48,6,relay,123.04496407869522,0.0,active,2,50.70472319961278,168.43756719972606
run_greedy_dara_42,48,7,relay,148.75186721613792,0.0,active,2,50.7170418285245,168.47848845167715
run_greedy_dara_42,48,8,relay,174.40825228020665,0.0,active,2,54.0697881773865,179.6160225905505
run_greedy_dara_42,49,0,ground_a,0.0,0.0,active,1,51.73450949947994,171.85841734739327
run_greedy_dara_42,49,1,ground_b,200.0,0.0,active,1,50.71503775602379,168.47183112330728
run_greedy_dara_42,49,2,relay,19.84999999999997,0.0,active,1,59.84504392158695,198.80094769387685
run_greedy_dara_42,49,3,relay,49.930000000000014,0.0,failed,0,0.0,0.0
run_greedy_dara_42,49,4,relay,71.3111040988719,0.0,active,1,50.6745131724484,168.33721251776814
run_greedy_dara_42,49,5,relay,97.20844626007805,0.0,active,2,50.689058288676456,168.3855299357234
run_greedy_dara_42,49,6,relay,122.9584670819957,0.0,active,2,50.70493643737031,168.43827555403095
run_greedy_dara_42,49,7,relay,148.69494071361723,0.0,active,2,50.718365459320765,168.48288542112905
run_greedy_dara_42,49,8,relay,174.30813516003428,0.0,active,2,54.055366392608896,179.56811445240126
run_greedy_dara_42,50,0,ground_a,0.0,0.0,active,1,51.78358827752044,172.0214524316559
run_greedy_dara_42,50,1,ground_b,200.0,0.0,active,1,50.70518562172998,168.43910331951315
run_greedy_dara_42,50,2,relay,19.52999999999997,0.0,active,1,60.000325813435104,199.3167824479064
run_greedy_dara_42,50,3,relay,49.930000000000014,0.0,failed,0,0.0,0.0
run_greedy_dara_42,50,4,relay,71.17777286921032,0.0,active,1,50.66758358570394,168.31419312611305
run_greedy_dara_42,50,5,relay,97.1100750755115,0.0,active,2,50.68679170821852,168.37800058319874
run_greedy_dara_42,50,6,relay,122.84791918430605,0.0,active,2,50.70508190598725,168.4387587862052
run_greedy_dara_42,50,7,relay,148.59509216185273,0.0,active,2,50.71244062107855,168.4632037011882
run_greedy_dara_42,50,8,relay,174.25801803986192,0.0,active,2,54.04118441551098,179.5210031378377
run_greedy_dara_42,51,0,ground_a,0.0,0.0,active,1,51.833516743078306,172.18731011046617
run_greedy_dara_42,51,1,ground_b,200.0,0.0,active,1,50.70516257383311,168.43902675670788
run_greedy_dara_42,51,2,relay,19.199999999999967,0.0,active,1,60.163148134289806,199.85766595919839
run_greedy_dara_42,51,3,relay,49.930000000000014,0.0,failed,0,0.0,0.0
run_greedy_dara_42,51,4,relay,71.04444100844721,0.0,active,1,50.66669643326466,168.3112460947744
run_greedy_dara_42,51,5,relay,96.98121524631492,0.0,active,2,50.67961821427724,168.35417095508706
run_greedy_dara_42,51,6,relay,122.78737128661639,0.0,active,2,50.70516683462919,168.4390409111641
run_greedy_dara_42,51,7,relay,148.4651981756176,0.0,active,2,50.70649373818008,168.4434487517792
run_greedy_dara_42,51,8,relay,174.25790091968958,0.0,active,2,54.02840095094439,179.47853774804116
run_greedy_dara_42,52,0,ground_a,0.0,0.0,active,1,51.88423650389862,172.3557964107063
run_greedy_dara_42,52,1,ground_b,200.0,0.0,active,1,50.69726827748589,168.4128026950232
run_greedy_dara_42,52,2,relay,18.859999999999967,0.0,active,1,60.33385802093908,200.42475139215145
run_greedy_dara_42,52,3,relay,49.930000000000014,0.0,failed,0,0.0,0.0
run_greedy_dara_42,52,4,relay,70.91110870591304,0.0,active,1,50.67004211810219,168.3223601239456
run_greedy_dara_42,52,5,relay,96.83101336587731,0.0,active,2,50.676568673047655,168.34404068465193
run_greedy_dara_42,52,6,relay,122.68498775823363,0.0,active,2,50.69823649812152,168.41601902771174
run_greedy_dara_42,52,7,relay,148.38530418938245,0.0,active,2,50.70035694964973,168.42306295505918
run_greedy_dara_42,52,8,relay,174.2178189355689,0.0,active,2,54.0170394537053,179.4407958278764
run_greedy_dara_42,53,0,ground_a,0.0,0.0,active,1,51.93568726778685,172.52671104777434
run_greedy_dara_42,53,1,ground_b,200.0,0.0,active,1,50.683833806057805,168.36817472761942
run_greedy_dara_42,53,2,relay,18.509999999999966,0.0,active,1,60.51283395320401,201.01929603048868
run_greedy_dara_42,53,3,relay,49.930000000000014,0.0,failed,0,0.0,0.0
run_greedy_dara_42,53,4,relay,70.77777609413911,0.0,active,1,50.67634421100715,168.34329504413486
run_greedy_dara_42,53,5,relay,96.66587204957099,0.0,active,2,50.676408430835544,168.3435083759614
run_greedy_dara_42,53,6,relay,122.5533192883657,0.0,active,2,50.68490734643454,168.37174092132759
run_greedy_dara_42,53,7,relay,148.3554102031473,0.0,active,2,50.69410536042031,168.4022958014802
run_greedy_dara_42,53,8,relay,174.14976154668446,0.0,active,2,54.008211833033165,179.41147107734088
run_greedy_dara_42,54,0,ground_a,0.0,0.0,active,1,51.987806647160525,172.69984677632007
run_greedy_dara_42,54,1,ground_b,200.0,0.0,active,1,50.68026287413838,168.3563124499339
run_greedy_dara_42,54,2,relay,18.149999999999967,0.0,active,1,60.70048931958101,201.64267312206402
run_greedy_dara_42,54,3,relay,49.930000000000014,0.0,failed,0,0.0,0.0
run_greedy_dara_42,54,4,relay,70.64444326589737,0.0,active,1,50.682637885830275,168.36420200056045
run_greedy_dara_42,54,5,relay,96.50073073326467,0.0,active,2,50.678270634315716,168.34969442915565
run_greedy_dara_42,54,6,relay,122.40115135945815,0.0,active,2,50.67559526076778,168.34080710659566
run_greedy_dara_42,54,7,relay,148.2844844127827,0.0,active,2,50.68085882269216,168.35829213129406
run_greedy_dara_42,54,8,relay,174.13170415780002,0.0,active,2,53.99965682607776,179.3830521278487
run_greedy_dara_42,55,0,ground_a,0.0,0.0,active,1,52.04052993288248,172.87498863893666
run_greedy_dara_42,55,1,ground_b,200.0,0.0,active,1,50.68657784040738,168.37729013456914
run_greedy_dara_42,55,2,relay,17.779999999999966,0.0,active,1,60.89727651981561,202.2963855073169
run_greedy_dara_42,55,3,relay,49.930000000000014,0.0,failed,0,0.0,0.0
run_greedy_dara_42,55,4,relay,70.51111028612814,0.0,active,1,50.6790394806732,168.35224845956344
run_greedy_dara_42,55,5,relay,96.38558941695835,0.0,active,2,50.68056610419732,168.35731974978125
run_greedy_dara_42,55,6,relay,122.24463380922286,0.0,active,2,50.674054473518,168.33568876616198
run_greedy_dara_42,55,7,relay,148.18483635952748,0.0,active,2,50.66218274353503,168.29625207076728
run_greedy_dara_42,55,8,relay,174.16364676891556,0.0,active,2,53.992518867971235,179.3593406790841
run_greedy_dara_42,56,0,ground_a,0.0,0.0,active,1,52.093789836765666,173.0519131107825
run_greedy_dara_42,56,1,ground_b,200.0,0.0,active,1,50.68498571182009,168.37200124304775
run_greedy_dara_42,56,2,relay,17.399999999999967,0.0,active,1,61.1036917035507,202.98208136071972
run_greedy_dara_42,56,3,relay,49.930000000000014,0.0,failed,0,0.0,0.0
run_greedy_dara_42,56,4,relay,70.37777720028969,0.0,active,1,50.678498412222424,168.35045108444868
run_greedy_dara_42,56,5,relay,96.25499049554392,0.0,active,2,50.67791329228367,168.34850737471322
run_greedy_dara_42,56,6,relay,122.13811625898758,0.0,active,2,50.66602331592312,168.30901006696533
run_greedy_dara_42,56,7,relay,148.13518830627225,0.0,active,2,50.65239728325781,168.26374575472846
run_greedy_dara_42,56,8,relay,174.1555893800311,0.0,active,2,53.986892678226276,179.3406510086612
run_greedy_dara_42,57,0,ground_a,0.0,0.0,active,1,52.14751620261491,173.2303871396852
run_greedy_dara_42,57,1,ground_b,200.0,0.0,active,1,50.67595715105996,168.34200926982584
run_greedy_dara_42,57,2,relay,17.009999999999966,0.0,active,1,61.320280266291384,203.70157244797727
run_greedy_dara_42,57,3,relay,49.930000000000014,0.0,failed,0,0.0,0.0
run_greedy_dara_42,57,4,relay,70.24444404020277,0.0,active,1,50.66805063409586,168.31574461398435
run_greedy_dara_42,57,5,relay,96.1743915741295,0.0,active,2,50.670304725966524,168.3232324809286
run_greedy_dara_42,57,6,relay,122.0815987087523,0.0,active,2,50.65797630068424,168.2822786907634
run_greedy_dara_42,57,7,relay,148.13554025301704,0.0,active,2,50.651308870384995,168.2601301567327
run_greedy_dara_42,57,8,relay,174.10994920781198,0.0,active,2,53.983037634521985,179.3278447519485
run_greedy_dara_42,58,0,ground_a,0.0,0.0,active,1,52.20163568622873,173.41016708313418
run_greedy_dara_42,58,1,ground_b,200.0,0.0,active,1,50.66168930514419,168.2946129179397
run_greedy_dara_42,58,2,relay,16.609999999999967,0.0,active,1,61.54764325183722,204.4568553944454
run_greedy_dara_42,58,3,relay,49.930000000000014,0.0,failed,0,0.0,0.0
run_greedy_dara_42,58,4,relay,70.11111082814192,0.0,active,1,50.662709515983664,168.29800195589246
run_greedy_dara_42,58,5,relay,96.06797232913941,0.0,active,2,50.65771563228346,168.28141277590447
run_greedy_dara_42,58,6,relay,122.07508115851701,0.0,active,2,50.65235338489784,168.26359992877076
run_greedy_dara_42,58,7,relay,148.08589219976182,0.0,active,2,50.65781906891322,168.28175638202765
run_greedy_dara_42,58,8,relay,174.0380010872586,0.0,active,2,53.971994739850174,179.29116106884402
run_greedy_dara_42,59,0,ground_a,0.0,0.0,active,1,52.25607140542756,173.590997545703
run_greedy_dara_42,59,1,ground_b,200.0,0.0,active,1,50.657328276317656,168.2801260182167
run_greedy_dara_42,59,2,relay,16.199999999999967,0.0,active,1,61.78644484583002,205.25013657815663
run_greedy_dara_42,59,3,relay,49.930000000000014,0.0,failed,0,0.0,0.0
run_greedy_dara_42,59,4,relay,69.97777757969932,0.0,active,1,50.64741262153585,168.24718720946422
run_greedy_dara_42,59,5,relay,96.01155308414931,0.0,active,2,50.64010709897081,168.22291899823196
run_greedy_dara_42,59,6,relay,122.11856360828172,0.0,active,2,50.655119390624904,168.27278832350038
run_greedy_dara_42,59,7,relay,148.00113856248316,0.0,active,2,50.66430276881392,168.30329458237003
run_greedy_dara_42,59,8,relay,174.01605296670522,0.0,active,2,53.96171540420753,179.25701405832044
run_greedy_dara_42,60,0,ground_a,0.0,0.0,active,1,52.310742561904306,173.7726101228681
run_greedy_dara_42,60,1,ground_b,200.0,0.0,active,1,50.64630986093748,168.2435239496138
run_greedy_dara_42,60,2,relay,15.779999999999967,0.0,active,1,62.03742119055307,206.08386141194867
run_greedy_dara_42,60,3,relay,49.930000000000014,0.0,failed,0,0.0,0.0
run_greedy_dara_42,60,4,relay,69.84444430578951,0.0,active,1,50.62206363672419,168.16298043220993
run_greedy_dara_42,60,5,relay,96.00513383915921,0.0,active,2,50.627442427977854,168.18084823535014
run_greedy_dara_42,60,6,relay,122.11204605804643,0.0,active,2,50.65792219302418,168.28209895192396
run_greedy_dara_42,60,7,relay,147.96638492520452,0.0,active,2,50.66914604065886,168.31938344525636
run_greedy_dara_42,60,8,relay,173.96068928231784,0.0,active,2,53.95359771712001,179.23004769036885
run_greedy_dara_42,61,0,ground_a,0.0,0.0,active,1,52.365564037511035,173.95472205990717
run_greedy_dara_42,61,1,ground_b,200.0,0.0,active,1,50.64524102964489,168.239973399514
run_greedy_dara_42,61,2,relay,15.349999999999968,0.0,active,1,62.30139080987738,206.96074897438461
run_greedy_dara_42,61,3,relay,49.930000000000014,0.0,failed,0,0.0,0.0
run_greedy_dara_42,61,4,relay,69.71111101405263,0.0,active,1,50.60624868553475,168.11044475761227
run_greedy_dara_42,61,5,relay,95.95064036766614,0.0,active,2,50.61973716366461,168.15525212358222
run_greedy_dara_42,61,6,relay,122.05552850781115,0.0,active,2,50.651019391264974,168.2591685370244
run_greedy_dara_42,61,7,relay,147.98163128792586,0.0,active,2,50.66408955112683,168.30258629413044
run_greedy_dara_42,61,8,relay,173.95532559793048,0.0,active,2,53.95466230655047,179.23358412757096
run_greedy_dara_42,62,0,ground_a,0.0,0.0,active,1,52.42044596849833,174.13703483755688
run_greedy_dara_42,62,1,ground_b,200.0,0.0,active,1,50.65412848488161,168.26949663254524
run_greedy_dara_42,62,2,relay,14.909999999999968,0.0,active,1,62.57926700980202,207.8838332034552
run_greedy_dara_42,62,3,relay,49.930000000000014,0.0,failed,0,0.0,0.0
run_greedy_dara_42,62,4,relay,69.57777770983682,0.0,active,1,50.599173253599375,168.08694088606512
run_greedy_dara_42,62,5,relay,95.85249493762099,0.0,active,2,50.61634098539587,168.14397036180355
run_greedy_dara_42,62,6,relay,121.95596622264645,0.0,active,2,50.63521964167147,168.20668335653573
run_greedy_dara_42,62,7,relay,148.0423037418308,0.0,active,2,50.64974094498228,168.25492166646023
run_greedy_dara_42,62,8,relay,173.9999619135431,0.0,active,2,53.96444941911249,179.26609611514135
run_greedy_dara_42,63,0,ground_a,0.0,0.0,active,1,52.47529330220701,174.3192326993801
run_greedy_dara_42,63,1,ground_b,200.0,0.0,active,1,50.672244632347784,168.32967665520846
run_greedy_dara_42,63,2,relay,14.459999999999969,0.0,active,1,62.872072720680634,208.85651220138686
run_greedy_dara_42,63,3,relay,49.930000000000014,0.0,failed,0,0.0,0.0
run_greedy_dara_42,63,4,relay,69.44444439688576,0.0,active,1,50.59824119072955,168.08384466720662
run_greedy_dara_42,63,5,relay,95.72379313658938,0.0,active,2,50.61497493053912,168.13943246512838
run_greedy_dara_42,63,6,relay,121.83627262303116,0.0,active,2,50.62127074570307,168.16034652843797
run_greedy_dara_42,63,7,relay,148.05297619573574,0.0,active,2,50.628678891338346,168.18495564314014
run_greedy_dara_42,63,8,relay,174.09120733447193,0.0,active,2,53.973231132199274,179.29526845922152
run_greedy_dara_42,64,0,ground_a,0.0,0.0,active,1,52.53000534177107,174.5009811393065
run_greedy_dara_42,64,1,ground_b,200.0,0.0,active,1,50.68238878354764,168.36337450776082
run_greedy_dara_42,64,2,relay,13.999999999999968,0.0,active,1,63.18095838084667,209.8826076427568
run_greedy_dara_42,64,3,relay,49.930000000000014,0.0,failed,0,0.0,0.0
run_greedy_dara_42,64,4,relay,69.31111107782002,0.0,active,1,50.601612764707525,168.09504469597823
run_greedy_dara_42,64,5,relay,95.57370187586726,0.0,active,2,50.60861300313891,168.1182987825609
run_greedy_dara_42,64,6,relay,121.76657902341587,0.0,active,2,50.610173319452336,168.12348199604844
run_greedy_dara_42,64,7,relay,148.0136486496407,0.0,active,2,50.616589150248444,168.14479473993495
run_greedy_dara_42,64,8,relay,174.14245275540077,0.0,active,2,53.97364943899579,179.29665824524443
run_greedy_dara_42,65,0,ground_a,0.0,0.0,active,1,52.584475285511914,174.68192537153843
run_greedy_dara_42,65,1,ground_b,200.0,0.0,active,1,50.684611934963016,168.3707595938102
run_greedy_dara_42,65,2,relay,13.529999999999967,0.0,active,1,63.507223640620204,210.96643687364184
run_greedy_dara_42,65,3,relay,49.930000000000014,0.0,failed,0,0.0,0.0
run_greedy_dara_42,65,4,relay,69.177777754474,0.0,active,1,50.60799023331852,168.11623000381886
run_greedy_dara_42,65,5,relay,95.40863799336176,0.0,active,2,50.59718131330745,168.0803238616915
run_greedy_dara_42,65,6,relay,121.74688542380058,0.0,active,2,50.60236039702386,168.09752825600447
run_greedy_dara_42,65,7,relay,147.92611936737416,0.0,active,2,50.61349883948246,168.13452903849253
run_greedy_dara_42,65,8,relay,174.1536981763296,0.0,active,2,53.96582969492947,179.27068189009182
run_greedy_dara_42,66,0,ground_a,0.0,0.0,active,1,52.638589768876585,174.8616888089077
run_greedy_dara_42,66,1,ground_b,200.0,0.0,active,1,50.67892524850241,168.35186899175142
run_greedy_dara_42,66,2,relay,13.049999999999967,0.0,active,1,63.85234390893331,212.1129010975969
run_greedy_dara_42,66,3,relay,49.930000000000014,0.0,failed,0,0.0,0.0
run_greedy_dara_42,66,4,relay,69.04444442813178,0.0,active,1,50.604319326428154,168.1040356211443
run_greedy_dara_42,66,5,relay,95.29357411085628,0.0,active,2,50.590764522100145,168.0590079288367
run_greedy_dara_42,66,6,relay,121.67719182418529,0.0,active,2,50.59455369224017,168.07159517015532
run_greedy_dara_42,66,7,relay,147.8885900851076,0.0,active,2,50.60939221195409,168.120887235576
run_greedy_dara_42,66,8,relay,174.12494359725846,0.0,active,2,53.959636604877424,179.2501089484291
run_greedy_dara_42,67,0,ground_a,0.0,0.0,active,1,52.69222841797561,175.0398715797653
run_greedy_dara_42,67,1,ground_b,200.0,0.0,active,1,50.6670117997634,168.31229371062173
run_greedy_dara_42,67,2,relay,12.559999999999967,0.0,active,1,64.218003098942,213.32759415422152
run_greedy_dara_42,67,3,relay,49.930000000000014,0.0,failed,0,0.0,0.0
run_greedy_dara_42,67,4,relay,68.91111109969223,0.0,active,1,50.59057693061452,168.0583847682361
run_greedy_dara_42,67,5,relay,95.2285102283508,0.0,active,2,50.5883083399302,168.05084873891906
run_greedy_dara_42,67,6,relay,121.56840630445458,0.0,active,2,50.58677022312355,168.04573927009992
run_greedy_dara_42,67,7,relay,147.90106080284107,0.0,active,2,50.60447523575096,168.10455353715648
run_greedy_dara_42,67,8,relay,174.06481539190867,0.0,active,2,53.955829689731694,179.23746250863456
run_greedy_dara_42,68,0,ground_a,0.0,0.0,active,1,52.74526342498882,175.21604911751484
run_greedy_dara_42,68,1,ground_b,200.0,0.0,active,1,50.65069857112967,168.25810280373528
run_greedy_dara_42,68,2,relay,12.059999999999967,0.0,active,1,64.60613439407699,214.61693794104673
run_greedy_dara_42,68,3,relay,49.930000000000014,0.0,failed,0,0.0,0.0
run_greedy_dara_42,68,4,relay,68.77777776978455,0.0,active,1,50.566676367737784,167.97898951184845
run_greedy_dara_42,68,5,relay,95.21344634584531,0.0,active,2,50.587539182093685,168.048293675645
run_greedy_dara_42,68,6,relay,121.44225644064309,0.0,active,2,50.58899671383694,168.05313544881147
run_greedy_dara_42,68,7,relay,147.86353152057453,0.0,active,2,50.59997895963199,168.0896173633335
run_greedy_dara_42,68,8,relay,173.9827256481638,0.0,active,2,53.94519106421225,179.20212172532857
run_greedy_dara_42,69,0,ground_a,0.0,0.0,active,1,52.79755915689867,175.3897708608573
run_greedy_dara_42,69,1,ground_b,200.0,0.0,active,1,50.63125742606711,168.1935212749549
run_greedy_dara_42,69,2,relay,11.549999999999967,0.0,active,1,65.01897151274832,215.98835271119546
run_greedy_dara_42,69,3,relay,49.930000000000014,0.0,failed,0,0.0,0.0
run_greedy_dara_42,69,4,relay,68.64444443884916,0.0,active,1,50.55282598163315,167.93297992958037
run_greedy_dara_42,69,5,relay,95.14838246333983,0.0,active,2,50.581726969807654,168.02898609445668
run_greedy_dara_42,69,6,relay,121.3661065768316,0.0,active,2,50.59113401540205,168.06023534895957
run_greedy_dara_42,69,7,relay,147.77726102298794,0.0,active,2,50.602121786191105,168.09673561711787
run_greedy_dara_42,69,8,relay,173.8852628275424,0.0,active,2,53.92844708027016,179.14649949449756
run_greedy_dara_42,70,0,ground_a,0.0,0.0,active,1,52.84897181014915,175.56055910659686
run_greedy_dara_42,70,1,ground_b,200.0,0.0,active,1,50.62176113521953,168.16197555267092
run_greedy_dara_42,70,2,relay,11.029999999999967,0.0,active,1,65.4591138920837,217.45047360907122
run_greedy_dara_42,70,3,relay,49.930000000000014,0.0,failed,0,0.0,0.0
run_greedy_dara_42,70,4,relay,68.5111111071944,0.0,active,1,50.54717689526433,167.91421423619622
run_greedy_dara_42,70,5,relay,95.04283774558598,0.0,active,2,50.57092012920465,167.99308686051558
run_greedy_dara_42,70,6,relay,121.3399567130201,0.0,active,2,50.59266894671986,168.0653342346805
run_greedy_dara_42,70,7,relay,147.65687167467735,0.0,active,2,50.60434166440366,168.10410982626865
run_greedy_dara_42,70,8,relay,173.837800006921,0.0,active,2,53.91247510852322,179.09344201743642
run_greedy_dara_42,71,0,ground_a,0.0,0.0,active,1,52.899349124870355,175.72790806031952
run_greedy_dara_42,71,1,ground_b,200.0,0.0,active,1,50.60707349985299,168.11318470764166
run_greedy_dara_42,71,2,relay,10.499999999999968,0.0,active,1,65.92961058622927,219.0134293744776
run_greedy_dara_42,71,3,relay,49.930000000000014,0.0,failed,0,0.0,0.0
run_greedy_dara_42,71,4,relay,68.37777777503607,0.0,active,1,50.5472883546815,167.9145844931013
run_greedy_dara_42,71,5,relay,94.9089564431583,0.0,active,2,50.555038577967146,167.94032995100838
run_greedy_dara_42,71,6,relay,121.36380684920861,0.0,active,2,50.59361722260601,168.06848431466608
run_greedy_dara_42,71,7,relay,147.5125991308599,0.0,active,2,50.61409631056973,168.1365137775292
run_greedy_dara_42,71,8,relay,173.764576032486,0.0,active,2,53.89199211622754,179.02539928030222
run_greedy_dara_42,72,0,ground_a,0.0,0.0,active,1,52.9485301732103,175.89128313324986
run_greedy_dara_42,72,1,ground_b,200.0,0.0,active,1,50.588705533359814,168.05216817539255
run_greedy_dara_42,72,2,relay,9.959999999999969,0.0,active,1,66.43406972044653,220.68920594125422
run_greedy_dara_42,72,3,relay,49.930000000000014,0.0,failed,0,0.0,0.0
run_greedy_dara_42,72,4,relay,68.24444444252524,0.0,active,1,50.5514326367509,167.92835137882992
run_greedy_dara_42,72,5,relay,94.75523953145893,0.0,active,2,50.54414385253292,167.90413877537145
run_greedy_dara_42,72,6,relay,121.33765698539712,0.0,active,2,50.5874585276826,168.04802575693145
run_greedy_dara_42,72,7,relay,147.4183265870425,0.0,active,2,50.620601329959996,168.15812279739825
run_greedy_dara_42,72,8,relay,173.6733192503815,0.0,active,2,53.875100742336286,178.96928746545842
run_greedy_dara_42,73,0,ground_a,0.0,0.0,active,1,52.996345237020975,176.05012053593626
run_greedy_dara_42,73,1,ground_b,200.0,0.0,active,1,50.580378353800796,168.0245061254498
run_greedy_dara_42,73,2,relay,9.40999999999997,0.0,active,1,66.97680345036827,222.49212798149804
run_greedy_dara_42,73,3,relay,49.930000000000014,0.0,failed,0,0.0,0.0
run_greedy_dara_42,73,4,relay,68.11111110976765,0.0,active,1,50.54541001386988,167.90834483500814
run_greedy_dara_42,73,5,relay,94.65152261975955,0.0,active,2,50.53832127754554,167.88479677068375
run_greedy_dara_42,73,6,relay,121.26150712158562,0.0,active,2,50.58146386694892,168.02811209896964
run_greedy_dara_42,73,7,relay,147.37405404322507,0.0,active,2,50.617114742286645,168.14654070398421
run_greedy_dara_42,73,8,relay,173.632062468277,0.0,active,2,53.86731695638856,178.9434303450144
run_greedy_dara_42,74,0,ground_a,0.0,0.0,active,1,53.042615790596926,176.20382722091202
run_greedy_dara_42,74,1,ground_b,200.0,0.0,active,1,50.5821442697638,168.03037231998712
run_greedy_dara_42,74,2,relay,8.84999999999997,0.0,active,1,67.56302321041576,224.43950750676078
run_greedy_dara_42,74,3,relay,49.930000000000014,0.0,failed,0,0.0,0.0
run_greedy_dara_42,74,4,relay,67.97777777683734,0.0,active,1,50.52918248132998,167.85443861508483
run_greedy_dara_42,74,5,relay,94.59780570806016,0.0,active,2,50.53628015723513,167.8780163756936
run_greedy_dara_42,74,6,relay,121.14820221691758,0.0,active,2,50.575611820541866,168.0086721867906
run_greedy_dara_42,74,7,relay,147.37978149940764,0.0,active,2,50.604886821096514,168.10592078125427
run_greedy_dara_42,74,8,relay,173.6408056861725,0.0,active,2,53.86859805210793,178.9476860514627
run_greedy_dara_42,75,0,ground_a,0.0,0.0,active,1,53.08715460429546,176.35178122691667
run_greedy_dara_42,75,1,ground_b,200.0,0.0,active,1,50.593992181131114,168.0697298858907
run_greedy_dara_42,75,2,relay,8.27999999999997,0.0,active,1,68.19910775650055,226.55253428662562
run_greedy_dara_42,75,3,relay,49.930000000000014,0.0,failed,0,0.0,0.0
run_greedy_dara_42,75,4,relay,67.84444444378613,0.0,active,1,50.52188196522272,167.83018704039637
run_greedy_dara_42,75,5,relay,94.5002038698706,0.0,active,2,50.53687171452172,167.87998146968573
run_greedy_dara_42,75,6,relay,121.00888878364995,0.0,active,2,50.56035926348522,167.95800473030786
run_greedy_dara_42,75,7,relay,147.43379071873545,0.0,active,2,50.58491637725147,168.03958098208568
run_greedy_dara_42,75,8,relay,173.69954890406802,0.0,active,2,53.878780256970416,178.9815105493227
run_greedy_dara_42,76,0,ground_a,0.0,0.0,active,1,53.12976598461124,176.493332476408
run_greedy_dara_42,76,1,ground_b,200.0,0.0,active,1,50.61431887408436,168.13725311074745
run_greedy_dara_42,76,2,relay,7.69999999999997,0.0,active,1,68.89297921197331,228.8575250463032
run_greedy_dara_42,76,3,relay,49.930000000000014,0.0,failed,0,0.0,0.0
run_greedy_dara_42,76,4,relay,67.71111111065028,0.0,active,1,50.5208570466575,167.82678236481485
run_greedy_dara_42,76,5,relay,94.3718825831379,0.0,active,2,50.53932410733538,167.88812807069317
run_greedy_dara_42,76,6,relay,120.85136938036261,0.0,active,2,50.54691406785738,167.91334115054545
run_greedy_dara_42,76,7,relay,147.43779993806325,0.0,active,2,50.558719537801856,167.95255772886526
run_greedy_dara_42,76,8,relay,173.8006691565949,0.0,active,2,53.887396446134915,179.0101330767509
run_greedy_dara_42,77,0,ground_a,0.0,0.0,active,1,53.17024616556107,176.6278040757156
run_greedy_dara_42,77,1,ground_b,200.0,0.0,active,1,50.62656325897585,168.1779277243254
run_greedy_dara_42,77,2,relay,7.10999999999997,0.0,active,1,69.65464394971306,231.3877202380325
run_greedy_dara_42,77,3,relay,49.930000000000014,0.0,failed,0,0.0,0.0
run_greedy_dara_42,77,4,relay,67.57777777745518,0.0,active,1,50.52422861076697,167.83798235905059
run_greedy_dara_42,77,5,relay,94.22205768242502,0.0,active,2,50.53671289714492,167.87945389420952
run_greedy_dara_42,77,6,relay,120.74384997707527,0.0,active,2,50.536336899775556,167.8782048690556
run_greedy_dara_42,77,7,relay,147.39180915739107,0.0,active,2,50.54159842694845,167.89568313015917
run_greedy_dara_42,77,8,relay,173.86178940912174,0.0,active,2,53.887713322401865,179.01118596216125
run_greedy_dara_42,78,0,ground_a,0.0,0.0,active,1,53.20838386499105,176.75449416305386
run_greedy_dara_42,78,1,ground_b,200.0,0.0,active,1,50.63078705278413,168.19195874224326
run_greedy_dara_42,78,2,relay,6.5099999999999705,0.0,active,1,70.4969934172677,234.18594432460472
run_greedy_dara_42,78,3,relay,49.930000000000014,0.0,failed,0,0.0,0.0
run_greedy_dara_42,78,4,relay,67.44444444421862,0.0,active,1,50.530671032071766,167.8593834298466
run_greedy_dara_42,78,5,relay,94.057180251926,0.0,active,2,50.52899535265974,167.85381699261058
run_greedy_dara_42,78,6,relay,120.68633057378793,0.0,active,2,50.52893930314143,167.8536308017887
run_greedy_dara_42,78,7,relay,147.29961561092054,0.0,active,2,50.53361765622324,167.86917181683629
run_greedy_dara_42,78,8,relay,173.8829096616486,0.0,active,2,53.88005306860582,178.98573946288747
run_greedy_dara_42,79,0,ground_a,0.0,0.0,active,1,53.24396101758015,176.87267834350777
run_greedy_dara_42,79,1,ground_b,200.0,0.0,active,1,50.62701150994232,168.1794167689152
run_greedy_dara_42,79,2,relay,5.899999999999971,0.0,active,1,71.43703090964075,237.30868103033902
run_greedy_dara_42,79,3,relay,49.930000000000014,0.0,failed,0,0.0,0.0
run_greedy_dara_42,79,4,relay,67.31111111095302,0.0,active,1,50.52690272031576,167.84686547998328
run_greedy_dara_42,79,5,relay,93.94230282142698,0.0,active,2,50.52459631870695,167.8392038475796
run_greedy_dara_42,79,6,relay,120.5960669914868,0.0,active,2,50.528900167067604,167.85350079585564
run_greedy_dara_42,79,7,relay,147.18508012839118,0.0,active,2,50.526324174388094,167.84494360932194
run_greedy_dara_42,79,8,relay,173.86402991417546,0.0,active,2,53.86683168044428,178.94181927129733
run_greedy_dara_42,80,0,ground_a,0.0,0.0,active,1,53.27675369383154,176.98161274185586
run_greedy_dara_42,80,1,ground_b,200.0,0.0,active,1,50.61635340715871,168.1440116246704
run_greedy_dara_42,80,2,relay,5.279999999999972,0.0,active,1,72.49782887002405,240.83257535336173
run_greedy_dara_42,80,3,relay,49.930000000000014,0.0,failed,0,0.0,0.0
run_greedy_dara_42,80,4,relay,67.1777777776671,0.0,active,1,50.512899884900705,167.800349480289
run_greedy_dara_42,80,5,relay,93.87742539092795,0.0,active,2,50.5235481114965,167.8357218098265
run_greedy_dara_42,80,6,relay,120.47288248387599,0.0,active,2,50.52886683250805,167.85339006177432
run_greedy_dara_42,80,7,relay,147.1205446458618,0.0,active,2,50.51917896215651,167.82120793828352
run_greedy_dara_42,80,8,relay,173.81081409094426,0.0,active,2,53.85595589709494,178.90569079662427
run_greedy_dara_42,81,0,ground_a,0.0,0.0,active,1,53.3065332111736,177.0805376935678
run_greedy_dara_42,81,1,ground_b,200.0,0.0,active,1,50.600839149713735,168.09247482497207
run_greedy_dara_42,81,2,relay,4.649999999999972,0.0,active,1,73.71181020218896,244.8653338494092
run_greedy_dara_42,81,3,relay,49.930000000000014,0.0,failed,0,0.0,0.0
run_greedy_dara_42,81,4,relay,67.04444444436696,0.0,active,1,50.50717737053772,167.78133986808533
run_greedy_dara_42,81,5,relay,93.77201118957863,0.0,active,2,50.517397974164616,167.81529167703394
run_greedy_dara_42,81,6,relay,120.39969797626519,0.0,active,2,50.5195766285673,167.82252894593984
run_greedy_dara_42,81,7,relay,147.10600916333243,0.0,active,2,50.519590203110496,167.82257403919692
run_greedy_dara_42,81,8,relay,173.73356301468243,0.0,active,2,53.84829762923852,178.88025048196096
run_greedy_dara_42,82,0,ground_a,0.0,0.0,active,1,53.33306743942603,177.16868208146818
run_greedy_dara_42,82,1,ground_b,200.0,0.0,active,1,50.581878021693186,168.02948787077636
run_greedy_dara_42,82,2,relay,4.009999999999972,0.0,active,1,75.12659896812394,249.56516022866
run_greedy_dara_42,82,3,relay,49.930000000000014,0.0,failed,0,0.0,0.0
run_greedy_dara_42,82,4,relay,66.91111111105685,0.0,active,1,50.5072710143192,167.78165094322614
run_greedy_dara_42,82,5,relay,93.63822124863411,0.0,active,2,50.50612411198079,167.77784105003394
run_greedy_dara_42,82,6,relay,120.3765134686544,0.0,active,2,50.51248876544716,167.79898378335392
run_greedy_dara_42,82,7,relay,147.04147368080305,0.0,active,2,50.526837615459385,167.84664920840578
run_greedy_dara_42,82,8,relay,173.63948726129914,0.0,active,2,53.83423264952368,178.8335276513839
run_greedy_dara_42,83,0,ground_a,0.0,0.0,active,1,53.35612229833505,177.24526831044008
run_greedy_dara_42,83,1,ground_b,200.0,0.0,active,1,50.560453487900034,167.95831773404478
run_greedy_dara_42,83,2,relay,3.359999999999973,0.0,active,1,76.81631106319139,255.17826216671415
run_greedy_dara_42,83,3,relay,49.930000000000014,0.0,failed,0,0.0,0.0
run_greedy_dara_42,83,4,relay,66.77777777773979,0.0,active,1,50.49709986605525,167.74786342103104
run_greedy_dara_42,83,5,relay,93.55443130768958,0.0,active,2,50.49995028157227,167.75733221202745
run_greedy_dara_42,83,6,relay,120.30332896104359,0.0,active,2,50.514670098659145,167.806229951342
run_greedy_dara_42,83,7,relay,146.9362988430325,0.0,active,2,50.530176370411226,167.85774021396668
run_greedy_dara_42,83,8,relay,173.53363423393083,0.0,active,2,53.81515679133333,178.7701591436566
run_greedy_dara_42,84,0,ground_a,0.0,0.0,active,1,53.37546343970206,177.30951789533458
run_greedy_dara_42,84,1,ground_b,200.0,0.0,active,1,50.53725347151354,167.88124962699646
run_greedy_dara_42,84,2,relay,2.6999999999999735,0.0,active,1,78.90577235427025,262.11930221804516
run_greedy_dara_42,84,3,relay,49.930000000000014,0.0,failed,0,0.0,0.0
run_greedy_dara_42,84,4,relay,66.64444444441784,0.0,active,1,50.492025123093484,167.73100564024534
run_greedy_dara_42,84,5,relay,93.44577834902842,0.0,active,2,50.49767730623573,167.74978161879238
run_greedy_dara_42,84,6,relay,120.19209980571603,0.0,active,2,50.51619997069321,167.81131203118412
run_greedy_dara_42,84,7,relay,146.8126764565931,0.0,active,2,50.530470227121725,167.85871637615148
run_greedy_dara_42,84,8,relay,173.41953711477302,0.0,active,2,53.79363464741325,178.69866429150593
run_greedy_dara_42,85,0,ground_a,0.0,0.0,active,1,53.39085810091653,177.36065761827234
run_greedy_dara_42,85,1,ground_b,200.0,0.0,active,1,50.51275991995557,167.79988453093708
run_greedy_dara_42,85,2,relay,2.0299999999999745,0.0,active,1,81.63086233167732,271.1718550885847
run_greedy_dara_42,85,3,relay,49.930000000000014,0.0,failed,0,0.0,0.0
run_greedy_dara_42,85,4,relay,66.51111111109248,0.0,active,1,50.49052798232091,167.72603229066513
run_greedy_dara_42,85,5,relay,93.3197212779656,0.0,active,2,50.49813975103104,167.75131781354096
run_greedy_dara_42,85,6,relay,120.05423939698673,0.0,active,2,50.51727574799281,167.81488565418044
run_greedy_dara_42,85,7,relay,146.6761407860855,0.0,active,2,50.52863387568689,167.85261620272064
run_greedy_dara_42,85,8,relay,173.29966913136255,0.0,active,2,53.77043839585533,178.6216082031396
run_greedy_dara_42,86,0,ground_a,0.0,0.0,active,1,53.402077110606626,177.39792619126976
run_greedy_dara_42,86,1,ground_b,200.0,0.0,active,1,50.49842619845691,167.75226936261103
run_greedy_dara_42,86,2,relay,1.3499999999999752,0.0,active,1,85.52843225887793,284.1193020728325
run_greedy_dara_42,86,3,relay,49.930000000000014,0.0,failed,0,0.0,0.0
run_greedy_dara_42,86,4,relay,66.37777777776472,0.0,active,1,50.49359462834299,167.7362193772843
run_greedy_dara_42,86,5,relay,93.17148132822163,0.0,active,2,50.500520426984075,167.75922617734582
run_greedy_dara_42,86,6,relay,119.89773711087622,0.0,active,2,50.51608386674017,167.8109263453161
run_greedy_dara_42,86,7,relay,146.53960511557793,0.0,active,2,50.519778568838724,167.8231997709127
run_greedy_dara_42,86,8,relay,173.2298011479521,0.0,active,2,53.7511378287362,178.55749339052562
run_greedy_dara_42,87,0,ground_a,0.0,0.0,active,1,53.40889702083557,177.4205813392406
run_greedy_dara_42,87,1,ground_b,200.0,0.0,active,1,50.49434249537454,167.73870371561517
run_greedy_dara_42,87,2,relay,0.659999999999976,0.0,active,1,88.39577516576787,293.64440901338446
run_greedy_dara_42,87,3,relay,49.930000000000014,0.0,failed,0,0.0,0.0
run_greedy_dara_42,87,4,relay,66.24444444443529,0.0,active,1,50.49984978725088,167.7569983800655
run_greedy_dara_42,87,5,relay,93.00771336340085,0.0,active,2,50.504240978305,167.77158547111748
run_greedy_dara_42,87,6,relay,119.72818551059886,0.0,active,2,50.50817986037826,167.78467003762447
run_greedy_dara_42,87,7,relay,146.45306944507035,0.0,active,2,50.50444638221995,167.77226780204916
run_greedy_dara_42,87,8,relay,173.2099331645416,0.0,active,2,53.74075842151481,178.52301397164115
run_greedy_dara_42,88,0,ground_a,0.0,0.0,active,1,53.41109075672861,177.4278687389032
run_greedy_dara_42,88,1,ground_b,200.0,0.0,active,1,50.500534550401866,167.75927309374262
run_greedy_dara_42,88,2,relay,-0.04000000000002313,0.0,active,1,88.39577516576787,293.64440901338446
run_greedy_dara_42,88,3,relay,49.930000000000014,0.0,failed,0,0.0,0.0
run_greedy_dara_42,88,4,relay,66.11111111110469,0.0,active,1,50.50627532472086,167.77834336340854
run_greedy_dara_42,88,5,relay,92.84307578802631,0.0,active,2,50.50282744793882,167.76688986667153
run_greedy_dara_42,88,6,relay,119.60863391032152,0.0,active,2,50.495026861649755,167.74097711095018
run_greedy_dara_42,88,7,relay,146.41653377456277,0.0,active,2,50.48906527642208,167.72117333026145
run_greedy_dara_42,88,8,relay,173.24006518113114,0.0,active,2,53.73928021943814,178.5181036580821
run_greedy_dara_42,89,0,ground_a,0.0,0.0,active,1,53.40834253050865,177.41873937064804
run_greedy_dara_42,89,1,ground_b,200.0,0.0,active,1,50.49850756858059,167.75253966590103
run_greedy_dara_42,89,2,relay,-0.7400000000000223,0.0,active,1,88.39577516576787,293.64440901338446
run_greedy_dara_42,89,3,relay,49.930000000000014,0.0,failed,0,0.0,0.0
run_greedy_dara_42,89,4,relay,65.97777777777327,0.0,active,1,50.50243883405071,167.76559893073653
run_greedy_dara_42,89,5,relay,92.72843821265177,0.0,active,2,50.496274119626094,167.74512037536448
run_greedy_dara_42,89,6,relay,119.53908231004417,0.0,active,2,50.481835237800574,167.6971558768372
run_greedy_dara_42,89,7,relay,146.4299981040552,0.0,active,2,50.48290982364627,167.70072554186902
run_greedy_dara_42,89,8,relay,173.23019719772068,0.0,active,2,53.739919979315246,178.5202288348409
run_greedy_dara_42,90,0,ground_a,0.0,0.0,active,1,53.400988561140665,177.39431012473887
run_greedy_dara_42,90,1,ground_b,200.0,0.0,active,1,50.488860766475,167.72049396898396
run_greedy_dara_42,90,2,relay,-1.4300000000000215,0.0,active,1,84.97838234153637,282.2920758042794
run_greedy_dara_42,90,3,relay,49.930000000000014,0.0,failed,0,0.0,0.0
run_greedy_dara_42,90,4,relay,65.84444444444128,0.0,active,1,50.48831607524376,167.71868456004864
run_greedy_dara_42,90,5,relay,92.66380063727722,0.0,active,2,50.48456885416608,167.70623667240977
run_greedy_dara_42,90,6,relay,119.51953070976681,0.0,active,2,50.47894435196758,167.6875526477234
run_greedy_dara_42,90,7,relay,146.3934624335476,0.0,active,2,50.485729423335485,167.7100919654702
run_greedy_dara_42,90,8,relay,173.18328960933334,0.0,active,2,53.73262295074691,178.49598865470466
run_greedy_dara_42,91,0,ground_a,0.0,0.0,active,1,53.38924580586509,177.35530171458103
run_greedy_dara_42,91,1,ground_b,200.0,0.0,active,1,50.48949732431319,167.72260854945742
run_greedy_dara_42,91,2,relay,-2.1100000000000207,0.0,active,1,81.26156114921855,269.9450631238957
run_greedy_dara_42,91,3,relay,49.930000000000014,0.0,failed,0,0.0,0.0
run_greedy_dara_42,91,4,relay,65.71111111110888,0.0,active,1,50.4638176662518,167.6373033362582
run_greedy_dara_42,91,5,relay,92.64916306190267,0.0,active,2,50.467666941325284,167.65009023645473
run_greedy_dara_42,91,6,relay,119.54997910948946,0.0,active,2,50.48623345926499,167.7117663220983
run_greedy_dara_42,91,7,relay,146.3078874641923,0.0,active,2,50.48853805966767,167.7194219702799
run_greedy_dara_42,91,8,relay,173.186382020946,0.0,active,2,53.72404069815151,178.4674792963355
run_greedy_dara_42,92,0,ground_a,0.0,0.0,active,1,53.37333898755925,177.30246065052367
run_greedy_dara_42,92,1,ground_b,200.0,0.0,active,1,50.48189466831113,167.69735329871867
run_greedy_dara_42,92,2,relay,-2.78000000000002,0.0,active,1,78.62678965557014,261.1925417655601
run_greedy_dara_42,92,3,relay,49.930000000000014,0.0,failed,0,0.0,0.0
run_greedy_dara_42,92,4,relay,65.5777777777762,0.0,active,1,50.44867171510657,167.58699002858378
run_greedy_dara_42,92,5,relay,92.58891675914049,0.0,active,2,50.45588682954985,167.6109579041659
run_greedy_dara_42,92,6,relay,119.5304275092121,0.0,active,2,50.483670966416774,167.70325398194947
run_greedy_dara_42,92,7,relay,146.272312494837,0.0,active,2,50.490320221851476,167.72534213215124
run_greedy_dara_42,92,8,relay,173.1494744325587,0.0,active,2,53.71760711017107,178.4461074194811
run_greedy_dara_42,93,0,ground_a,0.0,0.0,active,1,53.35349836332314,177.23655182726364
run_greedy_dara_42,93,1,ground_b,200.0,0.0,active,1,50.468303778940495,167.65220574617572
run_greedy_dara_42,93,2,relay,-3.440000000000019,0.0,active,1,76.59148942919416,254.43142088035492
run_greedy_dara_42,93,3,relay,49.930000000000014,0.0,failed,0,0.0,0.0
run_greedy_dara_42,93,4,relay,65.44444444444333,0.0,active,1,50.442199988774505,167.56549161308618
run_greedy_dara_42,93,5,relay,92.48674434720697,0.0,active,2,50.449273321664855,167.5889885044624
run_greedy_dara_42,93,6,relay,119.46087590893475,0.0,active,2,50.47166160021586,167.66336008771003
run_greedy_dara_42,93,7,relay,146.2867375254817,0.0,active,2,50.489956711160545,167.7241345859294
run_greedy_dara_42,93,8,relay,173.08363912068756,0.0,active,2,53.71417625422317,178.43471019555284
run_greedy_dara_42,94,0,ground_a,0.0,0.0,active,1,53.329957591696626,177.15835143889572
run_greedy_dara_42,94,1,ground_b,200.0,0.0,active,1,50.4650291489512,167.64132775851107
run_greedy_dara_42,94,2,relay,-4.0900000000000185,0.0,active,1,74.93786238960632,248.93819090563088
run_greedy_dara_42,94,3,relay,49.930000000000014,0.0,failed,0,0.0,0.0
run_greedy_dara_42,94,4,relay,65.31111111111032,0.0,active,1,50.44182326388815,167.5642401714056
run_greedy_dara_42,94,5,relay,92.35522365885349,0.0,active,2,50.446717844706654,167.58049947023926
run_greedy_dara_42,94,6,relay,119.3521897887406,0.0,active,2,50.46175471397878,167.63045041910004
run_greedy_dara_42,94,7,relay,146.2511625561264,0.0,active,2,50.480386000763936,167.69234165871524
run_greedy_dara_42,94,8,relay,173.06780380881642,0.0,active,2,53.7093356181116,178.41863002962583
run_greedy_dara_42,95,0,ground_a,0.0,0.0,active,1,53.302951729960654,177.0686403260926
run_greedy_dara_42,95,1,ground_b,200.0,0.0,active,1,50.47209143803639,167.6647879644289
run_greedy_dara_42,95,2,relay,-4.730000000000018,0.0,active,1,73.548830069536,244.32392559131117
run_greedy_dara_42,95,3,relay,49.930000000000014,0.0,failed,0,0.0,0.0
run_greedy_dara_42,95,4,relay,65.17777777777721,0.0,active,1,50.44363760784607,167.5702672371439
run_greedy_dara_42,95,5,relay,92.21315917700606,0.0,active,2,50.44700429626026,167.58145103307425
run_greedy_dara_42,95,6,relay,119.2161095046047,0.0,active,2,50.45584232610134,167.61081006816482
run_greedy_dara_42,95,7,relay,146.16626007757768,0.0,active,2,50.46280810834585,167.63394968763765
run_greedy_dara_42,95,8,relay,173.1019684969453,0.0,active,2,53.703113380601685,178.397960528956
run_greedy_dara_42,96,0,ground_a,0.0,0.0,active,1,53.272715386681014,176.96819783898906
run_greedy_dara_42,96,1,ground_b,200.0,0.0,active,1,50.470885921937224,167.6607833625564
run_greedy_dara_42,96,2,relay,-5.360000000000017,0.0,active,1,72.3541497925269,240.35528381647907
run_greedy_dara_42,96,3,relay,49.930000000000014,0.0,failed,0,0.0,0.0
run_greedy_dara_42,96,4,relay,65.04444444444404,0.0,active,1,50.44698390949699,167.58138331028448
run_greedy_dara_42,96,5,relay,92.06371403971286,0.0,active,2,50.44824284965721,167.58556538125288
run_greedy_dara_42,96,6,relay,119.07085330570958,0.0,active,2,50.45169676866358,167.59703894840567
run_greedy_dara_42,96,7,relay,146.05682834259358,0.0,active,2,50.4483570706826,167.58594481196417
run_greedy_dara_42,96,8,relay,173.09613318507417,0.0,active,2,53.69133703165672,178.35884067289726
run_greedy_dara_42,97,0,ground_a,0.0,0.0,active,1,53.23948104832466,176.85779627832275
run_greedy_dara_42,97,1,ground_b,200.0,0.0,active,1,50.461768888020714,167.63049750347108
run_greedy_dara_42,97,2,relay,-5.980000000000016,0.0,active,1,71.30834911802282,236.88120940262695
run_greedy_dara_42,97,3,relay,49.930000000000014,0.0,failed,0,0.0,0.0
run_greedy_dara_42,97,4,relay,64.91111111111081,0.0,active,1,50.45139976620061,167.59605233645487
run_greedy_dara_42,97,5,relay,91.90910244360762,0.0,active,2,50.450146514165425,167.59188916084196
run_greedy_dara_42,97,6,relay,118.91917396648299,0.0,active,2,50.44181100095149,167.56419943535298
run_greedy_dara_42,97,7,relay,145.9973966076095,0.0,active,2,50.437180515801764,167.5488174355042
run_greedy_dara_42,97,8,relay,173.05204846676438,0.0,active,2,53.681920395324305,178.32755938463254
run_greedy_dara_42,98,0,ground_a,0.0,0.0,active,1,53.203477592660605,176.7381959570599
run_greedy_dara_42,98,1,ground_b,200.0,0.0,active,1,50.447079157106586,167.58169971314018
run_greedy_dara_42,98,2,relay,-6.590000000000016,0.0,active,1,70.38029604469963,233.79828407911424
run_greedy_dara_42,98,3,relay,49.930000000000014,0.0,failed,0,0.0,0.0
run_greedy_dara_42,98,4,relay,64.77777777777756,0.0,active,1,50.44543823765811,167.57624874590957
run_greedy_dara_42,98,5,relay,91.80449084750238,0.0,active,2,50.44686144845565,167.5809765071879
run_greedy_dara_42,98,6,relay,118.8174946272564,0.0,active,2,50.4404577576865,167.55970409918172
run_greedy_dara_42,98,7,relay,145.90579439312063,0.0,active,2,50.4339740748164,167.53816596544578
run_greedy_dara_42,98,8,relay,172.98118916394753,0.0,active,2,53.66721769145326,178.27871820923437
run_greedy_dara_42,99,0,ground_a,0.0,0.0,active,1,53.16492899594513,176.6101409057577
run_greedy_dara_42,99,1,ground_b,200.0,0.0,active,1,50.42844109791672,167.51978598045537
run_greedy_dara_42,99,2,relay,-7.1900000000000155,0.0,active,1,69.54773957734443,231.0325916389242
run_greedy_dara_42,99,3,relay,49.930000000000014,0.0,failed,0,0.0,0.0
run_greedy_dara_42,99,4,relay,64.64444444444428,0.0,active,1,50.443339066851635,167.56927551438147
run_greedy_dara_42,99,5,relay,91.68126273022871,0.0,active,2,50.43837506558583,167.5527856081803
run_greedy_dara_42,99,6,relay,118.7658152880298,0.0,active,2,50.43951348911574,167.55656733514985
run_greedy_dara_42,99,7,relay,145.79167284297841,0.0,active,2,50.43791380622734,167.5512533517304
run_greedy_dara_42,99,8,relay,172.89158765197573,0.0,active,2,53.648848518021886,178.21769732037922
run_greedy_dara_42,100,0,ground_a,0.0,0.0,active,1,53.12405323572645,176.47435522776104
run_greedy_dara_42,100,1,ground_b,200.0,0.0,active,1,50.42018110597445,167.4923471300072
run_greedy_dara_42,100,2,relay,-7.780000000000015,0.0,active,1,68.7942240319947,228.52946748223198
run_greedy_dara_42,100,3,relay,49.930000000000014,0.0,failed,0,0.0,0.0
run_greedy_dara_42,100,4,relay,64.51111111111098,0.0,active,1,50.43083483517013,167.52773773146168
run_greedy_dara_42,100,5,relay,91.60803461295504,0.0,active,2,50.4345105534783,167.53994809290003
run_greedy_dara_42,100,6,relay,118.66963975057118,0.0,active,2,50.43857036253122,167.55343436464082
run_greedy_dara_42,100,7,relay,145.7275512928362,0.0,active,2,50.432027638232405,167.53170010175535
run_greedy_dara_42,100,8,relay,172.85198614000393,0.0,active,2,53.639319309818816,178.18604210058726
run_greedy_dara_42,101,0,ground_a,0.0,0.0,active,1,53.08106138658269,176.3315400953086
run_greedy_dara_42,101,1,ground_b,200.0,0.0,active,1,50.422351334098366,167.49955640635616
run_greedy_dara_42,101,2,relay,-8.360000000000015,0.0,active,1,68.1072370621095,226.24734649252485
run_greedy_dara_42,101,3,relay,49.930000000000014,0.0,failed,0,0.0,0.0
run_greedy_dara_42,101,4,relay,64.37777777777767,0.0,active,1,50.424149288142786,167.50552902622954
run_greedy_dara_42,101,5,relay,91.50677493086347,0.0,active,2,50.43283772907335,167.5343911410145
run_greedy_dara_42,101,6,relay,118.55231687435015,0.0,active,2,50.429486038973984,167.52325716856603
run_greedy_dara_42,101,7,relay,145.713429742694,0.0,active,2,50.41871528460415,167.4874778210309
run_greedy_dara_42,101,8,relay,172.86238462803215,0.0,active,2,53.63859140258718,178.18362410966125
run_greedy_dara_42,102,0,ground_a,0.0,0.0,active,1,53.0361569022773,176.1823713649045
run_greedy_dara_42,102,1,ground_b,200.0,0.0,active,1,50.41617081502173,167.4790253528113
run_greedy_dara_42,102,2,relay,-8.930000000000016,0.0,active,1,67.47704307021985,224.1538877139999
run_greedy_dara_42,102,3,relay,49.930000000000014,0.0,failed,0,0.0,0.0
run_greedy_dara_42,102,4,relay,64.24444444444435,0.0,active,1,50.42363790501199,167.50383026364798
run_greedy_dara_42,102,5,relay,91.37589315339937,0.0,active,2,50.42596775782404,167.5115697969967
run_greedy_dara_42,102,6,relay,118.48499399812913,0.0,active,2,50.422094882051375,167.49870449895963
run_greedy_dara_42,102,7,relay,145.65354465759444,0.0,active,2,50.414775386160166,167.47438988060168
run_greedy_dara_42,102,8,relay,172.83278311606034,0.0,active,2,53.63022024374513,178.15581585309056
run_greedy_dara_42,103,0,ground_a,0.0,0.0,active,1,52.98953507469224,176.0274977799325
run_greedy_dara_42,103,1,ground_b,200.0,0.0,active,1,50.403468652080804,167.43683006482863
run_greedy_dara_42,103,2,relay,-9.490000000000016,0.0,active,1,66.89591849236743,222.22343402146493
run_greedy_dara_42,103,3,relay,49.930000000000014,0.0,failed,0,0.0,0.0
run_greedy_dara_42,103,4,relay,64.11111111111103,0.0,active,1,50.42536567777556,167.50956974848262
run_greedy_dara_42,103,5,relay,91.2342759091745,0.0,active,2,50.41384556799366,167.4713011200455
run_greedy_dara_42,103,6,relay,118.4676711219081,0.0,active,2,50.408331684873914,167.45298456308524
run_greedy_dara_42,103,7,relay,145.6436595724949,0.0,active,2,50.41930561833293,167.48943884950336
run_greedy_dara_42,103,8,relay,172.77206205768007,0.0,active,2,53.62486197242065,178.13801597435798
run_greedy_dara_42,104,0,ground_a,0.0,0.0,active,1,52.94138265746241,175.86753972039506
run_greedy_dara_42,104,1,ground_b,200.0,0.0,active,1,50.40122254582279,167.4293687293575
run_greedy_dara_42,104,2,relay,-10.040000000000015,0.0,active,1,66.35763348396986,220.43529031805997
run_greedy_dara_42,104,3,relay,49.930000000000014,0.0,failed,0,0.0,0.0
run_greedy_dara_42,104,4,relay,63.9777777777777,0.0,active,1,50.41665882976568,167.48064648797083
run_greedy_dara_42,104,5,relay,91.14265866494964,0.0,active,2,50.40694594345479,167.44838127184448
run_greedy_dara_42,104,6,relay,118.40034824568707,0.0,active,2,50.40469810804649,167.44091419212396
run_greedy_dara_42,104,7,relay,145.58674001292522,0.0,active,2,50.41339551983274,167.46980610555153
run_greedy_dara_42,104,8,relay,172.76134099929982,0.0,active,2,53.618158572331446,178.11574791970918
run_greedy_dara_42,105,0,ground_a,0.0,0.0,active,1,52.8918776404449,175.70308845371488
run_greedy_dara_42,105,1,ground_b,200.0,0.0,active,1,50.40944669267684,167.45668850499496
run_greedy_dara_42,105,2,relay,-10.580000000000014,0.0,active,1,65.85709047638619,218.7725228461636
run_greedy_dara_42,105,3,relay,49.930000000000014,0.0,failed,0,0.0,0.0
run_greedy_dara_42,105,4,relay,63.84444444444438,0.0,active,1,50.39746219271416,167.41687722066038
run_greedy_dara_42,105,5,relay,91.10104142072477,0.0,active,2,50.40420738622221,167.4392840643252
run_greedy_dara_42,105,6,relay,118.29322223233235,0.0,active,2,50.40975043012322,167.45769748977483
run_greedy_dara_42,105,7,relay,145.49689632122644,0.0,active,2,50.39805885141571,167.41885926026237
run_greedy_dara_42,105,8,relay,172.80061994091957,0.0,active,2,53.611523233484355,178.09370616342034
run_greedy_dara_42,106,0,ground_a,0.0,0.0,active,1,52.84118915995958,175.53470583655826
run_greedy_dara_42,106,1,ground_b,200.0,0.0,active,1,50.40929584165096,167.45618739329427
run_greedy_dara_42,106,2,relay,-11.110000000000014,0.0,active,1,65.39006586906878,217.22110110730046
run_greedy_dara_42,106,3,relay,49.930000000000014,0.0,failed,0,0.0,0.0
run_greedy_dara_42,106,4,relay,63.71111111111105,0.0,active,1,50.38818408780865,167.3860563048625
run_greedy_dara_42,106,5,relay,91.01190934976736,0.0,active,2,50.39621918270727,167.4127480687074
run_greedy_dara_42,106,6,relay,118.23609621897764,0.0,active,2,50.40459252175553,167.44056344505924
run_greedy_dara_42,106,7,relay,145.45705262952768,0.0,active,2,50.39213632521824,167.39918523391424
run_greedy_dara_42,106,8,relay,172.7998988825393,0.0,active,2,53.60728282116277,178.0796199445739
run_greedy_dara_42,107,0,ground_a,0.0,0.0,active,1,52.78947752906559,175.36292441540877
run_greedy_dara_42,107,1,ground_b,200.0,0.0,active,1,50.40081456206052,167.42801344899271
run_greedy_dara_42,107,2,relay,-11.630000000000013,0.0,active,1,64.95302144174201,215.76927138696382
run_greedy_dara_42,107,3,relay,49.930000000000014,0.0,failed,0,0.0,0.0
run_greedy_dara_42,107,4,relay,63.57777777777772,0.0,active,1,50.3858848586827,167.3784185008983
run_greedy_dara_42,107,5,relay,90.88951690009718,0.0,active,2,50.39167414085679,167.39764990427255
run_greedy_dara_42,107,6,relay,118.14610800962933,0.0,active,2,50.39069002652827,167.39438077715465
run_greedy_dara_42,107,7,relay,145.4672089378289,0.0,active,2,50.38695500115417,167.3819734047495
run_greedy_dara_42,107,8,relay,172.75939414167314,0.0,active,2,53.6054998816141,178.07369703469527
run_greedy_dara_42,108,0,ground_a,0.0,0.0,active,1,52.73689437192132,175.1882478728983
run_greedy_dara_42,108,1,ground_b,200.0,0.0,active,1,50.38646916543301,167.38035950814955
run_greedy_dara_42,108,2,relay,-12.140000000000013,0.0,active,1,64.54296405750462,214.40709069841355
run_greedy_dara_42,108,3,relay,49.930000000000014,0.0,failed,0,0.0,0.0
run_greedy_dara_42,108,4,relay,63.444444444444386,0.0,active,1,50.38637698980364,167.38005331013798
run_greedy_dara_42,108,5,relay,90.75384218532805,0.0,active,2,50.381866707029,167.3650706122886
run_greedy_dara_42,108,6,relay,118.10611980028102,0.0,active,2,50.38062133237682,167.36093360510222
run_greedy_dara_42,108,7,relay,145.42736524613014,0.0,active,2,50.389931878408824,167.39186228660424
run_greedy_dara_42,108,8,relay,172.69104082306683,0.0,active,2,53.596519710381656,178.04386554370723
run_greedy_dara_42,109,0,ground_a,0.0,0.0,active,1,52.68358284644543,175.0111517674675
run_greedy_dara_42,109,1,ground_b,200.0,0.0,active,1,50.3826102791315,167.36754068265557
run_greedy_dara_42,109,2,relay,-12.640000000000013,0.0,active,1,64.15733953894781,213.1260742467751
run_greedy_dara_42,109,3,relay,49.930000000000014,0.0,failed,0,0.0,0.0
run_greedy_dara_42,109,4,relay,63.31111111111105,0.0,active,1,50.376350116414145,167.34674506280282
run_greedy_dara_42,109,5,relay,90.66816747055893,0.0,active,2,50.376044281159054,167.34572910939337
run_greedy_dara_42,109,6,relay,118.0281280537372,0.0,active,2,50.38085290493869,167.3617028655089
run_greedy_dara_42,109,7,relay,145.33947466194098,0.0,active,2,50.38366821377193,167.37105503330275
run_greedy_dara_42,109,8,relay,172.6726875044605,0.0,active,2,53.586005960533164,178.00893986687743
run_greedy_dara_42,110,0,ground_a,0.0,0.0,active,1,52.629677939978535,174.8320845155285
run_greedy_dara_42,110,1,ground_b,200.0,0.0,active,1,50.371482126512745,167.33057409875312
run_greedy_dara_42,110,2,relay,-13.130000000000013,0.0,active,1,63.79395119179932,211.91892477044624
run_greedy_dara_42,110,3,relay,49.930000000000014,0.0,failed,0,0.0,0.0
run_greedy_dara_42,110,4,relay,63.17777777777772,0.0,active,1,50.35574063366282,167.2782824723177
run_greedy_dara_42,110,5,relay,90.6324927557898,0.0,active,2,50.3729871480656,167.33557362728823
run_greedy_dara_42,110,6,relay,117.92353383115653,0.0,active,2,50.38108024055858,167.36245805137582
run_greedy_dara_42,110,7,relay,145.30158407775184,0.0,active,2,50.378220813812355,167.35295932821384
run_greedy_dara_42,110,8,relay,172.61984018143607,0.0,active,2,53.5783492206674,177.98350474409543
run_greedy_dara_42,111,0,ground_a,0.0,0.0,active,1,52.57530682338093,174.65146856774797
run_greedy_dara_42,111,1,ground_b,200.0,0.0,active,1,50.37088185561635,167.32858006030474
run_greedy_dara_42,111,2,relay,-13.610000000000014,0.0,active,1,63.45089641129451,210.77932195202337
run_greedy_dara_42,111,3,relay,49.930000000000014,0.0,failed,0,0.0,0.0
run_greedy_dara_42,111,4,relay,63.04444444444439,0.0,active,1,50.345503204615156,167.24427478284525
run_greedy_dara_42,111,5,relay,90.5475204554514,0.0,active,2,50.36467645863828,167.3079663684352
run_greedy_dara_42,111,6,relay,117.86893960857586,0.0,active,2,50.381251142392465,167.36302576950925
run_greedy_dara_42,111,7,relay,145.21506066881943,0.0,active,2,50.37277141319044,167.3348569771997
run_greedy_dara_42,111,8,relay,172.61699285841163,0.0,active,2,53.56904017351842,177.95258103078032
run_greedy_dara_42,112,0,ground_a,0.0,0.0,active,1,52.520589249925905,174.46970173413746
run_greedy_dara_42,112,1,ground_b,200.0,0.0,active,1,50.36202050477985,167.29914356054834
run_greedy_dara_42,112,2,relay,-14.080000000000014,0.0,active,1,63.126516760033816,209.70175658053574
run_greedy_dara_42,112,3,relay,49.930000000000014,0.0,failed,0,0.0,0.0
run_greedy_dara_42,112,4,relay,62.911111111111055,0.0,active,1,50.342566900165636,167.2345206807115
run_greedy_dara_42,112,5,relay,90.42803984521453,0.0,active,2,50.351099545426855,167.26286525329556
run_greedy_dara_42,112,6,relay,117.8643453859952,0.0,active,2,50.37250072869231,167.33395779147287
run_greedy_dara_42,112,7,relay,145.17853725988704,0.0,active,2,50.37670675062996,167.34792976542388
run_greedy_dara_42,112,8,relay,172.57499973229454,0.0,active,2,53.56229665481901,177.9301795801747
run_greedy_dara_42,113,0,ground_a,0.0,0.0,active,1,52.465637986412005,174.28715861617232
run_greedy_dara_42,113,1,ground_b,200.0,0.0,active,1,50.36371132051394,167.30476027717376
run_greedy_dara_42,113,2,relay,-14.540000000000013,0.0,active,1,62.81935822226145,208.6813985190195
run_greedy_dara_42,113,3,relay,49.930000000000014,0.0,failed,0,0.0,0.0
run_greedy_dara_42,113,4,relay,62.77777777777772,0.0,active,1,50.34475096810789,167.24177593033733
run_greedy_dara_42,113,5,relay,90.28440341804871,0.0,active,2,50.34276624277368,167.235182876416
run_greedy_dara_42,113,6,relay,117.80975116341452,0.0,active,2,50.35591016268473,167.2788456311564
run_greedy_dara_42,113,7,relay,145.19201385095462,0.0,active,2,50.3701183781613,167.32604386638803
run_greedy_dara_42,113,8,relay,172.58300660617743,0.0,active,2,53.56426845565558,177.9367297333922
run_greedy_dara_42,114,0,ground_a,0.0,0.0,active,1,52.410559265071896,174.1041921079956
run_greedy_dara_42,114,1,ground_b,200.0,0.0,active,1,50.375943605728835,167.34539467591992
run_greedy_dara_42,114,2,relay,-14.990000000000013,0.0,active,1,62.52813924310572,207.71399053317427
run_greedy_dara_42,114,3,relay,49.930000000000014,0.0,failed,0,0.0,0.0
run_greedy_dara_42,114,4,relay,62.64444444444439,0.0,active,1,50.33633072066176,167.2138047323971
run_greedy_dara_42,114,5,relay,90.1907669908829,0.0,active,2,50.3390417386911,167.22281045606036
run_greedy_dara_42,114,6,relay,117.71153520760805,0.0,active,2,50.33972207110141,167.22507045049554
run_greedy_dara_42,114,7,relay,145.25144746470195,0.0,active,2,50.35359511437576,167.27115527809443
run_greedy_dara_42,114,8,relay,172.64101348006034,0.0,active,2,53.574536944675685,177.97084084025016
run_greedy_dara_42,115,0,ground_a,0.0,0.0,active,1,52.35545324606021,173.92113493276437
run_greedy_dara_42,115,1,ground_b,200.0,0.0,active,1,50.37973474298917,167.35798844585247
run_greedy_dara_42,115,2,relay,-15.430000000000012,0.0,active,1,62.25172479237862,206.7957621331721
run_greedy_dara_42,115,3,relay,49.930000000000014,0.0,failed,0,0.0,0.0
run_greedy_dara_42,115,4,relay,62.511111111111056,0.0,active,1,50.33255309755539,167.20125585625604
run_greedy_dara_42,115,5,relay,90.07522149186684,0.0,active,2,50.33000373455538,167.19278713417282
run_greedy_dara_42,115,6,relay,117.66331925180158,0.0,active,2,50.32644782557968,167.18097476974935
run_greedy_dara_42,115,7,relay,145.26088107844927,0.0,active,2,50.34656588845119,167.2478049111142
run_greedy_dara_42,115,8,relay,172.65902035394325,0.0,active,2,53.57677804415527,177.9782856172498
run_greedy_dara_42,116,0,ground_a,0.0,0.0,active,1,52.30041448152551,173.73830118425826
run_greedy_dara_42,116,1,ground_b,200.0,0.0,active,1,50.37510395715417,167.3426054493117
run_greedy_dara_42,116,2,relay,-15.860000000000012,0.0,active,1,61.989105140173,205.923359067719
run_greedy_dara_42,116,3,relay,49.930000000000014,0.0,failed,0,0.0,0.0
run_greedy_dara_42,116,4,relay,62.37777777777772,0.0,active,1,50.31813085784306,167.15334665747787
run_greedy_dara_42,116,5,relay,90.00967599285077,0.0,active,2,50.31562305152421,167.145015982678
run_greedy_dara_42,116,6,relay,117.66510329599511,0.0,active,2,50.32377929269447,167.1721101780381
run_greedy_dara_42,116,7,relay,145.22031469219658,0.0,active,2,50.349106979645555,167.2562461546122
run_greedy_dara_42,116,8,relay,172.63702722782614,0.0,active,2,53.57097683116816,177.9590144914632
run_greedy_dara_42,117,0,ground_a,0.0,0.0,active,1,52.24553237348235,173.55598784789228
run_greedy_dara_42,117,1,ground_b,200.0,0.0,active,1,50.36342109320661,167.30379617179443
run_greedy_dara_42,117,2,relay,-16.280000000000012,0.0,active,1,61.73937835359786,205.09378517946965
run_greedy_dara_42,117,3,relay,49.930000000000014,0.0,failed,0,0.0,0.0
run_greedy_dara_42,117,4,relay,62.24444444444439,0.0,active,1,50.29297234017946,167.06977264978818
run_greedy_dara_42,117,5,relay,89.9941304938347,0.0,active,2,50.30652524313431,167.11479399934763
run_greedy_dara_42,117,6,relay,117.61688734018864,0.0,active,2,50.33152371389417,167.1978363498937
run_greedy_dara_42,117,7,relay,145.13191822181972,0.0,active,2,50.349883703100694,167.25882634968275
run_greedy_dara_42,117,8,relay,172.58163203954416,0.0,active,2,53.55782904009149,177.9153386490334
run_greedy_dara_42,118,0,ground_a,0.0,0.0,active,1,52.190891618876336,173.37447627918644
run_greedy_dara_42,118,1,ground_b,200.0,0.0,active,1,50.346759937637415,167.2484495210304
run_greedy_dara_42,118,2,relay,-16.690000000000012,0.0,active,1,61.501735758824445,204.30435411099154
run_greedy_dara_42,118,3,relay,49.930000000000014,0.0,failed,0,0.0,0.0
run_greedy_dara_42,118,4,relay,62.11111111111106,0.0,active,1,50.27843650474358,167.02148610179336
run_greedy_dara_42,118,5,relay,89.92858499481864,0.0,active,2,50.30225913201502,167.10062241845768
run_greedy_dara_42,118,6,relay,117.52313617112411,0.0,active,2,50.33750529730541,167.21770655590535
run_greedy_dara_42,118,7,relay,145.0100406925559,0.0,active,2,50.34830298841787,167.25357537745464
run_greedy_dara_42,118,8,relay,172.50285540774678,0.0,active,2,53.53956258239213,177.85465902603568
run_greedy_dara_42,119,0,ground_a,0.0,0.0,active,1,52.13657263636021,173.19403362147995
run_greedy_dara_42,119,1,ground_b,200.0,0.0,active,1,50.34065987923165,167.22818575285055
run_greedy_dara_42,119,2,relay,-17.09000000000001,0.0,active,1,61.27544978591167,203.5526489261499
run_greedy_dara_42,119,3,relay,49.930000000000014,0.0,failed,0,0.0,0.0
run_greedy_dara_42,119,4,relay,61.977777777777725,0.0,active,1,50.272538180498046,167.00189247666273
run_greedy_dara_42,119,5,relay,89.82270314550739,0.0,active,2,50.301409106521774,167.09779872218098
run_greedy_dara_42,119,6,relay,117.39751035277894,0.0,active,2,50.333907122522476,167.20575378822474
run_greedy_dara_42,119,7,relay,144.93816316329207,0.0,active,2,50.33803687485918,167.2194724015178
run_greedy_dara_42,119,8,relay,172.4740787759494,0.0,active,2,53.52999686243096,177.82288256766412
run_greedy_dara_42,120,0,ground_a,0.0,0.0,active,1,52.08265197035867,173.0149141482014
run_greedy_dara_42,120,1,ground_b,200.0,0.0,active,1,50.327886681243,167.1857545004694
run_greedy_dara_42,120,2,relay,-17.48000000000001,0.0,active,1,61.05986374320342,202.83648814139246
run_greedy_dara_42,120,3,relay,49.930000000000014,0.0,failed,0,0.0,0.0
run_greedy_dara_42,120,4,relay,61.84444444444439,0.0,active,1,50.27270672023056,167.0024523482772
run_greedy_dara_42,120,5,relay,89.68858585098951,0.0,active,2,50.30189939116498,167.09942739738415
run_greedy_dara_42,120,6,relay,117.25957227993732,0.0,active,2,50.3303173143551,167.19382881404434
run_greedy_dara_42,120,7,relay,144.83784889280741,0.0,active,2,50.32977536850307,167.19202852557606
run_greedy_dara_42,120,8,relay,172.41393513369124,0.0,active,2,53.51530438419869,177.7740754165098
run_greedy_dara_42,121,0,ground_a,0.0,0.0,active,1,52.02920266898266,172.8373605182687
run_greedy_dara_42,121,1,ground_b,200.0,0.0,active,1,50.32572919184575,167.1785875423006
run_greedy_dara_42,121,2,relay,-17.86000000000001,0.0,active,1,60.85438316561227,202.15389698537072
run_greedy_dara_42,121,3,relay,49.930000000000014,0.0,failed,0,0.0,0.0
run_greedy_dara_42,121,4,relay,61.71111111111106,0.0,active,1,50.27712240127971,167.01712078552563
run_greedy_dara_42,121,5,relay,89.534703744827,0.0,active,2,50.29709048602796,167.08345270778938
run_greedy_dara_42,121,6,relay,117.17163420709569,0.0,active,2,50.32672944534743,167.1819102820187
run_greedy_dara_42,121,7,relay,144.71762890346815,0.0,active,2,50.32147815707276,167.16446604232186
run_greedy_dara_42,121,8,relay,172.40379149143308,0.0,active,2,53.5018219854722,177.72928823187323
run_greedy_dara_42,122,0,ground_a,0.0,0.0,active,1,51.97629463325585,172.6616049361905
run_greedy_dara_42,122,1,ground_b,200.0,0.0,active,1,50.31569907168034,167.14526851379975
run_greedy_dara_42,122,2,relay,-18.23000000000001,0.0,active,1,60.658468455358395,201.50308295200517
run_greedy_dara_42,122,3,relay,49.930000000000014,0.0,failed,0,0.0,0.0
run_greedy_dara_42,122,4,relay,61.577777777777726,0.0,active,1,50.28450255595544,167.04163689887676
run_greedy_dara_42,122,5,relay,89.36698627051324,0.0,active,2,50.295857191768995,167.07935583024312
run_greedy_dara_42,122,6,relay,117.05007755610656,0.0,active,2,50.31635106974874,167.14743438465933
run_greedy_dara_42,122,7,relay,144.64740891412887,0.0,active,2,50.31355337064694,167.1381407160575
run_greedy_dara_42,122,8,relay,172.35669094185238,0.0,active,2,53.49120547545198,177.69402108346975
run_greedy_dara_42,123,0,ground_a,0.0,0.0,active,1,51.92399493592994,172.48787021114447
run_greedy_dara_42,123,1,ground_b,200.0,0.0,active,1,50.30012045034337,167.0935179359868
run_greedy_dara_42,123,2,relay,-18.59000000000001,0.0,active,1,60.4716285907861,200.8824149016269
run_greedy_dara_42,123,3,relay,49.930000000000014,0.0,failed,0,0.0,0.0
run_greedy_dara_42,123,4,relay,61.44444444444439,0.0,active,1,50.293945752330075,167.07300622473625
run_greedy_dara_42,123,5,relay,89.1895840384936,0.0,active,2,50.297126708777554,167.08357303464726
run_greedy_dara_42,123,6,relay,116.90498790041417,0.0,active,2,50.29958089672527,167.09172559439367
run_greedy_dara_42,123,7,relay,144.6271889247896,0.0,active,2,50.30586692244536,167.1126071252562
run_greedy_dara_42,123,8,relay,172.28372055714587,0.0,active,2,53.48424319630951,177.67089280858346
run_greedy_dara_42,124,0,ground_a,0.0,0.0,active,1,51.8723681088934,172.31637071172594
run_greedy_dara_42,124,1,ground_b,200.0,0.0,active,1,50.295206493927964,167.0771942785366
run_greedy_dara_42,124,2,relay,-18.940000000000012,0.0,active,1,60.293415723088266,200.29040511168563
run_greedy_dara_42,124,3,relay,49.930000000000014,0.0,failed,0,0.0,0.0
run_greedy_dara_42,124,4,relay,61.31111111111106,0.0,active,1,50.30268311398369,167.10203084090986
run_greedy_dara_42,124,5,relay,89.01540247607987,0.0,active,2,50.293025758020164,167.06995009868865
run_greedy_dara_42,124,6,relay,116.80989824472178,0.0,active,2,50.288450361314,167.05475110173234
run_greedy_dara_42,124,7,relay,144.55696893545033,0.0,active,2,50.298162227311124,167.0870129206768
run_greedy_dara_42,124,8,relay,172.26075017243937,0.0,active,2,53.4752418183632,177.64099106279747
run_greedy_dara_42,125,0,ground_a,0.0,0.0,active,1,51.82147639881556,172.14731321517678
run_greedy_dara_42,125,1,ground_b,200.0,0.0,active,1,50.30098832811437,167.09640093663492
run_greedy_dara_42,125,2,relay,-19.280000000000012,0.0,active,1,60.12342051529801,199.7256937932161
run_greedy_dara_42,125,3,relay,49.930000000000014,0.0,failed,0,0.0,0.0
run_greedy_dara_42,125,4,relay,61.17777777777773,0.0,active,1,50.30072687842208,167.09553242766052
run_greedy_dara_42,125,5,relay,88.89122091366613,0.0,active,2,50.29123027659042,167.06398569423652
run_greedy_dara_42,125,6,relay,116.69333548573711,0.0,active,2,50.285768699296355,167.04584289668412
run_greedy_dara_42,125,7,relay,144.45781494291285,0.0,active,2,50.28277861254085,167.03591013663763
run_greedy_dara_42,125,8,relay,172.28777978773286,0.0,active,2,53.46637979781343,177.61155245447364
run_greedy_dara_42,126,0,ground_a,0.0,0.0,active,1,51.77137999122323,171.98089765175033
run_greedy_dara_42,126,1,ground_b,200.0,0.0,active,1,50.29821469175823,167.08718720209393
run_greedy_dara_42,126,2,relay,-19.610000000000014,0.0,active,1,59.96126810507661,199.1870356795106
run_greedy_dara_42,126,3,relay,49.930000000000014,0.0,failed,0,0.0,0.0
run_greedy_dara_42,126,4,relay,61.044444444444395,0.0,active,1,50.28806462453504,167.05346972378754
run_greedy_dara_42,126,5,relay,88.81703935125239,0.0,active,2,50.29105200696229,167.0633935005977
run_greedy_dara_42,126,6,relay,116.56174155444783,0.0,active,2,50.28307442948034,167.03689281028682
run_greedy_dara_42,126,7,relay,144.40866095037535,0.0,active,2,50.27004144256696,166.9935985707159
run_greedy_dara_42,126,8,relay,172.27480940302635,0.0,active,2,53.4602543463617,177.59120428262668
run_greedy_dara_42,127,0,ground_a,0.0,0.0,active,1,51.72213720367607,171.81731774642537
run_greedy_dara_42,127,1,ground_b,200.0,0.0,active,1,50.28770561498774,167.05227713104705
run_greedy_dara_42,127,2,relay,-19.930000000000014,0.0,active,1,59.80661459435714,198.67328836496804
run_greedy_dara_42,127,3,relay,49.930000000000014,0.0,failed,0,0.0,0.0
run_greedy_dara_42,127,4,relay,60.91111111111106,0.0,active,1,50.28132880086379,167.03109401145127
run_greedy_dara_42,127,5,relay,88.71511225756277,0.0,active,2,50.28550670770554,167.0449725876113
run_greedy_dara_42,127,6,relay,116.48014762315856,0.0,active,2,50.27201900831707,167.00016784132805
run_greedy_dara_42,127,7,relay,144.40950695783786,0.0,active,2,50.2665292376504,166.98193138872898
run_greedy_dara_42,127,8,relay,172.22573013373182,0.0,active,2,53.45717095880584,177.58096138428812
run_greedy_dara_42,128,0,ground_a,0.0,0.0,active,1,51.673804649100106,171.6567615614877
run_greedy_dara_42,128,1,ground_b,200.0,0.0,active,1,50.271742664108686,166.99924985324012
run_greedy_dara_42,128,2,relay,-20.240000000000013,0.0,active,1,59.65914398607711,198.183402129141
run_greedy_dara_42,128,3,relay,49.930000000000014,0.0,failed,0,0.0,0.0
run_greedy_dara_42,128,4,relay,60.77777777777773,0.0,active,1,50.278756105459195,167.02254778243258
run_greedy_dara_42,128,5,relay,88.59376329198003,0.0,active,2,50.274586488156395,167.00869674359356
run_greedy_dara_42,128,6,relay,116.44855369186928,0.0,active,2,50.26427879211638,166.97445564041158
run_greedy_dara_42,128,7,relay,144.36035296530036,0.0,active,2,50.2711271789322,166.9972052755533
run_greedy_dara_42,128,8,relay,172.15137464522562,0.0,active,2,53.44710301559194,177.54751640900668
run_greedy_dara_42,129,0,ground_a,0.0,0.0,active,1,51.62643737065801,171.49941194456025
run_greedy_dara_42,129,1,ground_b,200.0,0.0,active,1,50.26650299928558,166.98184422705418
run_greedy_dara_42,129,2,relay,-20.540000000000013,0.0,active,1,59.51856550202018,197.71641102679936
run_greedy_dara_42,129,3,relay,49.930000000000014,0.0,failed,0,0.0,0.0
run_greedy_dara_42,129,4,relay,60.644444444444396,0.0,active,1,50.265429026987135,166.97827660185985
run_greedy_dara_42,129,5,relay,88.5224143263973,0.0,active,2,50.25825242910676,166.95443668437147
run_greedy_dara_42,129,6,relay,116.46695976058001,0.0,active,2,50.26674048894277,166.9826331440818
run_greedy_dara_42,129,7,relay,144.26594517052413,0.0,active,2,50.27573518806115,167.01251260636104
run_greedy_dara_42,129,8,relay,172.12701915671943,0.0,active,2,53.43540261818855,177.50864879498496
run_greedy_dara_42,130,0,ground_a,0.0,0.0,active,1,51.580088949785264,171.34544688749236
run_greedy_dara_42,130,1,ground_b,200.0,0.0,active,1,50.272019824864074,167.00017055269194
run_greedy_dara_42,130,2,relay,-20.830000000000013,0.0,active,1,59.38461122691746,197.27142506180456
run_greedy_dara_42,130,3,relay,49.930000000000014,0.0,failed,0,0.0,0.0
run_greedy_dara_42,130,4,relay,60.51111111111106,0.0,active,1,50.24126280683882,166.89799891348946
run_greedy_dara_42,130,5,relay,88.50106536081456,0.0,active,2,50.247275004900054,166.9179708144758
run_greedy_dara_42,130,6,relay,116.43536582929073,0.0,active,2,50.26922054415483,166.99087163174264
run_greedy_dara_42,130,7,relay,144.2215373757479,0.0,active,2,50.269563019216186,166.99200929853944
run_greedy_dara_42,130,8,relay,172.15266366821325,0.0,active,2,53.43225339799796,177.4981875160823
run_greedy_dara_42,131,0,ground_a,0.0,0.0,active,1,51.53481158921187,171.19503980215376
run_greedy_dara_42,131,1,ground_b,200.0,0.0,active,1,50.26893230982017,166.9899141460955
run_greedy_dara_42,131,2,relay,-21.110000000000014,0.0,active,1,59.25703403299943,196.8476232926212
run_greedy_dara_42,131,3,relay,49.930000000000014,0.0,failed,0,0.0,0.0
run_greedy_dara_42,131,4,relay,60.37777777777773,0.0,active,0,0.0,0.0
run_greedy_dara_42,131,5,relay,88.42971639523184,0.0,active,1,50.2554976162736,166.94528548029555
run_greedy_dara_42,131,6,relay,116.35377189800145,0.0,active,2,50.26095975127852,166.96343012916162
run_greedy_dara_42,131,7,relay,144.22712958097165,0.0,active,2,50.262348206894934,166.96804243540828
run_greedy_dara_42,131,8,relay,172.13830817970705,0.0,active,2,53.43194252088428,177.49715475515657
run_greedy_dara_42,132,0,ground_a,0.0,0.0,active,1,51.49065617292186,171.0483597196182
run_greedy_dara_42,132,1,ground_b,200.0,0.0,active,1,50.258153349785516,166.95410755290632
run_greedy_dara_42,132,2,relay,-21.380000000000013,0.0,active,1,59.135605746567165,196.44424774179885
run_greedy_dara_42,132,3,relay,49.930000000000014,0.0,failed,0,0.0,0.0
run_greedy_dara_42,132,4,relay,60.2344444444444,0.0,active,0,0.0,0.0
run_greedy_dara_42,132,5,relay,88.33977211932392,0.0,active,1,50.259200317861,166.9575854728026
run_greedy_dara_42,132,6,relay,116.24665614609896,0.0,active,1,50.259200317861,166.9575854728026
run_greedy_dara_42,132,7,relay,144.28104412462827,0.0,active,1,50.28063896213848,167.02880243828878
run_greedy_dara_42,132,8,relay,172.08825933775273,0.0,active,2,53.43455092990895,177.5058194156166
run_greedy_dara_42,133,0,ground_a,0.0,0.0,active,1,51.447672305087735,170.90557141950387
run_greedy_dara_42,133,1,ground_b,200.0,0.0,active,1,50.25814281959974,166.95407257271597
run_greedy_dara_42,133,2,relay,-21.640000000000015,0.0,active,1,59.020115524208165,196.06059800187822
run_greedy_dara_42,133,3,relay,49.930000000000014,0.0,failed,0,0.0,0.0
run_greedy_dara_42,133,4,relay,60.08411111111106,0.0,active,0,0.0,0.0
run_greedy_dara_42,133,5,relay,88.23681112618839,0.0,active,1,50.251467919877825,166.93189924489744
run_greedy_dara_42,133,6,relay,116.17954039419647,0.0,active,1,50.251467919877825,166.93189924489744
run_greedy_dara_42,133,7,relay,144.2949586682849,0.0,active,1,50.28363525805912,167.0387558246149
run_greedy_dara_42,133,8,relay,172.0882104957984,0.0,active,2,53.43604071832256,177.51076833902755
run_greedy_dara_42,134,0,ground_a,0.0,0.0,active,1,51.405908330057116,170.76683549637147
run_greedy_dara_42,134,1,ground_b,200.0,0.0,active,1,50.268900786017326,166.98980942727349
run_greedy_dara_42,134,2,relay,-21.890000000000015,0.0,active,1,58.91036841127337,195.69602644675606
run_greedy_dara_42,134,3,relay,49.930000000000014,0.0,failed,0,0.0,0.0
run_greedy_dara_42,134,4,relay,59.92887777777773,0.0,active,0,0.0,0.0
run_greedy_dara_42,134,5,relay,88.1247384309935,0.0,active,0,0.0,0.0
run_greedy_dara_42,134,6,relay,116.15242464229398,0.0,active,0,0.0,0.0
run_greedy_dara_42,134,7,relay,144.26887321194152,0.0,active,1,50.26729770321707,166.98448415154562
run_greedy_dara_42,134,8,relay,172.13816165384407,0.0,active,2,53.43642898509402,177.5120583257732
run_greedy_dara_42,135,0,ground_a,0.0,0.0,active,1,51.36541133547183,170.6323083700898
run_greedy_dara_42,135,1,ground_b,200.0,0.0,active,1,50.2710412497632,166.99691982710846
run_greedy_dara_42,135,2,relay,-22.130000000000013,0.0,active,1,58.806184059368206,195.34993397128298
run_greedy_dara_42,135,3,relay,49.930000000000014,0.0,failed,0,0.0,0.0
run_greedy_dara_42,135,4,relay,59.77021444444439,0.0,active,0,0.0,0.0
run_greedy_dara_42,135,5,relay,87.99628754435709,0.0,active,0,0.0,0.0
run_greedy_dara_42,135,6,relay,116.17530889039149,0.0,active,0,0.0,0.0
run_greedy_dara_42,135,7,relay,144.21061339250116,0.0,active,1,50.252596813621906,166.9356493133557
run_greedy_dara_42,135,8,relay,172.14811281188975,0.0,active,2,53.430785087950724,177.49330992289458
run_greedy_dara_42,136,0,ground_a,0.0,0.0,active,1,51.326227140570964,170.50214224698433
run_greedy_dara_42,136,1,ground_b,200.0,0.0,active,1,50.264575086893274,166.97543990095852
run_greedy_dara_42,136,2,relay,-22.360000000000014,0.0,active,1,58.70739558305138,195.02176619329956
run_greedy_dara_42,136,3,relay,49.930000000000014,0.0,failed,0,0.0,0.0
run_greedy_dara_42,136,4,relay,59.609150111111056,0.0,active,0,0.0,0.0
run_greedy_dara_42,136,5,relay,87.85637192371159,0.0,active,0,0.0,0.0
run_greedy_dara_42,136,6,relay,116.148193138489,0.0,active,1,50.243061309786086,166.90397335445448
run_greedy_dara_42,136,7,relay,144.1298315188929,0.0,active,2,50.24234827408561,166.90160472352915
run_greedy_dara_42,136,8,relay,172.1180639699354,0.0,active,2,53.4201530110666,177.45799113738633
run_greedy_dara_42,137,0,ground_a,0.0,0.0,active,1,51.28840027167368,170.37648503839813
run_greedy_dara_42,137,1,ground_b,200.0,0.0,active,1,50.251415903067965,166.93172645042614
run_greedy_dara_42,137,2,relay,-22.580000000000013,0.0,active,1,58.613848538811,194.71101006186868
run_greedy_dara_42,137,3,relay,49.930000000000014,0.0,failed,0,0.0,0.0
run_greedy_dara_42,137,4,relay,59.446405077777726,0.0,active,0,0.0,0.0
run_greedy_dara_42,137,5,relay,87.76645630306611,0.0,active,0,0.0,0.0
run_greedy_dara_42,137,6,relay,116.08921211215726,0.0,active,0,0.0,0.0
run_greedy_dara_42,137,7,relay,144.09904964528465,0.0,active,1,50.24817450316294,166.92095885467228
run_greedy_dara_42,137,8,relay,172.05702978056738,0.0,active,2,53.41297658760283,177.4341515481264
run_greedy_dara_42,138,0,ground_a,0.0,0.0,active,1,51.25197392676064,170.25548024303995
run_greedy_dara_42,138,1,ground_b,200.0,0.0,active,0,0.0,0.0
run_greedy_dara_42,138,2,relay,-22.790000000000013,0.0,active,1,58.525400011799604,194.41719082347532
run_greedy_dara_42,138,3,relay,49.930000000000014,0.0,failed,0,0.0,0.0
run_greedy_dara_42,138,4,relay,59.28248355444439,0.0,active,0,0.0,0.0
run_greedy_dara_42,138,5,relay,87.72654068242062,0.0,active,0,0.0,0.0
run_greedy_dara_42,138,6,relay,115.99792539372504,0.0,active,0,0.0,0.0
run_greedy_dara_42,138,7,relay,144.03750233375888,0.0,active,1,50.252747010028344,166.9361482503106
run_greedy_dara_42,138,8,relay,171.97430584800975,0.0,active,1,50.252747010028344,166.9361482503106
run_greedy_dara_42,139,0,ground_a,0.0,0.0,active,1,51.21698993097904,170.1392667991814
run_greedy_dara_42,139,1,ground_b,200.0,0.0,active,0,0.0,0.0
run_greedy_dara_42,139,2,relay,-22.990000000000013,0.0,active,1,58.44191779784373,194.1398693047217
run_greedy_dara_42,139,3,relay,49.930000000000014,0.0,failed,0,0.0,0.0
run_greedy_dara_42,139,4,relay,59.11773848811106,0.0,active,0,0.0,0.0
run_greedy_dara_42,139,5,relay,87.64859974796877,0.0,active,0,0.0,0.0
run_greedy_dara_42,139,6,relay,115.88402469082249,0.0,active,0,0.0,0.0
run_greedy_dara_42,139,7,relay,143.95441921569085,0.0,active,1,50.244029019361136,166.90718798568633
run_greedy_dara_42,139,8,relay,171.9315819154521,0.0,active,1,50.244029019361136,166.90718798568633
run_greedy_dara_42,140,0,ground_a,0.0,0.0,active,1,51.183488684789964,170.02797891241266
run_greedy_dara_42,140,1,ground_b,200.0,0.0,active,0,0.0,0.0
run_greedy_dara_42,140,2,relay,-23.180000000000014,0.0,active,1,58.36327966996117,193.8786394757506
run_greedy_dara_42,140,3,relay,49.930000000000014,0.0,failed,0,0.0,0.0
run_greedy_dara_42,140,4,relay,58.952416941677726,0.0,active,0,0.0,0.0
run_greedy_dara_42,140,5,relay,87.54404109385248,0.0,active,0,0.0,0.0
run_greedy_dara_42,140,6,relay,115.7542941987907,0.0,active,0,0.0,0.0
run_greedy_dara_42,140,7,relay,143.8562610330432,0.0,active,0,0.0,0.0
run_greedy_dara_42,140,8,relay,171.9288579828945,0.0,active,0,0.0,0.0
run_greedy_dara_42,141,0,ground_a,0.0,0.0,active,1,51.15150910636075,169.92174586428135
run_greedy_dara_42,141,1,ground_b,200.0,0.0,active,0,0.0,0.0
run_greedy_dara_42,141,2,relay,-23.360000000000014,0.0,active,1,58.28937272007991,193.63312626348292
run_greedy_dara_42,141,3,relay,49.930000000000014,0.0,failed,0,0.0,0.0
run_greedy_dara_42,141,4,relay,58.78669185917439,0.0,active,0,0.0,0.0
run_greedy_dara_42,141,5,relay,87.42085003597109,0.0,active,0,0.0,0.0
run_greedy_dara_42,141,6,relay,115.61348285436846,0.0,active,0,0.0,0.0
run_greedy_dara_42,141,7,relay,143.73755030518987,0.0,active,0,0.0,0.0
run_greedy_dara_42,141,8,relay,171.92613405033688,0.0,active,0,0.0,0.0
run_greedy_dara_42,142,0,ground_a,0.0,0.0,active,1,51.12108856968504,169.82069180673852
run_greedy_dara_42,142,1,ground_b,200.0,0.0,active,0,0.0,0.0
run_greedy_dara_42,142,2,relay,-23.530000000000015,0.0,active,1,58.22009276789541,193.40298358788507
run_greedy_dara_42,142,3,relay,49.930000000000014,0.0,failed,0,0.0,0.0
run_greedy_dara_42,142,4,relay,58.62068430142206,0.0,active,0,0.0,0.0
run_greedy_dara_42,142,5,relay,87.2846162954541,0.0,active,0,0.0,0.0
run_greedy_dara_42,142,6,relay,115.46491491327288,0.0,active,0,0.0,0.0
run_greedy_dara_42,142,7,relay,143.66883957733654,0.0,active,0,0.0,0.0
run_greedy_dara_42,142,8,relay,171.87422729754655,0.0,active,0,0.0,0.0
run_greedy_dara_42,143,0,ground_a,0.0,0.0,active,1,51.0922628397891,169.72493554690647
run_greedy_dara_42,143,1,ground_b,200.0,0.0,active,0,0.0,0.0
run_greedy_dara_42,143,2,relay,-23.690000000000015,0.0,active,1,58.155343829867036,193.18789259801287
run_greedy_dara_42,143,3,relay,49.930000000000014,0.0,failed,0,0.0,0.0
run_greedy_dara_42,143,4,relay,58.45447901099543,0.0,active,0,0.0,0.0
run_greedy_dara_42,143,5,relay,87.13925267709222,0.0,active,0,0.0,0.0
run_greedy_dara_42,143,6,relay,115.3663469721773,0.0,active,0,0.0,0.0
run_greedy_dara_42,143,7,relay,143.6001288494832,0.0,active,0,0.0,0.0
run_greedy_dara_42,143,8,relay,171.78789257059333,0.0,active,0,0.0,0.0
run_greedy_dara_42,144,0,ground_a,0.0,0.0,active,1,51.065066006259556,169.63459032626977
run_greedy_dara_42,144,1,ground_b,200.0,0.0,active,0,0.0,0.0
run_greedy_dara_42,144,2,relay,-23.840000000000014,0.0,active,1,58.0950376422675,192.98756008761669
run_greedy_dara_42,144,3,relay,49.930000000000014,0.0,failed,0,0.0,0.0
run_greedy_dara_42,144,4,relay,58.288135307696784,0.0,active,0,0.0,0.0
run_greedy_dara_42,144,5,relay,86.9874981442389,0.0,active,0,0.0,0.0
run_greedy_dara_42,144,6,relay,115.31777903108173,0.0,active,0,0.0,0.0
run_greedy_dara_42,144,7,relay,143.50203133998588,0.0,active,0,0.0,0.0
run_greedy_dara_42,144,8,relay,171.7515578436401,0.0,active,0,0.0,0.0
run_greedy_dara_42,145,0,ground_a,0.0,0.0,active,1,51.03953041620693,169.54976359799272
run_greedy_dara_42,145,1,ground_b,200.0,0.0,active,0,0.0,0.0
run_greedy_dara_42,145,2,relay,-23.980000000000015,0.0,active,1,58.03909323298561,192.80171707270114
run_greedy_dara_42,145,3,relay,49.930000000000014,0.0,failed,0,0.0,0.0
run_greedy_dara_42,145,4,relay,58.12169471538773,0.0,active,0,0.0,0.0
run_greedy_dara_42,145,5,relay,86.83126997124157,0.0,active,0,0.0,0.0
run_greedy_dara_42,145,6,relay,115.23378147231482,0.0,active,0,0.0,0.0
run_greedy_dara_42,145,7,relay,143.45393383048855,0.0,active,0,0.0,0.0
run_greedy_dara_42,145,8,relay,171.71522311668684,0.0,active,0,0.0,0.0
run_greedy_dara_42,146,0,ground_a,0.0,0.0,active,1,51.015686607661266,169.47055680567152
run_greedy_dara_42,146,1,ground_b,200.0,0.0,active,0,0.0,0.0
run_greedy_dara_42,146,2,relay,-24.110000000000014,0.0,active,1,57.98743653746389,192.63011751569766
run_greedy_dara_42,146,3,relay,49.930000000000014,0.0,failed,0,0.0,0.0
run_greedy_dara_42,146,4,relay,57.955186300771395,0.0,active,0,0.0,0.0
run_greedy_dara_42,146,5,relay,86.67191025014344,0.0,active,0,0.0,0.0
run_greedy_dara_42,146,6,relay,115.12498318117798,0.0,active,0,0.0,0.0
run_greedy_dara_42,146,7,relay,143.4558363209912,0.0,active,0,0.0,0.0
run_greedy_dara_42,146,8,relay,171.7288883897336,0.0,active,0,0.0,0.0
run_greedy_dara_42,147,0,ground_a,0.0,0.0,active,1,50.99356324428379,169.39706516645862
run_greedy_dara_42,147,1,ground_b,200.0,0.0,active,0,0.0,0.0
run_greedy_dara_42,147,2,relay,-24.230000000000015,0.0,active,1,57.94000005474274,192.47253718286805
run_greedy_dara_42,147,3,relay,49.930000000000014,0.0,failed,0,0.0,0.0
run_greedy_dara_42,147,4,relay,57.78863041053996,0.0,active,0,0.0,0.0
run_greedy_dara_42,147,5,relay,86.51035844537475,0.0,active,0,0.0,0.0
run_greedy_dara_42,147,6,relay,114.99882437738219,0.0,active,0,0.0,0.0
run_greedy_dara_42,147,7,relay,143.40773881149389,0.0,active,0,0.0,0.0
run_greedy_dara_42,147,8,relay,171.74255366278038,0.0,active,0,0.0,0.0
run_greedy_dara_42,148,0,ground_a,0.0,0.0,active,1,50.973187052173344,169.32937746114524
run_greedy_dara_42,148,1,ground_b,200.0,0.0,active,0,0.0,0.0
run_greedy_dara_42,148,2,relay,-24.340000000000014,0.0,active,1,57.896722540098864,192.3287726232718
run_greedy_dara_42,148,3,relay,49.930000000000014,0.0,failed,0,0.0,0.0
run_greedy_dara_42,148,4,relay,57.622041287377954,0.0,active,0,0.0,0.0
run_greedy_dara_42,148,5,relay,86.34727218203666,0.0,active,0,0.0,0.0
run_greedy_dara_42,148,6,relay,114.86051321472515,0.0,active,0,0.0,0.0
run_greedy_dara_42,148,7,relay,143.32407055484575,0.0,active,0,0.0,0.0
run_greedy_dara_42,148,8,relay,171.70621893582714,0.0,active,0,0.0,0.0
run_greedy_dara_42,149,0,ground_a,0.0,0.0,active,1,50.95458275944658,169.26757583345818
run_greedy_dara_42,149,1,ground_b,200.0,0.0,active,0,0.0,0.0
run_greedy_dara_42,149,2,relay,-24.440000000000015,0.0,active,1,57.8575487312165,192.19864025912642
run_greedy_dara_42,149,3,relay,49.930000000000014,0.0,failed,0,0.0,0.0
run_greedy_dara_42,149,4,relay,57.45542890116455,0.0,active,0,0.0,0.0
run_greedy_dara_42,149,5,relay,86.18311179770001,0.0,active,0,0.0,0.0
run_greedy_dara_42,149,6,relay,114.7136954008652,0.0,active,0,0.0,0.0
run_greedy_dara_42,149,7,relay,143.21550277519205,0.0,active,0,0.0,0.0
run_greedy_dara_42,149,8,relay,171.63078462695987,0.0,active,0,0.0,0.0
