run_id,timestep,agent_id,role,x,y,status,degree,avg_snr_db,avg_rate_mbps
run_heuristic_dara_1000,0,0,ground_a,0.0,0.0,active,1,51.319374811716415,170.47937947110617
run_heuristic_dara_1000,0,1,ground_b,134.39999999999998,0.0,active,1,51.319374811716415,170.47937947110617
run_heuristic_dara_1000,0,2,relay,22.399999999999995,0.0,active,2,55.004846787066356,182.72220888535537
run_heuristic_dara_1000,0,3,relay,44.79999999999999,0.0,active,2,51.319374811716415,170.47937947110617
run_heuristic_dara_1000,0,4,relay,67.19999999999999,0.0,active,2,51.319374811716415,170.47937947110617
run_heuristic_dara_1000,0,5,relay,89.59999999999998,0.0,active,2,51.319374811716415,170.47937947110617
run_heuristic_dara_1000,0,6,relay,111.99999999999999,0.0,active,2,55.004846787066356,182.72220888535537
run_heuristic_dara_1000,1,0,ground_a,0.0,0.0,active,1,51.319374811716415,170.47937947110617
run_heuristic_dara_1000,1,1,ground_b,134.39999999999998,0.0,active,1,51.319374811716415,170.47937947110617
run_heuristic_dara_1000,1,2,relay,22.399999999999995,0.0,active,2,55.004846787066356,182.72220888535537
run_heuristic_dara_1000,1,3,relay,44.79999999999999,0.0,active,2,51.319374811716415,170.47937947110617
run_heuristic_dara_1000,1,4,relay,67.19999999999999,0.0,active,2,51.319374811716415,170.47937947110617
run_heuristic_dara_1000,1,5,relay,89.59999999999998,0.0,active,2,51.319374811716415,170.47937947110617
run_heuristic_dara_1000,1,6,relay,111.99999999999999,0.0,active,2,55.004846787066356,182.72220888535537
run_heuristic_dara_1000,2,0,ground_a,0.0,0.0,active,1,51.319374811716415,170.47937947110617
run_heuristic_dara_1000,2,1,ground_b,134.39999999999998,0.0,active,1,51.319374811716415,170.47937947110617
run_heuristic_dara_1000,2,2,relay,22.399999999999995,0.0,active,2,55.004846787066356,182.72220888535537
run_heuristic_dara_1000,2,3,relay,44.79999999999999,0.0,active,2,51.319374811716415,170.47937947110617
run_heuristic_dara_1000,2,4,relay,67.19999999999999,0.0,active,2,51.319374811716415,170.47937947110617
run_heuristic_dara_1000,2,5,relay,89.59999999999998,0.0,active,2,51.319374811716415,170.47937947110617
run_heuristic_dara_1000,2,6,relay,111.99999999999999,0.0,active,2,55.004846787066356,182.72220888535537
run_heuristic_dara_1000,3,0,ground_a,0.0,0.0,active,1,51.319374811716415,170.47937947110617
run_heuristic_dara_1000,3,1,ground_b,134.39999999999998,0.0,active,1,51.319374811716415,170.47937947110617
run_heuristic_dara_1000,3,2,relay,22.399999999999995,0.0,active,2,55.004846787066356,182.72220888535537
run_heuristic_dara_1000,3,3,relay,44.79999999999999,0.0,active,2,51.319374811716415,170.47937947110617
run_heuristic_dara_1000,3,4,relay,67.19999999999999,0.0,active,2,51.319374811716415,170.47937947110617
run_heuristic_dara_1000,3,5,relay,89.59999999999998,0.0,active,2,51.319374811716415,170.47937947110617
run_heuristic_dara_1000,3,6,relay,111.99999999999999,0.0,active,2,55.004846787066356,182.72220888535537
run_heuristic_dara_1000,4,0,ground_a,0.0,0.0,active,1,51.319374811716415,170.47937947110617
run_heuristic_dara_1000,4,1,ground_b,134.39999999999998,0.0,active,1,51.319374811716415,170.47937947110617
run_heuristic_dara_1000,4,2,relay,22.399999999999995,0.0,active,2,55.004846787066356,182.72220888535537
run_heuristic_dara_1000,4,3,relay,44.79999999999999,0.0,active,2,51.319374811716415,170.47937947110617
run_heuristic_dara_1000,4,4,relay,67.19999999999999,0.0,active,2,51.319374811716415,170.47937947110617
run_heuristic_dara_1000,4,5,relay,89.59999999999998,0.0,active,2,51.319374811716415,170.47937947110617
run_heuristic_dara_1000,4,6,relay,111.99999999999999,0.0,active,2,55.004846787066356,182.72220888535537
run_heuristic_dara_1000,5,0,ground_a,0.0,0.0,active,1,51.319374811716415,170.47937947110617
run_heuristic_dara_1000,5,1,ground_b,134.39999999999998,0.0,active,1,51.319374811716415,170.47937947110617
run_heuristic_dara_1000,5,2,relay,22.399999999999995,0.0,active,2,55.004846787066356,182.72220888535537
run_heuristic_dara_1000,5,3,relay,44.79999999999999,0.0,active,2,51.319374811716415,170.47937947110617
run_heuristic_dara_1000,5,4,relay,67.19999999999999,0.0,active,2,51.319374811716415,170.47937947110617
run_heuristic_dara_1000,5,5,relay,89.59999999999998,0.0,active,2,51.319374811716415,170.47937947110617
run_heuristic_dara_1000,5,6,relay,111.99999999999999,0.0,active,2,55.004846787066356,182.72220888535537
run_heuristic_dara_1000,6,0,ground_a,0.0,0.0,active,1,51.319374811716415,170.47937947110617
run_heuristic_dara_1000,6,1,ground_b,134.39999999999998,0.0,active,1,51.319374811716415,170.47937947110617
run_heuristic_dara_1000,6,2,relay,22.399999999999995,0.0,active,2,55.004846787066356,182.72220888535537
run_heuristic_dara_1000,6,3,relay,44.79999999999999,0.0,active,2,51.319374811716415,170.47937947110617
run_heuristic_dara_1000,6,4,relay,67.19999999999999,0.0,active,2,51.319374811716415,170.47937947110617
run_heuristic_dara_1000,6,5,relay,89.59999999999998,0.0,active,2,51.319374811716415,170.47937947110617
run_heuristic_dara_1000,6,6,relay,111.99999999999999,0.0,active,2,55.004846787066356,182.72220888535537
run_heuristic_dara_1000,7,0,ground_a,0.0,0.0,active,1,51.319374811716415,170.47937947110617
run_heuristic_dara_1000,7,1,ground_b,134.39999999999998,0.0,active,1,51.319374811716415,170.47937947110617
run_heuristic_dara_1000,7,2,relay,22.399999999999995,0.0,active,2,55.004846787066356,182.72220888535537
run_heuristic_dara_1000,7,3,relay,44.79999999999999,0.0,active,2,51.319374811716415,170.47937947110617
run_heuristic_dara_1000,7,4,relay,67.19999999999999,0.0,active,2,51.319374811716415,170.47937947110617
run_heuristic_dara_1000,7,5,relay,89.59999999999998,0.0,active,2,51.319374811716415,170.47937947110617
run_heuristic_dara_1000,7,6,relay,111.99999999999999,0.0,active,2,55.004846787066356,182.72220888535537
run_heuristic_dara_1000,8,0,ground_a,0.0,0.0,active,1,51.319374811716415,170.47937947110617
run_heuristic_dara_1000,8,1,ground_b,134.39999999999998,0.0,active,1,51.319374811716415,170.47937947110617
run_heuristic_dara_1000,8,2,relay,22.399999999999995,0.0,active,2,55.004846787066356,182.72220888535537
run_heuristic_dara_1000,8,3,relay,44.79999999999999,0.0,active,2,51.319374811716415,170.47937947110617
run_heuristic_dara_1000,8,4,relay,67.19999999999999,0.0,active,2,51.319374811716415,170.47937947110617
run_heuristic_dara_1000,8,5,relay,89.59999999999998,0.0,active,2,51.319374811716415,170.47937947110617
run_heuristic_dara_1000,8,6,relay,111.99999999999999,0.0,active,2,55.004846787066356,182.72220888535537
run_heuristic_dara_1000,9,0,ground_a,0.0,0.0,active,1,51.319374811716415,170.47937947110617
run_heuristic_dara_1000,9,1,ground_b,134.39999999999998,0.0,active,1,51.319374811716415,170.47937947110617
run_heuristic_dara_1000,9,2,relay,22.399999999999995,0.0,active,2,55.004846787066356,182.72220888535537
run_heuristic_dara_1000,9,3,relay,44.79999999999999,0.0,active,2,51.319374811716415,170.47937947110617
run_heuristic_dara_1000,9,4,relay,67.19999999999999,0.0,active,2,51.319374811716415,170.47937947110617
run_heuristic_dara_1000,9,5,relay,89.59999999999998,0.0,active,2,51.319374811716415,170.47937947110617
run_heuristic_dara_1000,9,6,relay,111.99999999999999,0.0,active,2,55.004846787066356,182.72220888535537
run_heuristic_dara_1000,10,0,ground_a,0.0,0.0,active,1,51.319374811716415,170.47937947110617
run_heuristic_dara_1000,10,1,ground_b,134.39999999999998,0.0,active,1,51.319374811716415,170.47937947110617
run_heuristic_dara_1000,10,2,relay,22.399999999999995,0.0,active,2,55.004846787066356,182.72220888535537
run_heuristic_dara_1000,10,3,relay,44.79999999999999,0.0,active,2,51.319374811716415,170.47937947110617
run_heuristic_dara_1000,10,4,relay,67.19999999999999,0.0,active,2,51.319374811716415,170.47937947110617
run_heuristic_dara_1000,10,5,relay,89.59999999999998,0.0,active,2,51.319374811716415,170.47937947110617
run_heuristic_dara_1000,10,6,relay,111.99999999999999,0.0,active,2,55.004846787066356,182.72220888535537
run_heuristic_dara_1000,11,0,ground_a,0.0,0.0,active,1,51.319374811716415,170.47937947110617
run_heuristic_dara_1000,11,1,ground_b,134.39999999999998,0.0,active,1,51.319374811716415,170.47937947110617
run_heuristic_dara_1000,11,2,relay,22.399999999999995,0.0,active,2,55.004846787066356,182.72220888535537
run_heuristic_dara_1000,11,3,relay,44.79999999999999,0.0,active,2,51.319374811716415,170.47937947110617
run_heuristic_dara_1000,11,4,relay,67.19999999999999,0.0,active,2,51.319374811716415,170.47937947110617
run_heuristic_dara_1000,11,5,relay,89.59999999999998,0.0,active,2,51.319374811716415,170.47937947110617
run_heuristic_dara_1000,11,6,relay,111.99999999999999,0.0,active,2,55.004846787066356,182.72220888535537
run_heuristic_dara_1000,12,0,ground_a,0.0,0.0,active,1,51.319374811716415,170.47937947110617
run_heuristic_dara_1000,12,1,ground_b,134.39999999999998,0.0,active,1,51.319374811716415,170.47937947110617
run_heuristic_dara_1000,12,2,relay,22.399999999999995,0.0,active,2,55.004846787066356,182.72220888535537
run_heuristic_dara_1000,12,3,relay,44.79999999999999,0.0,active,2,51.319374811716415,170.47937947110617
run_heuristic_dara_1000,12,4,relay,67.19999999999999,0.0,active,2,51.319374811716415,170.47937947110617
run_heuristic_dara_1000,12,5,relay,89.59999999999998,0.0,active,2,51.319374811716415,170.47937947110617
run_heuristic_dara_1000,12,6,relay,111.99999999999999,0.0,active,2,55.004846787066356,182.72220888535537
run_heuristic_dara_1000,13,0,ground_a,0.0,0.0,active,1,51.319374811716415,170.47937947110617
run_heuristic_dara_1000,13,1,ground_b,134.39999999999998,0.0,active,1,51.319374811716415,170.47937947110617
run_heuristic_dara_1000,13,2,relay,22.399999999999995,0.0,active,2,55.004846787066356,182.72220888535537
run_heuristic_dara_1000,13,3,relay,44.79999999999999,0.0,active,2,51.319374811716415,170.47937947110617
run_heuristic_dara_1000,13,4,relay,67.19999999999999,0.0,active,2,51.319374811716415,170.47937947110617
run_heuristic_dara_1000,13,5,relay,89.59999999999998,0.0,active,2,51.319374811716415,170.47937947110617
run_heuristic_dara_1000,13,6,relay,111.99999999999999,0.0,active,2,55.004846787066356,182.72220888535537
run_heuristic_dara_1000,14,0,ground_a,0.0,0.0,active,1,51.319374811716415,170.47937947110617
run_heuristic_dara_1000,14,1,ground_b,134.39999999999998,0.0,active,1,51.319374811716415,170.47937947110617
run_heuristic_dara_1000,14,2,relay,22.399999999999995,0.0,active,2,55.004846787066356,182.72220888535537
run_heuristic_dara_1000,14,3,relay,44.79999999999999,0.0,active,2,51.319374811716415,170.47937947110617
run_heuristic_dara_1000,14,4,relay,67.19999999999999,0.0,active,2,51.319374811716415,170.47937947110617
run_heuristic_dara_1000,14,5,relay,89.59999999999998,0.0,active,2,51.319374811716415,170.47937947110617
run_heuristic_dara_1000,14,6,relay,111.99999999999999,0.0,active,2,55.004846787066356,182.72220888535537
run_heuristic_dara_1000,15,0,ground_a,0.0,0.0,active,1,51.319374811716415,170.47937947110617
run_heuristic_dara_1000,15,1,ground_b,134.39999999999998,0.0,active,1,51.319374811716415,170.47937947110617
run_heuristic_dara_1000,15,2,relay,22.399999999999995,0.0,active,2,55.004846787066356,182.72220888535537
run_heuristic_dara_1000,15,3,relay,44.79999999999999,0.0,active,2,51.319374811716415,170.47937947110617
run_heuristic_dara_1000,15,4,relay,67.19999999999999,0.0,active,2,51.319374811716415,170.47937947110617
run_heuristic_dara_1000,15,5,relay,89.59999999999998,0.0,active,2,51.319374811716415,170.47937947110617
run_heuristic_dara_1000,15,6,relay,111.99999999999999,0.0,active,2,55.004846787066356,182.72220888535537
run_heuristic_dara_1000,16,0,ground_a,0.0,0.0,active,1,51.319374811716415,170.47937947110617
run_heuristic_dara_1000,16,1,ground_b,134.39999999999998,0.0,active,1,51.319374811716415,170.47937947110617
run_heuristic_dara_1000,16,2,relay,22.399999999999995,0.0,active,2,55.004846787066356,182.72220888535537
run_heuristic_dara_1000,16,3,relay,44.79999999999999,0.0,active,2,51.319374811716415,170.47937947110617
run_heuristic_dara_1000,16,4,relay,67.19999999999999,0.0,active,2,51.319374811716415,170.47937947110617
run_heuristic_dara_1000,16,5,relay,89.59999999999998,0.0,active,2,51.319374811716415,170.47937947110617
run_heuristic_dara_1000,16,6,relay,111.99999999999999,0.0,active,2,55.004846787066356,182.72220888535537
run_heuristic_dara_1000,17,0,ground_a,0.0,0.0,active,1,51.319374811716415,170.47937947110617
run_heuristic_dara_1000,17,1,ground_b,134.39999999999998,0.0,active,1,51.319374811716415,170.47937947110617
run_heuristic_dara_1000,17,2,relay,22.399999999999995,0.0,active,2,55.004846787066356,182.72220888535537
run_heuristic_dara_1000,17,3,relay,44.79999999999999,0.0,active,2,51.319374811716415,170.47937947110617
run_heuristic_dara_1000,17,4,relay,67.19999999999999,0.0,active,2,51.319374811716415,170.47937947110617
run_heuristic_dara_1000,17,5,relay,89.59999999999998,0.0,active,2,51.319374811716415,170.47937947110617
run_heuristic_dara_1000,17,6,relay,111.99999999999999,0.0,active,2,55.004846787066356,182.72220888535537
run_heuristic_dara_1000,18,0,ground_a,0.0,0.0,active,1,51.319374811716415,170.47937947110617
run_heuristic_dara_1000,18,1,ground_b,134.39999999999998,0.0,active,1,51.319374811716415,170.47937947110617
run_heuristic_dara_1000,18,2,relay,22.399999999999995,0.0,active,2,55.004846787066356,182.72220888535537
run_heuristic_dara_1000,18,3,relay,44.79999999999999,0.0,active,2,51.319374811716415,170.47937947110617
run_heuristic_dara_1000,18,4,relay,67.19999999999999,0.0,active,2,51.319374811716415,170.47937947110617
run_heuristic_dara_1000,18,5,relay,89.59999999999998,0.0,active,2,51.319374811716415,170.47937947110617
run_heuristic_dara_1000,18,6,relay,111.99999999999999,0.0,active,2,55.004846787066356,182.72220888535537
run_heuristic_dara_1000,19,0,ground_a,0.0,0.0,active,1,51.319374811716415,170.47937947110617
run_heuristic_dara_1000,19,1,ground_b,134.39999999999998,0.0,active,1,51.319374811716415,170.47937947110617
run_heuristic_dara_1000,19,2,relay,22.399999999999995,0.0,active,2,55.004846787066356,182.72220888535537
run_heuristic_dara_1000,19,3,relay,44.79999999999999,0.0,active,2,51.319374811716415,170.47937947110617
run_heuristic_dara_1000,19,4,relay,67.19999999999999,0.0,active,2,51.319374811716415,170.47937947110617
run_heuristic_dara_1000,19,5,relay,89.59999999999998,0.0,active,2,51.319374811716415,170.47937947110617
run_heuristic_dara_1000,19,6,relay,111.99999999999999,0.0,active,2,55.004846787066356,182.72220888535537
run_heuristic_dara_1000,20,0,ground_a,0.0,0.0,active,1,51.319374811716415,170.47937947110617
run_heuristic_dara_1000,20,1,ground_b,134.39999999999998,0.0,active,1,51.319374811716415,170.47937947110617
run_heuristic_dara_1000,20,2,relay,22.399999999999995,0.0,active,2,55.004846787066356,182.72220888535537
run_heuristic_dara_1000,20,3,relay,44.79999999999999,0.0,active,2,51.315084219621376,170.4651265379741
run_heuristic_dara_1000,20,4,relay,67.24999999999999,0.0,active,1,51.31079362752634,170.45087360484203
run_heuristic_dara_1000,20,5,relay,89.59999999999998,0.0,failed,0,0.0,0.0
run_heuristic_dara_1000,20,6,relay,111.99999999999999,0.0,active,1,58.6903187624163,194.96503829960457
run_heuristic_dara_1000,21,0,ground_a,0.0,0.0,active,1,51.319374811716415,170.47937947110617
run_heuristic_dara_1000,21,1,ground_b,134.39999999999998,0.0,active,1,51.319374811716415,170.47937947110617
run_heuristic_dara_1000,21,2,relay,22.399999999999995,0.0,active,2,55.00055619497132,182.7079559522233
run_heuristic_dara_1000,21,3,relay,44.84999999999999,0.0,active,2,51.307784989929296,170.44087920103792
run_heuristic_dara_1000,21,4,relay,67.33499999999998,0.0,active,1,51.304776352332254,170.4308847972338
run_heuristic_dara_1000,21,5,relay,89.59999999999998,0.0,failed,0,0.0,0.0
run_heuristic_dara_1000,21,6,relay,111.99999999999999,0.0,active,1,58.6903187624163,194.96503829960457
run_heuristic_dara_1000,22,0,ground_a,0.0,0.0,active,1,51.31079362752634,170.45087360484203
run_heuristic_dara_1000,22,1,ground_b,134.39999999999998,0.0,active,1,51.319374811716415,170.47937947110617
run_heuristic_dara_1000,22,2,relay,22.449999999999996,0.0,active,2,54.986895960317305,182.66257775685568
run_heuristic_dara_1000,22,3,relay,44.93499999999999,0.0,active,2,51.302667742691575,170.4238801995212
run_heuristic_dara_1000,22,4,relay,67.44449999999998,0.0,active,1,51.300559133050896,170.4168756018086
run_heuristic_dara_1000,22,5,relay,89.59999999999998,0.0,failed,0,0.0,0.0
run_heuristic_dara_1000,22,6,relay,111.99999999999999,0.0,active,1,58.6903187624163,194.96503829960457
run_heuristic_dara_1000,23,0,ground_a,0.0,0.0,active,1,51.29616529297854,170.40227968926962
run_heuristic_dara_1000,23,1,ground_b,134.39999999999998,0.0,active,1,51.319374811716415,170.47937947110617
run_heuristic_dara_1000,23,2,relay,22.534999999999997,0.0,active,2,54.96673396293243,182.5956011850066
run_heuristic_dara_1000,23,3,relay,45.044499999999985,0.0,active,2,51.299081848899256,170.41196820646786
run_heuristic_dara_1000,23,4,relay,67.57114999999997,0.0,active,1,51.297604564747616,170.4070608111271
run_heuristic_dara_1000,23,5,relay,89.59999999999998,0.0,failed,0,0.0,0.0
run_heuristic_dara_1000,23,6,relay,111.99999999999999,0.0,active,1,58.6903187624163,194.96503829960457
run_heuristic_dara_1000,24,0,ground_a,0.0,0.0,active,1,51.290127067097686,170.38222128600262
run_heuristic_dara_1000,24,1,ground_b,134.39999999999998,0.0,active,1,51.319374811716415,170.47937947110617
run_heuristic_dara_1000,24,2,relay,22.569999999999997,0.0,active,2,54.95141331911928,182.54470733672656
run_heuristic_dara_1000,24,3,relay,45.17114999999998,0.0,active,2,51.29014045295757,170.38226575261893
run_heuristic_dara_1000,24,4,relay,67.70980499999997,0.0,active,1,51.295535133733694,170.40018636110278
run_heuristic_dara_1000,24,5,relay,89.59999999999998,0.0,failed,0,0.0,0.0
run_heuristic_dara_1000,24,6,relay,111.99999999999999,0.0,active,1,58.6903187624163,194.96503829960457
run_heuristic_dara_1000,25,0,ground_a,0.0,0.0,active,1,51.277245456882724,170.33942982153357
run_heuristic_dara_1000,25,1,ground_b,134.39999999999998,0.0,active,1,51.319374811716415,170.47937947110617
run_heuristic_dara_1000,25,2,relay,22.644499999999997,0.0,active,2,54.935484538726264,182.4917931503654
run_heuristic_dara_1000,25,3,relay,45.247799999999984,0.0,active,2,51.28387584328868,170.3614553244064
run_heuristic_dara_1000,25,4,relay,67.85686349999997,0.0,active,1,51.28337758901675,170.35980017185753
run_heuristic_dara_1000,25,5,relay,89.59999999999998,0.0,failed,0,0.0,0.0
run_heuristic_dara_1000,25,6,relay,111.99999999999999,0.0,active,1,58.6903187624163,194.96503829960457
run_heuristic_dara_1000,26,0,ground_a,0.0,0.0,active,1,51.27300063859522,170.32532894553833
run_heuristic_dara_1000,26,1,ground_b,134.39999999999998,0.0,active,1,51.319374811716415,170.47937947110617
run_heuristic_dara_1000,26,2,relay,22.668999999999997,0.0,active,2,54.92346541740126,182.45186668699068
run_heuristic_dara_1000,26,3,relay,45.35145499999999,0.0,active,2,51.272757048247094,170.3245197619659
run_heuristic_dara_1000,26,4,relay,68.00980444999998,0.0,active,1,51.27484645310746,170.3314605628965
run_heuristic_dara_1000,26,5,relay,89.59999999999998,0.0,failed,0,0.0,0.0
run_heuristic_dara_1000,26,6,relay,111.99999999999999,0.0,active,1,58.6903187624163,194.96503829960457
run_heuristic_dara_1000,27,0,ground_a,0.0,0.0,active,1,51.26134453808379,170.28660850698915
run_heuristic_dara_1000,27,1,ground_b,134.39999999999998,0.0,active,1,51.319374811716415,170.47937947110617
run_heuristic_dara_1000,27,2,relay,22.73615,0.0,active,2,54.91050518508318,182.40881376350043
run_heuristic_dara_1000,27,3,relay,45.405109999999986,0.0,active,2,51.26494970244784,170.29858451442644
run_heuristic_dara_1000,27,4,relay,68.16686311499997,0.0,active,1,51.25689183251727,170.27181704995712
run_heuristic_dara_1000,27,5,relay,89.59999999999998,0.0,failed,0,0.0,0.0
run_heuristic_dara_1000,27,6,relay,111.99999999999999,0.0,active,1,58.6903187624163,194.96503829960457
run_heuristic_dara_1000,28,0,ground_a,0.0,0.0,active,1,51.258362451966676,170.27670230545303
run_heuristic_dara_1000,28,1,ground_b,134.39999999999998,0.0,active,1,51.319374811716415,170.47937947110617
run_heuristic_dara_1000,28,2,relay,22.7533,0.0,active,2,54.900791788285396,182.37654672615662
run_heuristic_dara_1000,28,3,relay,45.492668499999986,0.0,active,2,51.25253168975235,170.25733307790057
run_heuristic_dara_1000,28,4,relay,68.32680418049998,0.0,active,1,51.24427832299216,170.22991619246042
run_heuristic_dara_1000,28,5,relay,89.59999999999998,0.0,failed,0,0.0,0.0
run_heuristic_dara_1000,28,6,relay,111.99999999999999,0.0,active,1,58.6903187624163,194.96503829960457
run_heuristic_dara_1000,29,0,ground_a,0.0,0.0,active,1,51.26407266050366,170.295671065741
run_heuristic_dara_1000,29,1,ground_b,134.39999999999998,0.0,active,1,51.319374811716415,170.47937947110617
run_heuristic_dara_1000,29,2,relay,22.72045,0.0,active,2,54.89512781860694,182.35773170727924
run_heuristic_dara_1000,29,3,relay,45.603959449999984,0.0,active,2,51.23553975554493,170.2008875179392
run_heuristic_dara_1000,29,4,relay,68.48876292634998,0.0,active,1,51.23542660742744,170.20051165085684
run_heuristic_dara_1000,29,5,relay,89.59999999999998,0.0,failed,0,0.0,0.0
run_heuristic_dara_1000,29,6,relay,111.99999999999999,0.0,active,1,58.6903187624163,194.96503829960457
run_heuristic_dara_1000,30,0,ground_a,0.0,0.0,active,1,51.26109248932549,170.2857712254002
run_heuristic_dara_1000,30,1,ground_b,134.39999999999998,0.0,active,1,51.319374811716415,170.47937947110617
run_heuristic_dara_1000,30,2,relay,22.7376,0.0,active,2,54.88327595495907,182.31836089168397
run_heuristic_dara_1000,30,3,relay,45.71525039999998,0.0,active,2,51.22273371230505,170.15834708369772
run_heuristic_dara_1000,30,4,relay,68.65213404844498,0.0,active,1,51.22630899418188,170.1702238233876
run_heuristic_dara_1000,30,5,relay,89.59999999999998,0.0,failed,0,0.0,0.0
run_heuristic_dara_1000,30,6,relay,111.99999999999999,0.0,active,1,58.6903187624163,194.96503829960457
run_heuristic_dara_1000,31,0,ground_a,0.0,0.0,active,1,51.25030035888993,170.2499208125905
run_heuristic_dara_1000,31,1,ground_b,134.39999999999998,0.0,active,1,51.319374811716415,170.47937947110617
run_heuristic_dara_1000,31,2,relay,22.799605,0.0,active,2,54.87032891959784,182.2753518301643
run_heuristic_dara_1000,31,3,relay,45.77654134999998,0.0,active,2,51.21374561022516,170.1284894804745
run_heuristic_dara_1000,31,4,relay,68.81649383391148,0.0,active,1,51.20820744159761,170.11009222163293
run_heuristic_dara_1000,31,5,relay,89.59999999999998,0.0,failed,0,0.0,0.0
run_heuristic_dara_1000,31,6,relay,111.99999999999999,0.0,active,1,58.6903187624163,194.96503829960457
run_heuristic_dara_1000,32,0,ground_a,0.0,0.0,active,1,51.233991453499556,170.19574420858018
run_heuristic_dara_1000,32,1,ground_b,134.39999999999998,0.0,active,1,51.319374811716415,170.47937947110617
run_heuristic_dara_1000,32,2,relay,22.8930085,0.0,active,2,54.85084177840029,182.2106170388381
run_heuristic_dara_1000,32,3,relay,45.86944501499998,0.0,active,2,51.207431165478354,170.10751350812228
run_heuristic_dara_1000,32,4,relay,68.98154568373803,0.0,active,1,51.1954908103876,170.06784880745684
run_heuristic_dara_1000,32,5,relay,89.59999999999998,0.0,failed,0,0.0,0.0
run_heuristic_dara_1000,32,6,relay,111.99999999999999,0.0,active,1,58.6903187624163,194.96503829960457
run_heuristic_dara_1000,33,0,ground_a,0.0,0.0,active,1,51.213758581309705,170.12853256907016
run_heuristic_dara_1000,33,1,ground_b,134.39999999999998,0.0,active,1,51.319374811716415,170.47937947110617
run_heuristic_dara_1000,33,2,relay,23.00839095,0.0,active,2,54.82685532274572,182.13093587091683
run_heuristic_dara_1000,33,3,relay,45.984477580499984,0.0,active,2,51.20299985712752,170.092793132316
run_heuristic_dara_1000,33,4,relay,69.14708197861663,0.0,active,1,51.186566775552976,170.03820403076367
run_heuristic_dara_1000,33,5,relay,89.59999999999998,0.0,failed,0,0.0,0.0
run_heuristic_dara_1000,33,6,relay,111.99999999999999,0.0,active,1,58.6903187624163,194.96503829960457
run_heuristic_dara_1000,34,0,ground_a,0.0,0.0,active,1,51.20225094411063,170.09030531520224
run_heuristic_dara_1000,34,1,ground_b,134.39999999999998,0.0,active,1,51.319374811716415,170.47937947110617
run_heuristic_dara_1000,34,2,relay,23.0737734,0.0,active,2,54.807574291712534,182.06688588081965
run_heuristic_dara_1000,34,3,relay,46.11500037634998,0.0,active,2,51.194146040703465,170.06338161374578
run_heuristic_dara_1000,34,4,relay,69.31295738503164,0.0,active,1,51.18030895223458,170.01741614996416
run_heuristic_dara_1000,34,5,relay,89.59999999999998,0.0,failed,0,0.0,0.0
run_heuristic_dara_1000,34,6,relay,111.99999999999999,0.0,active,1,58.6903187624163,194.96503829960457
run_heuristic_dara_1000,35,0,ground_a,0.0,0.0,active,1,51.19953907474924,170.08129674850386
run_heuristic_dara_1000,35,1,ground_b,134.39999999999998,0.0,active,1,51.319374811716415,170.47937947110617
run_heuristic_dara_1000,35,2,relay,23.08915585,0.0,active,2,54.79327495488432,182.01938480765136
run_heuristic_dara_1000,35,3,relay,46.25636633344498,0.0,active,2,51.18083751791655,170.0191719938443
run_heuristic_dara_1000,35,4,relay,69.47907016952215,0.0,active,1,51.17592307733605,170.00284669999698
run_heuristic_dara_1000,35,5,relay,89.59999999999998,0.0,failed,0,0.0,0.0
run_heuristic_dara_1000,35,6,relay,111.99999999999999,0.0,active,1,58.6903187624163,194.96503829960457
run_heuristic_dara_1000,36,0,ground_a,0.0,0.0,active,1,51.18880922202308,170.04565322002566
run_heuristic_dara_1000,36,1,ground_b,134.39999999999998,0.0,active,1,51.319374811716415,170.47937947110617
run_heuristic_dara_1000,36,2,relay,23.149923565,0.0,active,2,54.772903259448434,181.95171175863624
run_heuristic_dara_1000,36,3,relay,46.40532250341148,0.0,active,2,51.17148601052393,169.98810719558992
run_heuristic_dara_1000,36,4,relay,69.64534911866551,0.0,active,1,51.17285031647177,169.99263928724218
run_heuristic_dara_1000,36,5,relay,89.59999999999998,0.0,failed,0,0.0,0.0
run_heuristic_dara_1000,36,6,relay,111.99999999999999,0.0,active,1,58.6903187624163,194.96503829960457
run_heuristic_dara_1000,37,0,ground_a,0.0,0.0,active,1,51.1724183300129,169.99120427024235
run_heuristic_dara_1000,37,1,ground_b,134.39999999999998,0.0,active,1,51.319374811716415,170.47937947110617
run_heuristic_dara_1000,37,2,relay,23.2424609655,0.0,active,2,54.75327529690136,181.88650918529703
run_heuristic_dara_1000,37,3,relay,46.50427867337798,0.0,active,2,51.1649244173267,169.96631022140548
run_heuristic_dara_1000,37,4,relay,69.81174438306586,0.0,active,1,51.16086698097156,169.95283181265745
run_heuristic_dara_1000,37,5,relay,89.59999999999998,0.0,failed,0,0.0,0.0
run_heuristic_dara_1000,37,6,relay,111.99999999999999,0.0,active,1,58.6903187624163,194.96503829960457
run_heuristic_dara_1000,38,0,ground_a,0.0,0.0,active,1,51.15200175303539,169.92338238855774
run_heuristic_dara_1000,38,1,ground_b,134.39999999999998,0.0,active,1,51.319374811716415,170.47937947110617
run_heuristic_dara_1000,38,2,relay,23.35723714585,0.0,active,2,54.72934330101051,181.8070089411652
run_heuristic_dara_1000,38,3,relay,46.62354799235453,0.0,active,2,51.1603213419767,169.9510192532067
run_heuristic_dara_1000,38,4,relay,69.9782210681461,0.0,active,1,51.15245890441132,169.92490100090976
run_heuristic_dara_1000,38,5,relay,89.59999999999998,0.0,failed,0,0.0,0.0
run_heuristic_dara_1000,38,6,relay,111.99999999999999,0.0,active,1,58.6903187624163,194.96503829960457
run_heuristic_dara_1000,39,0,ground_a,0.0,0.0,active,1,51.140436755530104,169.8849645934878
run_heuristic_dara_1000,39,1,ground_b,134.39999999999998,0.0,active,1,51.319374811716415,170.47937947110617
run_heuristic_dara_1000,39,2,relay,23.422013326200002,0.0,active,2,54.71000147795772,181.74275701646457
run_heuristic_dara_1000,39,3,relay,46.75703651563811,0.0,active,2,51.15126213384028,169.92092544568527
run_heuristic_dara_1000,39,4,relay,70.14475474770227,0.0,active,1,51.14656355531679,169.90531722541874
run_heuristic_dara_1000,39,5,relay,89.59999999999998,0.0,failed,0,0.0,0.0
run_heuristic_dara_1000,39,6,relay,111.99999999999999,0.0,active,1,58.6903187624163,194.96503829960457
run_heuristic_dara_1000,40,0,ground_a,0.0,0.0,active,1,51.13779434001239,169.87618674666797
run_heuristic_dara_1000,40,1,ground_b,134.39999999999998,0.0,active,1,51.31079362752634,170.45087360484203
run_heuristic_dara_1000,40,2,relay,23.436789506550003,0.0,active,2,54.6954981724381,181.6945783866039
run_heuristic_dara_1000,40,3,relay,46.900478481936624,0.0,active,2,51.13770593034064,169.87589305842127
run_heuristic_dara_1000,40,4,relay,70.31132832339158,0.0,active,1,51.142432052547505,169.891592775745
run_heuristic_dara_1000,40,5,relay,89.59999999999998,0.0,failed,0,0.0,0.0
run_heuristic_dara_1000,40,6,relay,111.94999999999999,0.0,active,1,58.66901556830237,194.8942707164776
run_heuristic_dara_1000,41,0,ground_a,0.0,0.0,active,1,51.12698652766781,169.84028424781764
run_heuristic_dara_1000,41,1,ground_b,134.39999999999998,0.0,active,1,51.29616529297854,170.40227968926962
run_heuristic_dara_1000,41,2,relay,23.497132832795003,0.0,active,2,54.68024820769686,181.6439192373486
run_heuristic_dara_1000,41,3,relay,46.99392044823513,0.0,active,2,51.12819386061256,169.84429489011518
run_heuristic_dara_1000,41,4,relay,70.47792982637411,0.0,active,1,51.12933928711014,169.8480998852331
run_heuristic_dara_1000,41,5,relay,89.59999999999998,0.0,failed,0,0.0,0.0
run_heuristic_dara_1000,41,6,relay,111.865,0.0,active,1,58.632908792813964,194.77432676820456
run_heuristic_dara_1000,42,0,ground_a,0.0,0.0,active,1,51.11615190680489,169.80429269437502
run_heuristic_dara_1000,42,1,ground_b,134.39999999999998,0.0,active,1,51.277245456882724,170.33942982153357
run_heuristic_dara_1000,42,2,relay,23.557476159040004,0.0,active,2,54.66951032724259,181.6082487930871
run_heuristic_dara_1000,42,3,relay,47.03736241453364,0.0,active,2,51.11864205127104,169.81256471166944
run_heuristic_dara_1000,42,4,relay,70.64455087846187,0.0,active,1,51.107205887889805,169.77457489286772
run_heuristic_dara_1000,42,5,relay,89.59999999999998,0.0,failed,0,0.0,0.0
run_heuristic_dara_1000,42,6,relay,111.7555,0.0,active,1,58.58659497989191,194.62047582377554
run_heuristic_dara_1000,43,0,ground_a,0.0,0.0,active,1,51.114292069639816,169.7981144968347
run_heuristic_dara_1000,43,1,ground_b,134.39999999999998,0.0,active,1,51.25525642481169,170.26638438383569
run_heuristic_dara_1000,43,2,relay,23.567819485285003,0.0,active,2,54.66112628755135,181.58039778784672
run_heuristic_dara_1000,43,3,relay,47.1177717909426,0.0,active,2,51.10457500625898,169.7658353615081
run_heuristic_dara_1000,43,4,relay,70.8111856149233,0.0,active,1,51.09164573524798,169.7228855859361
run_heuristic_dara_1000,43,5,relay,89.59999999999998,0.0,failed,0,0.0,0.0
run_heuristic_dara_1000,43,6,relay,111.62885,0.0,active,1,58.5333059549956,194.44345376144713
run_heuristic_dara_1000,44,0,ground_a,0.0,0.0,active,1,51.12141846013651,169.82178767063243
run_heuristic_dara_1000,44,1,ground_b,134.39999999999998,0.0,active,1,51.23105204672147,170.1859797841399
run_heuristic_dara_1000,44,2,relay,23.528162811530002,0.0,active,2,54.65601793326032,181.56342850071866
run_heuristic_dara_1000,44,3,relay,47.22405835442887,0.0,active,2,51.08595891988873,169.70399454132527
run_heuristic_dara_1000,44,4,relay,70.9778299304463,0.0,active,1,51.08072077018883,169.68659392018122
run_heuristic_dara_1000,44,5,relay,89.59999999999998,0.0,failed,0,0.0,0.0
run_heuristic_dara_1000,44,6,relay,111.490195,0.0,active,1,58.47530452753202,194.2507774619072
run_heuristic_dara_1000,45,0,ground_a,0.0,0.0,active,1,51.11956086053887,169.8156169060149
run_heuristic_dara_1000,45,1,ground_b,134.39999999999998,0.0,active,1,51.20523012609134,170.1002018685153
run_heuristic_dara_1000,45,2,relay,23.538506137775002,0.0,active,2,54.64358340299702,181.52212216347522
run_heuristic_dara_1000,45,3,relay,47.34845894886926,0.0,active,2,51.071792260626054,169.65693428491818
run_heuristic_dara_1000,45,4,relay,71.1444809513124,0.0,active,1,51.07305714592614,169.66113611010428
run_heuristic_dara_1000,45,5,relay,89.59999999999998,0.0,failed,0,0.0,0.0
run_heuristic_dara_1000,45,6,relay,111.3431365,0.0,active,1,58.414170139026396,194.047693709706
run_heuristic_dara_1000,46,0,ground_a,0.0,0.0,active,1,51.10926656080069,169.78142024706855
run_heuristic_dara_1000,46,1,ground_b,134.39999999999998,0.0,active,1,51.178209787888775,170.01044293009858
run_heuristic_dara_1000,46,2,relay,23.5957464661465,0.0,active,2,54.63042122945733,181.4783984681676
run_heuristic_dara_1000,46,3,relay,47.42285954330965,0.0,active,2,51.061843087293774,169.62388410511159
run_heuristic_dara_1000,46,4,relay,71.31113666591868,0.0,active,1,51.056277017836436,169.6053941673974
run_heuristic_dara_1000,46,5,relay,89.59999999999998,0.0,failed,0,0.0,0.0
run_heuristic_dara_1000,46,6,relay,111.19019555,0.0,active,1,58.35100257492604,193.8378559083646
run_heuristic_dara_1000,47,0,ground_a,0.0,0.0,active,1,51.09301928381953,169.72744838004448
run_heuristic_dara_1000,47,1,ground_b,134.39999999999998,0.0,active,1,51.15028509732454,169.91767982547034
run_heuristic_dara_1000,47,2,relay,23.685814696006553,0.0,active,2,54.61112852947686,181.4143096264902
run_heuristic_dara_1000,47,3,relay,47.52493995941792,0.0,active,2,51.05485902862497,169.60068374646045
run_heuristic_dara_1000,47,4,relay,71.47779566614307,0.0,active,1,51.04449296367328,169.5662486941582
run_heuristic_dara_1000,47,5,relay,89.59999999999998,0.0,failed,0,0.0,0.0
run_heuristic_dara_1000,47,6,relay,111.033136885,0.0,active,1,58.286566048220976,193.62380271521045
run_heuristic_dara_1000,48,0,ground_a,0.0,0.0,active,1,51.072541450140704,169.65942301916758
run_heuristic_dara_1000,48,1,ground_b,134.39999999999998,0.0,active,1,51.12166240353359,169.8225980267975
run_heuristic_dara_1000,48,2,relay,23.798862456908587,0.0,active,2,54.58761719679864,181.33620680591258
run_heuristic_dara_1000,48,3,relay,47.64639625069371,0.0,active,2,51.04996053495503,169.584411430665
run_heuristic_dara_1000,48,4,relay,71.64445696630014,0.0,active,1,51.03622546292445,169.5387848672812
run_heuristic_dara_1000,48,5,relay,89.59999999999998,0.0,failed,0,0.0,0.0
run_heuristic_dara_1000,48,6,relay,110.8731958195,0.0,active,1,58.22139053511981,193.4072946707944
run_heuristic_dara_1000,49,0,ground_a,0.0,0.0,active,1,51.049032997487714,169.58133024152414
run_heuristic_dara_1000,49,1,ground_b,134.39999999999998,0.0,active,1,51.092486439718485,169.72567832401796
run_heuristic_dara_1000,49,2,relay,23.92799588954001,0.0,active,2,54.561230329023395,181.24855167588606
run_heuristic_dara_1000,49,3,relay,47.781415654586766,0.0,active,2,51.04652684915663,169.57300506315767
run_heuristic_dara_1000,49,4,relay,71.81111987641009,0.0,active,1,51.03042904683424,169.51952974160116
run_heuristic_dara_1000,49,5,relay,89.59999999999998,0.0,failed,0,0.0,0.0
run_heuristic_dara_1000,49,6,relay,110.71123707365,0.0,active,1,58.15584277044678,193.189550040208
run_heuristic_dara_1000,50,0,ground_a,0.0,0.0,active,1,51.034565059729374,169.53326917071576
run_heuristic_dara_1000,50,1,ground_b,134.39999999999998,0.0,active,1,51.062858610418544,169.62725757340354
run_heuristic_dara_1000,50,2,relay,24.007129322171433,0.0,active,2,54.53950065100148,181.176367485318
run_heuristic_dara_1000,50,3,relay,47.925929237311905,0.0,active,2,51.03853914810839,169.54647070301507
run_heuristic_dara_1000,50,4,relay,71.97778391348706,0.0,active,1,51.02636705728921,169.50603621089473
run_heuristic_dara_1000,50,5,relay,89.59999999999998,0.0,failed,0,0.0,0.0
run_heuristic_dara_1000,50,6,relay,110.547865951555,0.0,active,1,58.090175854845484,192.97140960444491
run_heuristic_dara_1000,51,0,ground_a,0.0,0.0,active,1,51.029226717723446,169.5155357222572
run_heuristic_dara_1000,51,1,ground_b,134.39999999999998,0.0,active,1,51.032849827168164,169.527571336391
run_heuristic_dara_1000,51,2,relay,24.03626275480286,0.0,active,2,54.52254620126918,181.12004634458907
run_heuristic_dara_1000,51,3,relay,48.0770887452195,0.0,active,2,51.025955719286074,169.50466978643226
run_heuristic_dara_1000,51,4,relay,72.14444873944093,0.0,active,1,51.02352145798889,169.4965834092885
run_heuristic_dara_1000,51,5,relay,89.59999999999998,0.0,failed,0,0.0,0.0
run_heuristic_dara_1000,51,6,relay,110.3835061660885,0.0,active,1,58.02456385408527,192.75345159666796
run_heuristic_dara_1000,52,0,ground_a,0.0,0.0,active,1,51.016301516719494,169.472599473182
run_heuristic_dara_1000,52,1,ground_b,134.39999999999998,0.0,active,1,51.00250952892354,169.42678384457759
run_heuristic_dara_1000,52,2,relay,24.106656157644856,0.0,active,2,54.50072997495919,181.0475746890428
run_heuristic_dara_1000,52,3,relay,48.232900400754815,0.0,active,2,51.017113327911744,169.47529623030943
run_heuristic_dara_1000,52,4,relay,72.31111411760864,0.0,active,1,51.02152845638987,169.48996285360047
run_heuristic_dara_1000,52,5,relay,89.59999999999998,0.0,failed,0,0.0,0.0
run_heuristic_dara_1000,52,6,relay,110.21845431626194,0.0,active,1,57.95912590069318,192.53607176599746
run_heuristic_dara_1000,53,0,ground_a,0.0,0.0,active,1,50.99800932076698,169.4118345954085
run_heuristic_dara_1000,53,1,ground_b,134.39999999999998,0.0,active,1,50.971872026880845,169.3250090766001
run_heuristic_dara_1000,53,2,relay,24.205931539634253,0.0,active,2,54.48049536291818,180.98035688274632
run_heuristic_dara_1000,53,3,relay,48.338712056290134,0.0,active,2,51.01091642062711,169.45471071283094
run_heuristic_dara_1000,53,4,relay,72.47777988232603,0.0,active,1,51.01033766663038,169.4527881489023
run_heuristic_dara_1000,53,5,relay,89.59999999999998,0.0,failed,0,0.0,0.0
run_heuristic_dara_1000,53,6,relay,110.05291802138336,0.0,active,1,57.893942968562484,192.31953910148445
run_heuristic_dara_1000,54,0,ground_a,0.0,0.0,active,1,50.988902128533965,169.38158139833618
run_heuristic_dara_1000,54,1,ground_b,134.39999999999998,0.0,active,1,50.94096097014099,169.22232559264552
run_heuristic_dara_1000,54,2,relay,24.25520692162365,0.0,active,2,54.46388585240413,180.92518151672124
run_heuristic_dara_1000,54,3,relay,48.462780215164855,0.0,active,2,51.00009678876547,169.41876895892358
run_heuristic_dara_1000,54,4,relay,72.64444591762822,0.0,active,1,51.00248739154149,169.42671030637
run_heuristic_dara_1000,54,5,relay,89.59999999999998,0.0,failed,0,0.0,0.0
run_heuristic_dara_1000,54,6,relay,109.88704261496835,0.0,active,1,57.829069541093105,192.10403459278456
run_heuristic_dara_1000,55,0,ground_a,0.0,0.0,active,1,50.989036188326764,169.3820267317819
run_heuristic_dara_1000,55,1,ground_b,134.39999999999998,0.0,active,1,50.909792490232206,169.1187869802536
run_heuristic_dara_1000,55,2,relay,24.25448230361305,0.0,active,2,54.45711277497312,180.902682022624
run_heuristic_dara_1000,55,3,relay,48.53684837403958,0.0,active,2,50.98462480907846,169.36737256387718
run_heuristic_dara_1000,55,4,relay,72.81111214233974,0.0,active,1,50.98537502886137,169.36986472018526
run_heuristic_dara_1000,55,5,relay,89.59999999999998,0.0,failed,0,0.0,0.0
run_heuristic_dara_1000,55,6,relay,109.72092983047784,0.0,active,1,57.76454172402737,191.88967818038026
run_heuristic_dara_1000,56,0,ground_a,0.0,0.0,active,1,50.97991073201088,169.3517128637216
run_heuristic_dara_1000,56,1,ground_b,134.39999999999998,0.0,active,1,50.87837741612897,169.0144292123968
run_heuristic_dara_1000,56,2,relay,24.303757685602445,0.0,active,2,54.44975038499697,180.87822468274265
run_heuristic_dara_1000,56,3,relay,48.5609165329143,0.0,active,2,50.97371762554654,169.33113997432565
run_heuristic_dara_1000,56,4,relay,72.97777849963781,0.0,active,1,50.95889426346476,169.28189822488164
run_heuristic_dara_1000,56,5,relay,89.59999999999998,0.0,failed,0,0.0,0.0
run_heuristic_dara_1000,56,6,relay,109.55465088133448,0.0,active,1,57.70038288464298,191.67654748854966
run_heuristic_dara_1000,57,0,ground_a,0.0,0.0,active,1,50.9800450607038,169.35215909041963
run_heuristic_dara_1000,57,1,ground_b,134.39999999999998,0.0,active,1,50.84672283497814,168.90927583206286
run_heuristic_dara_1000,57,2,relay,24.303033067591844,0.0,active,2,54.443632803569486,180.85790268221774
run_heuristic_dara_1000,57,3,relay,48.6277642441266,0.0,active,2,50.95814282198569,169.2794020113195
run_heuristic_dara_1000,57,4,relay,73.14444494974646,0.0,active,1,50.94026469080421,169.22001262138036
run_heuristic_dara_1000,57,5,relay,89.59999999999998,0.0,failed,0,0.0,0.0
run_heuristic_dara_1000,57,6,relay,109.38825561693413,0.0,active,1,57.63660757066866,191.46469084370503
run_heuristic_dara_1000,58,0,ground_a,0.0,0.0,active,1,50.97090129698854,169.32178440748206
run_heuristic_dara_1000,58,1,ground_b,134.39999999999998,0.0,active,1,50.81483319209494,168.80334160633538
run_heuristic_dara_1000,58,2,relay,24.35230844958124,0.0,active,2,54.42954394286986,180.81110066934556
run_heuristic_dara_1000,58,3,relay,48.72455764197522,0.0,active,2,50.947186939747304,169.24300765081708
run_heuristic_dara_1000,58,4,relay,73.31111146482252,0.0,active,1,50.92717816846769,169.17654048578814
run_heuristic_dara_1000,58,5,relay,89.59999999999998,0.0,failed,0,0.0,0.0
run_heuristic_dara_1000,58,6,relay,109.22177893185389,0.0,active,1,57.57322423320986,191.254136319744
run_heuristic_dara_1000,59,0,ground_a,0.0,0.0,active,1,50.95517906111951,169.2695566888397
run_heuristic_dara_1000,59,1,ground_b,134.39999999999998,0.0,active,1,50.78271106644959,168.69663510248566
run_heuristic_dara_1000,59,2,relay,24.43680121697382,0.0,active,2,54.409903530575626,180.74585680392036
run_heuristic_dara_1000,59,3,relay,48.84231302046925,0.0,active,2,50.93950139898497,169.21747704268776
run_heuristic_dara_1000,59,4,relay,73.47777802537576,0.0,active,1,50.91799506968091,169.14603513860084
run_heuristic_dara_1000,59,5,relay,89.59999999999998,0.0,failed,0,0.0,0.0
run_heuristic_dara_1000,59,6,relay,109.05524525229772,0.0,active,1,57.51023711834989,191.04489802180402
run_heuristic_dara_1000,60,0,ground_a,0.0,0.0,active,1,50.948744926408,169.24818312763983
run_heuristic_dara_1000,60,1,ground_b,134.39999999999998,0.0,active,1,50.75035771755121,168.58916050466826
run_heuristic_dara_1000,60,2,relay,24.471293984366397,0.0,active,2,54.39403071562366,180.69312873440754
run_heuristic_dara_1000,60,3,relay,48.97474178541507,0.0,active,2,50.92714732719472,169.1764380348755
run_heuristic_dara_1000,60,4,relay,73.64444461776303,0.0,active,1,50.911555831496685,169.12464462564506
run_heuristic_dara_1000,60,5,relay,89.59999999999998,0.0,failed,0,0.0,0.0
run_heuristic_dara_1000,60,6,relay,108.88867167660841,0.0,active,1,57.44764758097787,190.83698045069775
run_heuristic_dara_1000,61,0,ground_a,0.0,0.0,active,1,50.93488314925372,169.20213567136753
run_heuristic_dara_1000,61,1,ground_b,134.39999999999998,0.0,active,1,50.717773471272366,168.4809188955933
run_heuristic_dara_1000,61,2,relay,24.5454389215412,0.0,active,2,54.373162008805565,180.62380464184014
run_heuristic_dara_1000,61,3,relay,49.11744192087714,0.0,active,2,50.91847471976287,169.14762848919133
run_heuristic_dara_1000,61,4,relay,73.81111123243411,0.0,active,1,50.907042931378044,169.10965321754563
run_heuristic_dara_1000,61,5,relay,89.59999999999998,0.0,failed,0,0.0,0.0
run_heuristic_dara_1000,61,6,relay,108.72207017362588,0.0,active,1,57.385454997094996,190.63038153352497
run_heuristic_dara_1000,62,0,ground_a,0.0,0.0,active,1,50.91576265684991,169.13861928374263
run_heuristic_dara_1000,62,1,ground_b,134.39999999999998,0.0,active,1,50.68495799219346,168.37190916122773
run_heuristic_dara_1000,62,2,relay,24.647340377563566,0.0,active,2,54.34886799929273,180.54310191915548
run_heuristic_dara_1000,62,3,relay,49.267332015700596,0.0,active,2,50.91239172386339,169.12742137769868
run_heuristic_dara_1000,62,4,relay,73.97777786270387,0.0,active,1,50.90388123564645,169.0991503769304
run_heuristic_dara_1000,62,5,relay,89.59999999999998,0.0,failed,0,0.0,0.0
run_heuristic_dara_1000,62,6,relay,108.55544912153812,0.0,active,1,57.32365739709954,190.42509472739656
run_heuristic_dara_1000,63,0,ground_a,0.0,0.0,active,1,50.90599298084794,169.1061653856891
run_heuristic_dara_1000,63,1,ground_b,134.39999999999998,0.0,active,1,50.651910475986085,168.26212862987444
run_heuristic_dara_1000,63,2,relay,24.69924183358593,0.0,active,2,54.329123412282,180.4775121377852
run_heuristic_dara_1000,63,3,relay,49.422255082077015,0.0,active,2,50.90158904632865,169.0915359506902
run_heuristic_dara_1000,63,4,relay,74.1444445038927,0.0,active,1,50.90166674133711,169.0917940458245
run_heuristic_dara_1000,63,5,relay,89.59999999999998,0.0,failed,0,0.0,0.0
run_heuristic_dara_1000,63,6,relay,108.38881438507669,0.0,active,1,57.26225190518488,190.2211104790812
run_heuristic_dara_1000,64,0,ground_a,0.0,0.0,active,1,50.889695867833396,169.05202798836456
run_heuristic_dara_1000,64,1,ground_b,134.39999999999998,0.0,active,1,50.618629785453464,168.1515735240857
run_heuristic_dara_1000,64,2,relay,24.785572852801586,0.0,active,2,54.30597647024354,180.40061992901045
run_heuristic_dara_1000,64,3,relay,49.577178148453434,0.0,active,2,50.89400304164547,169.06633599363454
run_heuristic_dara_1000,64,4,relay,74.31111115272488,0.0,active,1,50.899451168273316,169.08443413123356
run_heuristic_dara_1000,64,5,relay,89.59999999999998,0.0,failed,0,0.0,0.0
run_heuristic_dara_1000,64,6,relay,108.22217006955368,0.0,active,1,57.20123504401397,190.01841723711019
run_heuristic_dara_1000,65,0,ground_a,0.0,0.0,active,1,50.86876398399647,168.9824943432685
run_heuristic_dara_1000,65,1,ground_b,134.39999999999998,0.0,active,1,50.58511454686945,168.0402392806918
run_heuristic_dara_1000,65,2,relay,24.896004566252543,0.0,active,2,54.28525978349061,180.3318006909027
run_heuristic_dara_1000,65,3,relay,49.68210121482985,0.0,active,2,50.88869076752395,169.0486891446177
run_heuristic_dara_1000,65,4,relay,74.4777778069074,0.0,active,1,50.88778472460709,169.04567935972526
run_heuristic_dara_1000,65,5,relay,89.59999999999998,0.0,failed,0,0.0,0.0
run_heuristic_dara_1000,65,6,relay,108.05551904868759,0.0,active,1,57.14060294578374,189.8170021529174
run_heuristic_dara_1000,66,0,ground_a,0.0,0.0,active,1,50.857268752800536,168.94430832484366
run_heuristic_dara_1000,66,1,ground_b,134.39999999999998,0.0,active,1,50.55136321834303,167.92812077790157
run_heuristic_dara_1000,66,2,relay,24.9564362797035,0.0,active,2,54.267711402385686,180.27350645820056
run_heuristic_dara_1000,66,3,relay,49.80554736129334,0.0,active,2,50.87863229871954,169.01527590712192
run_heuristic_dara_1000,66,4,relay,74.64444446483516,0.0,active,1,50.879600435834234,169.0184919627329
run_heuristic_dara_1000,66,5,relay,89.59999999999998,0.0,failed,0,0.0,0.0
run_heuristic_dara_1000,66,6,relay,107.88886333408131,0.0,active,1,57.08035149825102,189.61685156592617
run_heuristic_dara_1000,67,0,ground_a,0.0,0.0,active,1,50.85528152912286,168.9377069648788
run_heuristic_dara_1000,67,1,ground_b,134.39999999999998,0.0,active,1,50.51737413847242,167.81521249692665
run_heuristic_dara_1000,67,2,relay,24.96686799315446,0.0,active,2,54.25973301688348,180.24700300920443
run_heuristic_dara_1000,67,3,relay,49.87899350775683,0.0,active,2,50.863799188423535,168.9660017844821
run_heuristic_dara_1000,67,4,relay,74.8111111253846,0.0,active,1,50.8618980780908,168.95968648441868
run_heuristic_dara_1000,67,5,relay,89.59999999999998,0.0,failed,0,0.0,0.0
run_heuristic_dara_1000,67,6,relay,107.72220433385692,0.0,active,1,57.02047644557487,189.41795133853938
run_heuristic_dara_1000,68,0,ground_a,0.0,0.0,active,1,50.86281466634499,168.96273129972704
run_heuristic_dara_1000,68,1,ground_b,134.39999999999998,0.0,active,1,50.48314556111207,167.70150863747395
run_heuristic_dara_1000,68,2,relay,24.927299706605417,0.0,active,2,54.25387015207442,180.22752731766127
run_heuristic_dara_1000,68,3,relay,49.980405810281276,0.0,active,2,50.84414297477173,168.9007057925922
run_heuristic_dara_1000,68,4,relay,74.97777778776921,0.0,active,1,50.84946563365092,168.91838713708268
run_heuristic_dara_1000,68,5,relay,89.59999999999998,0.0,failed,0,0.0,0.0
run_heuristic_dara_1000,68,6,relay,107.55554303369985,0.0,active,1,56.96097345777329,189.22028708686994
run_heuristic_dara_1000,69,0,ground_a,0.0,0.0,active,1,50.86082984356371,168.9561379152328
run_heuristic_dara_1000,69,1,ground_b,134.39999999999998,0.0,active,1,50.44867568035606,167.58700320073868
run_heuristic_dara_1000,69,2,relay,24.937731420056377,0.0,active,2,54.24794981570114,180.2078605047806
run_heuristic_dara_1000,69,3,relay,50.03181811280572,0.0,active,2,50.82920091170581,168.8510697428021
run_heuristic_dara_1000,69,4,relay,75.14444445143843,0.0,active,1,50.827424605927476,168.845169031483
run_heuristic_dara_1000,69,5,relay,89.59999999999998,0.0,failed,0,0.0,0.0
run_heuristic_dara_1000,69,6,relay,107.3888801235899,0.0,active,1,56.90183817838343,189.02384433906346
run_heuristic_dara_1000,70,0,ground_a,0.0,0.0,active,1,50.8499117260684,168.91986901183174
run_heuristic_dara_1000,70,1,ground_b,134.39999999999998,0.0,active,1,50.413962648630644,167.47169004950567
run_heuristic_dara_1000,70,2,relay,24.995033619472046,0.0,active,2,54.23423615488303,180.16230484760592
run_heuristic_dara_1000,70,3,relay,50.11780672457284,0.0,active,2,50.81870603673047,168.81620681128683
run_heuristic_dara_1000,70,4,relay,75.31111111600688,0.0,active,1,50.8119329742907,168.79370737121766
run_heuristic_dara_1000,70,5,relay,89.59999999999998,0.0,failed,0,0.0,0.0
run_heuristic_dara_1000,70,6,relay,107.22221608651293,0.0,active,1,56.843066256989275,188.82860864335342
run_heuristic_dara_1000,71,0,ground_a,0.0,0.0,active,1,50.83268963791389,168.86265894468775
run_heuristic_dara_1000,71,1,ground_b,134.39999999999998,0.0,active,1,50.37900458993276,167.3555629521269
run_heuristic_dara_1000,71,2,relay,25.085145159063014,0.0,active,2,54.21511803723647,180.0987959870688
run_heuristic_dara_1000,71,3,relay,50.22799875280982,0.0,active,2,50.81134219562011,168.7917448635693
run_heuristic_dara_1000,71,4,relay,75.47777778120481,0.0,active,1,50.80105787590759,168.7575813763981
run_heuristic_dara_1000,71,5,relay,89.59999999999998,0.0,failed,0,0.0,0.0
run_heuristic_dara_1000,71,6,relay,107.05555126055906,0.0,active,1,56.78465337124794,188.6345656412304
run_heuristic_dara_1000,72,0,ground_a,0.0,0.0,active,1,50.810986786574745,168.79056422973562
run_heuristic_dara_1000,72,1,ground_b,134.39999999999998,0.0,active,1,50.34379960965089,167.23861561514533
run_heuristic_dara_1000,72,2,relay,25.19822323677669,0.0,active,2,54.19228236905302,180.02293770088016
run_heuristic_dara_1000,72,3,relay,50.355133172575705,0.0,active,2,50.80617894356127,168.77459305404986
run_heuristic_dara_1000,72,4,relay,75.64444444684335,0.0,active,1,50.79343009396686,168.73224264415973
run_heuristic_dara_1000,72,5,relay,89.59999999999998,0.0,failed,0,0.0,0.0
run_heuristic_dara_1000,72,6,relay,106.88888588239135,0.0,active,1,56.726595241632964,188.44170111641836
run_heuristic_dara_1000,73,0,ground_a,0.0,0.0,active,1,50.79883593567733,168.75020031211585
run_heuristic_dara_1000,73,1,ground_b,134.39999999999998,0.0,active,1,50.30834580197988,167.12084170792653
run_heuristic_dara_1000,73,2,relay,25.26130131449037,0.0,active,2,54.17303724579359,179.9590070561229
run_heuristic_dara_1000,73,3,relay,50.49412726641182,0.0,active,2,50.796204161533005,168.7414578206148
run_heuristic_dara_1000,73,4,relay,75.81111111279033,0.0,active,1,50.788083176890595,168.71448071815513
run_heuristic_dara_1000,73,5,relay,89.59999999999998,0.0,failed,0,0.0,0.0
run_heuristic_dara_1000,73,6,relay,106.72222011767396,0.0,active,1,56.668887641131505,188.2500010270878
run_heuristic_dara_1000,74,0,ground_a,0.0,0.0,active,1,50.79631268822756,168.74181833527928
run_heuristic_dara_1000,74,1,ground_b,134.39999999999998,0.0,active,1,50.272641255642455,167.00223488166512
run_heuristic_dara_1000,74,2,relay,25.27437939220405,0.0,active,2,54.15759953039898,179.90772444905252
run_heuristic_dara_1000,74,3,relay,50.64142313209711,0.0,active,2,50.78136578636183,168.69216621611946
run_heuristic_dara_1000,74,4,relay,75.97777777895321,0.0,active,1,50.784336669513294,168.70203519388735
run_heuristic_dara_1000,74,5,relay,89.59999999999998,0.0,failed,0,0.0,0.0
run_heuristic_dara_1000,74,6,relay,106.55555408237177,0.0,active,1,56.611526401449254,188.05945152646794
run_heuristic_dara_1000,75,0,ground_a,0.0,0.0,active,1,50.78488238983937,168.70384802243854
run_heuristic_dara_1000,75,1,ground_b,134.39999999999998,0.0,active,0,0.0,0.0
run_heuristic_dara_1000,75,2,relay,25.333534046603624,0.0,active,2,54.142733885842176,179.85834201509823
run_heuristic_dara_1000,75,3,relay,50.73871899778239,0.0,active,2,50.77094729063235,168.65755701187268
run_heuristic_dara_1000,75,4,relay,76.14444444526723,0.0,active,1,50.770894850198815,168.65738280998187
run_heuristic_dara_1000,75,5,relay,89.59999999999998,0.0,failed,0,0.0,0.0
run_heuristic_dara_1000,75,6,relay,106.38888785766025,0.0,active,0,0.0,0.0
run_heuristic_dara_1000,76,0,ground_a,0.0,0.0,active,1,50.76716437122417,168.6449905308808
run_heuristic_dara_1000,76,1,ground_b,134.39999999999998,0.0,active,0,0.0,0.0
run_heuristic_dara_1000,76,2,relay,25.424942304683327,0.0,active,2,54.12495641612676,179.79928665659398
run_heuristic_dara_1000,76,3,relay,50.836014863467675,0.0,active,2,50.76363564039057,168.63326843918952
run_heuristic_dara_1000,76,4,relay,76.31111111168704,0.0,active,1,50.757414140598456,168.61260123758555
run_heuristic_dara_1000,76,5,relay,89.59999999999998,0.0,failed,0,0.0,0.0
run_heuristic_dara_1000,76,6,relay,106.22222150036218,0.0,active,0,0.0,0.0
run_heuristic_dara_1000,77,0,ground_a,0.0,0.0,active,1,50.75911582180629,168.6182540527263
run_heuristic_dara_1000,77,1,ground_b,134.39999999999998,0.0,active,0,0.0,0.0
run_heuristic_dara_1000,77,2,relay,25.46635056276303,0.0,active,2,54.10972713108546,179.74869632074873
run_heuristic_dara_1000,77,3,relay,50.95412196944737,0.0,active,2,50.75145060903502,168.59279098109204
run_heuristic_dara_1000,77,4,relay,76.47777777818091,0.0,active,1,50.74795443212476,168.58117703047574
run_heuristic_dara_1000,77,5,relay,89.59999999999998,0.0,failed,0,0.0,0.0
run_heuristic_dara_1000,77,6,relay,106.05555505025353,0.0,active,0,0.0,0.0
run_heuristic_dara_1000,78,0,ground_a,0.0,0.0,active,1,50.7437247404705,168.56712641727125
run_heuristic_dara_1000,78,1,ground_b,134.39999999999998,0.0,active,0,0.0,0.0
run_heuristic_dara_1000,78,2,relay,25.54533634341882,0.0,active,2,54.089700278775354,179.68216879208708
run_heuristic_dara_1000,78,3,relay,51.08679694363316,0.0,active,2,50.74290119002935,168.56439066498524
run_heuristic_dara_1000,78,4,relay,76.64444444472662,0.0,active,1,50.74132123372327,168.55914220797587
run_heuristic_dara_1000,78,5,relay,89.59999999999998,0.0,failed,0,0.0,0.0
run_heuristic_dara_1000,78,6,relay,105.88888853517747,0.0,active,0,0.0,0.0
run_heuristic_dara_1000,79,0,ground_a,0.0,0.0,active,1,50.73806387989157,168.5483216040277
run_heuristic_dara_1000,79,1,ground_b,134.39999999999998,0.0,active,0,0.0,0.0
run_heuristic_dara_1000,79,2,relay,25.574322124074612,0.0,active,2,54.0731438833619,179.6271699820705
run_heuristic_dara_1000,79,3,relay,51.229669425563216,0.0,active,2,50.72943794120955,168.51966709814576
run_heuristic_dara_1000,79,4,relay,76.81111111130862,0.0,active,1,50.7366723977639,168.54369923945993
run_heuristic_dara_1000,79,5,relay,89.59999999999998,0.0,failed,0,0.0,0.0
run_heuristic_dara_1000,79,6,relay,105.72222197462423,0.0,active,0,0.0,0.0
run_heuristic_dara_1000,80,0,ground_a,0.0,0.0,active,1,50.72430793145007,168.50262571858045
run_heuristic_dara_1000,80,1,ground_b,134.39999999999998,0.0,active,0,0.0,0.0
run_heuristic_dara_1000,80,2,relay,25.644612170533666,0.0,active,2,54.057816836635695,179.57625477633945
run_heuristic_dara_1000,80,3,relay,51.32254190749327,0.0,active,2,50.719999411278046,168.48831324558876
run_heuristic_dara_1000,80,4,relay,76.97777777791602,0.0,active,1,50.72222533373501,168.49570753728912
run_heuristic_dara_1000,80,5,relay,89.59999999999998,0.0,failed,0,0.0,0.0
run_heuristic_dara_1000,80,6,relay,105.55555538223696,0.0,active,0,0.0,0.0
run_heuristic_dara_1000,81,0,ground_a,0.0,0.0,active,1,50.70482484777541,168.4379048645663
run_heuristic_dara_1000,81,1,ground_b,134.39999999999998,0.0,active,0,0.0,0.0
run_heuristic_dara_1000,81,2,relay,25.743815203055004,0.0,active,2,54.04489361863932,179.53332473215255
run_heuristic_dara_1000,81,3,relay,51.36541438942332,0.0,active,2,50.713352717351405,168.4662335942637
run_heuristic_dara_1000,81,4,relay,77.1444444445412,0.0,active,1,50.69788935929381,168.41486586655992
run_heuristic_dara_1000,81,5,relay,89.59999999999998,0.0,failed,0,0.0,0.0
run_heuristic_dara_1000,81,6,relay,105.4388887898497,0.0,active,0,0.0,0.0
run_heuristic_dara_1000,82,0,ground_a,0.0,0.0,active,1,50.69513158538328,168.40570481796306
run_heuristic_dara_1000,82,1,ground_b,134.39999999999998,0.0,active,0,0.0,0.0
run_heuristic_dara_1000,82,2,relay,25.79301823557634,0.0,active,2,54.032753764727005,179.49299715095523
run_heuristic_dara_1000,82,3,relay,51.44542512677436,0.0,active,2,50.70177957496354,168.4277887747274
run_heuristic_dara_1000,82,4,relay,77.31111111117882,0.0,active,1,50.68077915219169,168.3580274738411
run_heuristic_dara_1000,82,5,relay,89.59999999999998,0.0,failed,0,0.0,0.0
run_heuristic_dara_1000,82,6,relay,105.37222219746243,0.0,active,0,0.0,0.0
run_heuristic_dara_1000,83,0,ground_a,0.0,0.0,active,1,50.695288751052985,168.4062269065682
run_heuristic_dara_1000,83,1,ground_b,134.39999999999998,0.0,active,0,0.0,0.0
run_heuristic_dara_1000,83,2,relay,25.792221268097677,0.0,active,2,54.022408308106726,179.4586305828924
run_heuristic_dara_1000,83,3,relay,51.55143264292008,0.0,active,2,50.68527946988778,168.37297707878247
run_heuristic_dara_1000,83,4,relay,77.47777777782515,0.0,active,2,50.467117726853765,167.64826594147888
run_heuristic_dara_1000,83,5,relay,89.59999999999998,0.0,failed,0,0.0,0.0
run_heuristic_dara_1000,83,6,relay,105.35555560507517,0.0,active,1,50.26547037410312,166.978413952714
run_heuristic_dara_1000,84,0,ground_a,0.0,0.0,active,1,50.70524831191277,168.43931157002226
run_heuristic_dara_1000,84,1,ground_b,134.39999999999998,0.0,active,0,0.0,0.0
run_heuristic_dara_1000,84,2,relay,25.741663390862612,0.0,active,2,54.0145108341715,179.43239617512586
run_heuristic_dara_1000,84,3,relay,51.67563790422209,0.0,active,2,50.66379446683091,168.30160605369622
run_heuristic_dara_1000,84,4,relay,77.64444444447759,0.0,active,2,50.47721581035149,167.6818107231067
run_heuristic_dara_1000,84,5,relay,89.59999999999998,0.0,failed,0,0.0,0.0
run_heuristic_dara_1000,84,6,relay,105.3888890126879,0.0,active,1,50.29409454332729,167.07350049311103
run_heuristic_dara_1000,85,0,ground_a,0.0,0.0,active,1,50.70535809269997,168.43967625080336
run_heuristic_dara_1000,85,1,ground_b,134.39999999999998,0.0,active,0,0.0,0.0
run_heuristic_dara_1000,85,2,relay,25.74110551362755,0.0,active,2,54.00093674720117,179.38730442450253
run_heuristic_dara_1000,85,3,relay,51.8125815871335,0.0,active,2,50.64716258803166,168.24635662347168
run_heuristic_dara_1000,85,4,relay,77.8111111111343,0.0,active,2,50.48423210542859,167.70511812638193
run_heuristic_dara_1000,85,5,relay,89.59999999999998,0.0,failed,0,0.0,0.0
run_heuristic_dara_1000,85,6,relay,105.4622223980168,0.0,active,1,50.314035648785435,167.13974279394424
run_heuristic_dara_1000,86,0,ground_a,0.0,0.0,active,1,50.695618781927365,168.40732323606096
run_heuristic_dara_1000,86,1,ground_b,134.39999999999998,0.0,active,0,0.0,0.0
run_heuristic_dara_1000,86,2,relay,25.790547636392485,0.0,active,2,53.98802562948512,179.34441478327167
run_heuristic_dara_1000,86,3,relay,51.899525270044904,0.0,active,2,50.635476452036784,168.20753645475486
run_heuristic_dara_1000,86,4,relay,77.97777777779399,0.0,active,2,50.48324604326303,167.70184251150005
run_heuristic_dara_1000,86,5,relay,89.59999999999998,0.0,failed,0,0.0,0.0
run_heuristic_dara_1000,86,6,relay,105.56355576774705,0.0,active,1,50.32794768460654,167.1859571473775
run_heuristic_dara_1000,87,0,ground_a,0.0,0.0,active,1,50.67890531754817,168.35180278312083
run_heuristic_dara_1000,87,1,ground_b,134.39999999999998,0.0,active,0,0.0,0.0
run_heuristic_dara_1000,87,2,relay,25.87515712232794,0.0,active,2,53.97713669646852,179.3082424904423
run_heuristic_dara_1000,87,3,relay,51.93646895295631,0.0,active,2,50.627254333618794,168.18022340543877
run_heuristic_dara_1000,87,4,relay,78.14444444445577,0.0,active,2,50.47512390805367,167.67486158622944
run_heuristic_dara_1000,87,5,relay,89.59999999999998,0.0,failed,0,0.0,0.0
run_heuristic_dara_1000,87,6,relay,105.68448912655822,0.0,active,1,50.33766328033066,167.21823135883812
run_heuristic_dara_1000,88,0,ground_a,0.0,0.0,active,1,50.65724145883618,168.27983761926478
run_heuristic_dara_1000,88,1,ground_b,134.39999999999998,0.0,active,0,0.0,0.0
run_heuristic_dara_1000,88,2,relay,25.98438376248276,0.0,active,2,53.96033783562062,179.25243791213376
run_heuristic_dara_1000,88,3,relay,52.01232953099429,0.0,active,2,50.62145113086512,168.1609457518595
run_heuristic_dara_1000,88,4,relay,78.31111111111902,0.0,active,2,50.46939075743407,167.6558166317442
run_heuristic_dara_1000,88,5,relay,89.59999999999998,0.0,failed,0,0.0,0.0
run_heuristic_dara_1000,88,6,relay,105.81914247772603,0.0,active,1,50.3444530357676,167.24078622966778
run_heuristic_dara_1000,89,0,ground_a,0.0,0.0,active,1,50.6320358464333,168.1961071090808
run_heuristic_dara_1000,89,1,ground_b,134.39999999999998,0.0,active,0,0.0,0.0
run_heuristic_dara_1000,89,2,relay,26.110842410591133,0.0,active,2,53.93946937101113,179.18311445194092
run_heuristic_dara_1000,89,3,relay,52.11543193562088,0.0,active,2,50.61736541452598,168.14737341547522
run_heuristic_dara_1000,89,4,relay,78.47777777778329,0.0,active,2,50.465354108391956,167.6424072870667
run_heuristic_dara_1000,89,5,relay,89.59999999999998,0.0,failed,0,0.0,0.0
run_heuristic_dara_1000,89,6,relay,105.96339982354351,0.0,active,1,50.349200403919795,167.25655649971097
run_heuristic_dara_1000,90,0,ground_a,0.0,0.0,active,1,50.61673131240461,168.1452669878318
run_heuristic_dara_1000,90,1,ground_b,134.39999999999998,0.0,active,0,0.0,0.0
run_heuristic_dara_1000,90,2,relay,26.187301058699507,0.0,active,2,53.92094905043227,179.1215914970923
run_heuristic_dara_1000,90,3,relay,52.237603618859495,0.0,active,2,50.60831610967182,168.11731253648333
run_heuristic_dara_1000,90,4,relay,78.64444444444828,0.0,active,2,50.46251693501114,167.632982481044
run_heuristic_dara_1000,90,5,relay,89.59999999999998,0.0,failed,0,0.0,0.0
run_heuristic_dara_1000,90,6,relay,106.11437996561574,0.0,active,1,50.35252088882804,167.26758681007402
run_heuristic_dara_1000,91,0,ground_a,0.0,0.0,active,1,50.61142372278994,168.1276357098397
run_heuristic_dara_1000,91,1,ground_b,134.39999999999998,0.0,active,0,0.0,0.0
run_heuristic_dara_1000,91,2,relay,26.21375970680788,0.0,active,2,53.90522966257069,179.06937316432735
run_heuristic_dara_1000,91,3,relay,52.373123797126524,0.0,active,2,50.594267833110834,168.0706455765868
run_heuristic_dara_1000,91,4,relay,78.81111111111377,0.0,active,2,50.460525258427815,167.62636633095502
run_heuristic_dara_1000,91,5,relay,89.59999999999998,0.0,failed,0,0.0,0.0
run_heuristic_dara_1000,91,6,relay,106.2700660650663,0.0,active,1,50.354843919595126,167.27530368011116
run_heuristic_dara_1000,92,0,ground_a,0.0,0.0,active,1,50.61614639308229,168.14332394476102
run_heuristic_dara_1000,92,1,ground_b,134.39999999999998,0.0,active,1,50.24537120266123,166.91164657995614
run_heuristic_dara_1000,92,2,relay,26.190218354916254,0.0,active,2,53.892600247871094,179.02741961857447
run_heuristic_dara_1000,92,3,relay,52.517987921913445,0.0,active,2,50.57513658687718,168.00709350567263
run_heuristic_dara_1000,92,4,relay,78.97777777777962,0.0,active,2,50.45912831002771,167.62172580840615
run_heuristic_dara_1000,92,5,relay,89.59999999999998,0.0,failed,0,0.0,0.0
run_heuristic_dara_1000,92,6,relay,106.4290463346817,0.0,active,2,53.46234227090303,177.5981391555615
run_heuristic_dara_1000,93,0,ground_a,0.0,0.0,active,1,50.61614639308229,168.14332394476102
run_heuristic_dara_1000,93,1,ground_b,134.39999999999998,0.0,active,1,50.24537120266123,166.91164657995614
run_heuristic_dara_1000,93,2,relay,26.190218354916254,0.0,active,2,53.892600247871094,179.02741961857447
run_heuristic_dara_1000,93,3,relay,52.517987921913445,0.0,active,2,50.57513658687718,168.00709350567263
run_heuristic_dara_1000,93,4,relay,78.97777777777962,0.0,active,2,50.45912831002771,167.62172580840615
run_heuristic_dara_1000,93,5,relay,89.59999999999998,0.0,failed,0,0.0,0.0
run_heuristic_dara_1000,93,6,relay,106.4290463346817,0.0,active,2,53.46234227090303,177.5981391555615
run_heuristic_dara_1000,94,0,ground_a,0.0,0.0,active,1,50.61614639308229,168.14332394476102
run_heuristic_dara_1000,94,1,ground_b,134.39999999999998,0.0,active,1,50.24537120266123,166.91164657995614
run_heuristic_dara_1000,94,2,relay,26.190218354916254,0.0,active,2,53.892600247871094,179.02741961857447
run_heuristic_dara_1000,94,3,relay,52.517987921913445,0.0,active,2,50.57513658687718,168.00709350567263
run_heuristic_dara_1000,94,4,relay,78.97777777777962,0.0,active,2,50.45912831002771,167.62172580840615
run_heuristic_dara_1000,94,5,relay,89.59999999999998,0.0,failed,0,0.0,0.0
run_heuristic_dara_1000,94,6,relay,106.4290463346817,0.0,active,2,53.46234227090303,177.5981391555615
run_heuristic_dara_1000,95,0,ground_a,0.0,0.0,active,1,50.61614639308229,168.14332394476102
run_heuristic_dara_1000,95,1,ground_b,134.39999999999998,0.0,active,1,50.24537120266123,166.91164657995614
run_heuristic_dara_1000,95,2,relay,26.190218354916254,0.0,active,2,53.892600247871094,179.02741961857447
run_heuristic_dara_1000,95,3,relay,52.517987921913445,0.0,active,2,50.57513658687718,168.00709350567263
run_heuristic_dara_1000,95,4,relay,78.97777777777962,0.0,active,2,50.45912831002771,167.62172580840615
run_heuristic_dara_1000,95,5,relay,89.59999999999998,0.0,failed,0,0.0,0.0
run_heuristic_dara_1000,95,6,relay,106.4290463346817,0.0,active,2,53.46234227090303,177.5981391555615
run_heuristic_dara_1000,96,0,ground_a,0.0,0.0,active,1,50.61614639308229,168.14332394476102
run_heuristic_dara_1000,96,1,ground_b,134.39999999999998,0.0,active,1,50.24537120266123,166.91164657995614
run_heuristic_dara_1000,96,2,relay,26.190218354916254,0.0,active,2,53.892600247871094,179.02741961857447
run_heuristic_dara_1000,96,3,relay,52.517987921913445,0.0,active,2,50.57513658687718,168.00709350567263
run_heuristic_dara_1000,96,4,relay,78.97777777777962,0.0,active,2,50.45912831002771,167.62172580840615
run_heuristic_dara_1000,96,5,relay,89.59999999999998,0.0,failed,0,0.0,0.0
run_heuristic_dara_1000,96,6,relay,106.4290463346817,0.0,active,2,53.46234227090303,177.5981391555615
run_heuristic_dara_1000,97,0,ground_a,0.0,0.0,active,1,50.61614639308229,168.14332394476102
run_heuristic_dara_1000,97,1,ground_b,134.39999999999998,0.0,active,1,50.24537120266123,166.91164657995614
run_heuristic_dara_1000,97,2,relay,26.190218354916254,0.0,active,2,53.892600247871094,179.02741961857447
run_heuristic_dara_1000,97,3,relay,52.517987921913445,0.0,active,2,50.57513658687718,168.00709350567263
run_heuristic_dara_1000,97,4,relay,78.97777777777962,0.0,active,2,50.45912831002771,167.62172580840615
run_heuristic_dara_1000,97,5,relay,89.59999999999998,0.0,failed,0,0.0,0.0
run_heuristic_dara_1000,97,6,relay,106.4290463346817,0.0,active,2,53.46234227090303,177.5981391555615
run_heuristic_dara_1000,98,0,ground_a,0.0,0.0,active,1,50.61614639308229,168.14332394476102
run_heuristic_dara_1000,98,1,ground_b,134.39999999999998,0.0,active,1,50.24537120266123,166.91164657995614
run_heuristic_dara_1000,98,2,relay,26.190218354916254,0.0,active,2,53.892600247871094,179.02741961857447
run_heuristic_dara_1000,98,3,relay,52.517987921913445,0.0,active,2,50.57513658687718,168.00709350567263
run_heuristic_dara_1000,98,4,relay,78.97777777777962,0.0,active,2,50.45912831002771,167.62172580840615
run_heuristic_dara_1000,98,5,relay,89.59999999999998,0.0,failed,0,0.0,0.0
run_heuristic_dara_1000,98,6,relay,106.4290463346817,0.0,active,2,53.46234227090303,177.5981391555615
run_heuristic_dara_1000,99,0,ground_a,0.0,0.0,active,1,50.61614639308229,168.14332394476102
run_heuristic_dara_1000,99,1,ground_b,134.39999999999998,0.0,active,1,50.24537120266123,166.91164657995614
run_heuristic_dara_1000,99,2,relay,26.190218354916254,0.0,active,2,53.892600247871094,179.02741961857447
run_heuristic_dara_1000,99,3,relay,52.517987921913445,0.0,active,2,50.57513658687718,168.00709350567263
run_heuristic_dara_1000,99,4,relay,78.97777777777962,0.0,active,2,50.45912831002771,167.62172580840615
run_heuristic_dara_1000,99,5,relay,89.59999999999998,0.0,failed,0,0.0,0.0
run_heuristic_dara_1000,99,6,relay,106.4290463346817,0.0,active,2,53.46234227090303,177.5981391555615
run_heuristic_dara_1000,100,0,ground_a,0.0,0.0,active,1,50.61614639308229,168.14332394476102
run_heuristic_dara_1000,100,1,ground_b,134.39999999999998,0.0,active,1,50.24537120266123,166.91164657995614
run_heuristic_dara_1000,100,2,relay,26.190218354916254,0.0,active,2,53.892600247871094,179.02741961857447
run_heuristic_dara_1000,100,3,relay,52.517987921913445,0.0,active,2,50.57513658687718,168.00709350567263
run_heuristic_dara_1000,100,4,relay,78.97777777777962,0.0,active,2,50.45912831002771,167.62172580840615
run_heuristic_dara_1000,100,5,relay,89.59999999999998,0.0,failed,0,0.0,0.0
run_heuristic_dara_1000,100,6,relay,106.4290463346817,0.0,active,2,53.46234227090303,177.5981391555615
run_heuristic_dara_1000,101,0,ground_a,0.0,0.0,active,1,50.61614639308229,168.14332394476102
run_heuristic_dara_1000,101,1,ground_b,134.39999999999998,0.0,active,1,50.24537120266123,166.91164657995614
run_heuristic_dara_1000,101,2,relay,26.190218354916254,0.0,active,2,53.892600247871094,179.02741961857447
run_heuristic_dara_1000,101,3,relay,52.517987921913445,0.0,active,2,50.57513658687718,168.00709350567263
run_heuristic_dara_1000,101,4,relay,78.97777777777962,0.0,active,2,50.45912831002771,167.62172580840615
run_heuristic_dara_1000,101,5,relay,89.59999999999998,0.0,failed,0,0.0,0.0
run_heuristic_dara_1000,101,6,relay,106.4290463346817,0.0,active,2,53.46234227090303,177.5981391555615
run_heuristic_dara_1000,102,0,ground_a,0.0,0.0,active,1,50.61614639308229,168.14332394476102
run_heuristic_dara_1000,102,1,ground_b,134.39999999999998,0.0,active,1,50.24537120266123,166.91164657995614
run_heuristic_dara_1000,102,2,relay,26.190218354916254,0.0,active,2,53.892600247871094,179.02741961857447
run_heuristic_dara_1000,102,3,relay,52.517987921913445,0.0,active,2,50.57513658687718,168.00709350567263
run_heuristic_dara_1000,102,4,relay,78.97777777777962,0.0,active,2,50.45912831002771,167.62172580840615
run_heuristic_dara_1000,102,5,relay,89.59999999999998,0.0,failed,0,0.0,0.0
run_heuristic_dara_1000,102,6,relay,106.4290463346817,0.0,active,2,53.46234227090303,177.5981391555615
run_heuristic_dara_1000,103,0,ground_a,0.0,0.0,active,1,50.61614639308229,168.14332394476102
run_heuristic_dara_1000,103,1,ground_b,134.39999999999998,0.0,active,1,50.24537120266123,166.91164657995614
run_heuristic_dara_1000,103,2,relay,26.190218354916254,0.0,active,2,53.892600247871094,179.02741961857447
run_heuristic_dara_1000,103,3,relay,52.517987921913445,0.0,active,2,50.57513658687718,168.00709350567263
run_heuristic_dara_1000,103,4,relay,78.97777777777962,0.0,active,2,50.45912831002771,167.62172580840615
run_heuristic_dara_1000,103,5,relay,89.59999999999998,0.0,failed,0,0.0,0.0
run_heuristic_dara_1000,103,6,relay,106.4290463346817,0.0,active,2,53.46234227090303,177.5981391555615
run_heuristic_dara_1000,104,0,ground_a,0.0,0.0,active,1,50.61614639308229,168.14332394476102
run_heuristic_dara_1000,104,1,ground_b,134.39999999999998,0.0,active,1,50.24537120266123,166.91164657995614
run_heuristic_dara_1000,104,2,relay,26.190218354916254,0.0,active,2,53.892600247871094,179.02741961857447
run_heuristic_dara_1000,104,3,relay,52.517987921913445,0.0,active,2,50.57513658687718,168.00709350567263
run_heuristic_dara_1000,104,4,relay,78.97777777777962,0.0,active,2,50.45912831002771,167.62172580840615
run_heuristic_dara_1000,104,5,relay,89.59999999999998,0.0,failed,0,0.0,0.0
run_heuristic_dara_1000,104,6,relay,106.4290463346817,0.0,active,2,53.46234227090303,177.5981391555615
run_heuristic_dara_1000,105,0,ground_a,0.0,0.0,active,1,50.61614639308229,168.14332394476102
run_heuristic_dara_1000,105,1,ground_b,134.39999999999998,0.0,active,1,50.24537120266123,166.91164657995614
run_heuristic_dara_1000,105,2,relay,26.190218354916254,0.0,active,2,53.892600247871094,179.02741961857447
run_heuristic_dara_1000,105,3,relay,52.517987921913445,0.0,active,2,50.57513658687718,168.00709350567263
run_heuristic_dara_1000,105,4,relay,78.97777777777962,0.0,active,2,50.45912831002771,167.62172580840615
run_heuristic_dara_1000,105,5,relay,89.59999999999998,0.0,failed,0,0.0,0.0
run_heuristic_dara_1000,105,6,relay,106.4290463346817,0.0,active,2,53.46234227090303,177.5981391555615
run_heuristic_dara_1000,106,0,ground_a,0.0,0.0,active,1,50.61614639308229,168.14332394476102
run_heuristic_dara_1000,106,1,ground_b,134.39999999999998,0.0,active,1,50.24537120266123,166.91164657995614
run_heuristic_dara_1000,106,2,relay,26.190218354916254,0.0,active,2,53.892600247871094,179.02741961857447
run_heuristic_dara_1000,106,3,relay,52.517987921913445,0.0,active,2,50.57513658687718,168.00709350567263
run_heuristic_dara_1000,106,4,relay,78.97777777777962,0.0,active,2,50.45912831002771,167.62172580840615
run_heuristic_dara_1000,106,5,relay,89.59999999999998,0.0,failed,0,0.0,0.0
run_heuristic_dara_1000,106,6,relay,106.4290463346817,0.0,active,2,53.46234227090303,177.5981391555615
run_heuristic_dara_1000,107,0,ground_a,0.0,0.0,active,1,50.61614639308229,168.14332394476102
run_heuristic_dara_1000,107,1,ground_b,134.39999999999998,0.0,active,1,50.24537120266123,166.91164657995614
run_heuristic_dara_1000,107,2,relay,26.190218354916254,0.0,active,2,53.892600247871094,179.02741961857447
run_heuristic_dara_1000,107,3,relay,52.517987921913445,0.0,active,2,50.57513658687718,168.00709350567263
run_heuristic_dara_1000,107,4,relay,78.97777777777962,0.0,active,2,50.45912831002771,167.62172580840615
run_heuristic_dara_1000,107,5,relay,89.59999999999998,0.0,failed,0,0.0,0.0
run_heuristic_dara_1000,107,6,relay,106.4290463346817,0.0,active,2,53.46234227090303,177.5981391555615
run_heuristic_dara_1000,108,0,ground_a,0.0,0.0,active,1,50.61614639308229,168.14332394476102
run_heuristic_dara_1000,108,1,ground_b,134.39999999999998,0.0,active,1,50.24537120266123,166.91164657995614
run_heuristic_dara_1000,108,2,relay,26.190218354916254,0.0,active,2,53.892600247871094,179.02741961857447
run_heuristic_dara_1000,108,3,relay,52.517987921913445,0.0,active,2,50.57513658687718,168.00709350567263
run_heuristic_dara_1000,108,4,relay,78.97777777777962,0.0,active,2,50.45912831002771,167.62172580840615
run_heuristic_dara_1000,108,5,relay,89.59999999999998,0.0,failed,0,0.0,0.0
run_heuristic_dara_1000,108,6,relay,106.4290463346817,0.0,active,2,53.46234227090303,177.5981391555615
run_heuristic_dara_1000,109,0,ground_a,0.0,0.0,active,1,50.61614639308229,168.14332394476102
run_heuristic_dara_1000,109,1,ground_b,134.39999999999998,0.0,active,1,50.24537120266123,166.91164657995614
run_heuristic_dara_1000,109,2,relay,26.190218354916254,0.0,active,2,53.892600247871094,179.02741961857447
run_heuristic_dara_1000,109,3,relay,52.517987921913445,0.0,active,2,50.57513658687718,168.00709350567263
run_heuristic_dara_1000,109,4,relay,78.97777777777962,0.0,active,2,50.45912831002771,167.62172580840615
run_heuristic_dara_1000,109,5,relay,89.59999999999998,0.0,failed,0,0.0,0.0
run_heuristic_dara_1000,109,6,relay,106.4290463346817,0.0,active,2,53.46234227090303,177.5981391555615
run_heuristic_dara_1000,110,0,ground_a,0.0,0.0,active,1,50.61614639308229,168.14332394476102
run_heuristic_dara_1000,110,1,ground_b,134.39999999999998,0.0,active,1,50.24537120266123,166.91164657995614
run_heuristic_dara_1000,110,2,relay,26.190218354916254,0.0,active,2,53.892600247871094,179.02741961857447
run_heuristic_dara_1000,110,3,relay,52.517987921913445,0.0,active,2,50.57513658687718,168.00709350567263
run_heuristic_dara_1000,110,4,relay,78.97777777777962,0.0,active,2,50.45912831002771,167.62172580840615
run_heuristic_dara_1000,110,5,relay,89.59999999999998,0.0,failed,0,0.0,0.0
run_heuristic_dara_1000,110,6,relay,106.4290463346817,0.0,active,2,53.46234227090303,177.5981391555615
run_heuristic_dara_1000,111,0,ground_a,0.0,0.0,active,1,50.61614639308229,168.14332394476102
run_heuristic_dara_1000,111,1,ground_b,134.39999999999998,0.0,active,1,50.24537120266123,166.91164657995614
run_heuristic_dara_1000,111,2,relay,26.190218354916254,0.0,active,2,53.892600247871094,179.02741961857447
run_heuristic_dara_1000,111,3,relay,52.517987921913445,0.0,active,2,50.57513658687718,168.00709350567263
run_heuristic_dara_1000,111,4,relay,78.97777777777962,0.0,active,2,50.45912831002771,167.62172580840615
run_heuristic_dara_1000,111,5,relay,89.59999999999998,0.0,failed,0,0.0,0.0
run_heuristic_dara_1000,111,6,relay,106.4290463346817,0.0,active,2,53.46234227090303,177.5981391555615
run_heuristic_dara_1000,112,0,ground_a,0.0,0.0,active,1,50.61614639308229,168.14332394476102
run_heuristic_dara_1000,112,1,ground_b,134.39999999999998,0.0,active,1,50.24537120266123,166.91164657995614
run_heuristic_dara_1000,112,2,relay,26.190218354916254,0.0,active,2,53.892600247871094,179.02741961857447
run_heuristic_dara_1000,112,3,relay,52.517987921913445,0.0,active,2,50.57513658687718,168.00709350567263
run_heuristic_dara_1000,112,4,relay,78.97777777777962,0.0,active,2,50.45912831002771,167.62172580840615
run_heuristic_dara_1000,112,5,relay,89.59999999999998,0.0,failed,0,0.0,0.0
run_heuristic_dara_1000,112,6,relay,106.4290463346817,0.0,active,2,53.46234227090303,177.5981391555615
run_heuristic_dara_1000,113,0,ground_a,0.0,0.0,active,1,50.61614639308229,168.14332394476102
run_heuristic_dara_1000,113,1,ground_b,134.39999999999998,0.0,active,1,50.24537120266123,166.91164657995614
run_heuristic_dara_1000,113,2,relay,26.190218354916254,0.0,active,2,53.892600247871094,179.02741961857447
run_heuristic_dara_1000,113,3,relay,52.517987921913445,0.0,active,2,50.57513658687718,168.00709350567263
run_heuristic_dara_1000,113,4,relay,78.97777777777962,0.0,active,2,50.45912831002771,167.62172580840615
run_heuristic_dara_1000,113,5,relay,89.59999999999998,0.0,failed,0,0.0,0.0
run_heuristic_dara_1000,113,6,relay,106.4290463346817,0.0,active,2,53.46234227090303,177.5981391555615
run_heuristic_dara_1000,114,0,ground_a,0.0,0.0,active,1,50.61614639308229,168.14332394476102
run_heuristic_dara_1000,114,1,ground_b,134.39999999999998,0.0,active,1,50.24537120266123,166.91164657995614
run_heuristic_dara_1000,114,2,relay,26.190218354916254,0.0,active,2,53.892600247871094,179.02741961857447
run_heuristic_dara_1000,114,3,relay,52.517987921913445,0.0,active,2,50.57513658687718,168.00709350567263
run_heuristic_dara_1000,114,4,relay,78.97777777777962,0.0,active,2,50.45912831002771,167.62172580840615
run_heuristic_dara_1000,114,5,relay,89.59999999999998,0.0,failed,0,0.0,0.0
run_heuristic_dara_1000,114,6,relay,106.4290463346817,0.0,active,2,53.46234227090303,177.5981391555615
run_heuristic_dara_1000,115,0,ground_a,0.0,0.0,active,1,50.61614639308229,168.14332394476102
run_heuristic_dara_1000,115,1,ground_b,134.39999999999998,0.0,active,1,50.24537120266123,166.91164657995614
run_heuristic_dara_1000,115,2,relay,26.190218354916254,0.0,active,2,53.892600247871094,179.02741961857447
run_heuristic_dara_1000,115,3,relay,52.517987921913445,0.0,active,2,50.57513658687718,168.00709350567263
run_heuristic_dara_1000,115,4,relay,78.97777777777962,0.0,active,2,50.45912831002771,167.62172580840615
run_heuristic_dara_1000,115,5,relay,89.59999999999998,0.0,failed,0,0.0,0.0
run_heuristic_dara_1000,115,6,relay,106.4290463346817,0.0,active,2,53.46234227090303,177.5981391555615
run_heuristic_dara_1000,116,0,ground_a,0.0,0.0,active,1,50.61614639308229,168.14332394476102
run_heuristic_dara_1000,116,1,ground_b,134.39999999999998,0.0,active,1,50.24537120266123,166.91164657995614
run_heuristic_dara_1000,116,2,relay,26.190218354916254,0.0,active,2,53.892600247871094,179.02741961857447
run_heuristic_dara_1000,116,3,relay,52.517987921913445,0.0,active,2,50.57513658687718,168.00709350567263
run_heuristic_dara_1000,116,4,relay,78.97777777777962,0.0,active,2,50.45912831002771,167.62172580840615
run_heuristic_dara_1000,116,5,relay,89.59999999999998,0.0,failed,0,0.0,0.0
run_heuristic_dara_1000,116,6,relay,106.4290463346817,0.0,active,2,53.46234227090303,177.5981391555615
run_heuristic_dara_1000,117,0,ground_a,0.0,0.0,active,1,50.61614639308229,168.14332394476102
run_heuristic_dara_1000,117,1,ground_b,134.39999999999998,0.0,active,1,50.24537120266123,166.91164657995614
run_heuristic_dara_1000,117,2,relay,26.190218354916254,0.0,active,2,53.892600247871094,179.02741961857447
run_heuristic_dara_1000,117,3,relay,52.517987921913445,0.0,active,2,50.57513658687718,168.00709350567263
run_heuristic_dara_1000,117,4,relay,78.97777777777962,0.0,active,2,50.45912831002771,167.62172580840615
run_heuristic_dara_1000,117,5,relay,89.59999999999998,0.0,failed,0,0.0,0.0
run_heuristic_dara_1000,117,6,relay,106.4290463346817,0.0,active,2,53.46234227090303,177.5981391555615
run_heuristic_dara_1000,118,0,ground_a,0.0,0.0,active,1,50.61614639308229,168.14332394476102
run_heuristic_dara_1000,118,1,ground_b,134.39999999999998,0.0,active,1,50.24537120266123,166.91164657995614
run_heuristic_dara_1000,118,2,relay,26.190218354916254,0.0,active,2,53.892600247871094,179.02741961857447
run_heuristic_dara_1000,118,3,relay,52.517987921913445,0.0,active,2,50.57513658687718,168.00709350567263
run_heuristic_dara_1000,118,4,relay,78.97777777777962,0.0,active,2,50.45912831002771,167.62172580840615
run_heuristic_dara_1000,118,5,relay,89.59999999999998,0.0,failed,0,0.0,0.0
run_heuristic_dara_1000,118,6,relay,106.4290463346817,0.0,active,2,53.46234227090303,177.5981391555615
run_heuristic_dara_1000,119,0,ground_a,0.0,0.0,active,1,50.61614639308229,168.14332394476102
run_heuristic_dara_1000,119,1,ground_b,134.39999999999998,0.0,active,1,50.24537120266123,166.91164657995614
run_heuristic_dara_1000,119,2,relay,26.190218354916254,0.0,active,2,53.892600247871094,179.02741961857447
run_heuristic_dara_1000,119,3,relay,52.517987921913445,0.0,active,2,50.57513658687718,168.00709350567263
run_heuristic_dara_1000,119,4,relay,78.97777777777962,0.0,active,2,50.45912831002771,167.62172580840615
run_heuristic_dara_1000,119,5,relay,89.59999999999998,0.0,failed,0,0.0,0.0
run_heuristic_dara_1000,119,6,relay,106.4290463346817,0.0,active,2,53.46234227090303,177.5981391555615
run_heuristic_dara_1000,120,0,ground_a,0.0,0.0,active,1,50.61614639308229,168.14332394476102
run_heuristic_dara_1000,120,1,ground_b,134.39999999999998,0.0,active,1,50.24537120266123,166.91164657995614
run_heuristic_dara_1000,120,2,relay,26.190218354916254,0.0,active,2,53.892600247871094,179.02741961857447
run_heuristic_dara_1000,120,3,relay,52.517987921913445,0.0,active,2,50.57513658687718,168.00709350567263
run_heuristic_dara_1000,120,4,relay,78.97777777777962,0.0,active,2,50.45912831002771,167.62172580840615
run_heuristic_dara_1000,120,5,relay,89.59999999999998,0.0,failed,0,0.0,0.0
run_heuristic_dara_1000,120,6,relay,106.4290463346817,0.0,active,2,53.46234227090303,177.5981391555615
run_heuristic_dara_1000,121,0,ground_a,0.0,0.0,active,1,50.61614639308229,168.14332394476102
run_heuristic_dara_1000,121,1,ground_b,134.39999999999998,0.0,active,1,50.24537120266123,166.91164657995614
run_heuristic_dara_1000,121,2,relay,26.190218354916254,0.0,active,2,53.892600247871094,179.02741961857447
run_heuristic_dara_1000,121,3,relay,52.517987921913445,0.0,active,2,50.57513658687718,168.00709350567263
run_heuristic_dara_1000,121,4,relay,78.97777777777962,0.0,active,2,50.45912831002771,167.62172580840615
run_heuristic_dara_1000,121,5,relay,89.59999999999998,0.0,failed,0,0.0,0.0
run_heuristic_dara_1000,121,6,relay,106.4290463346817,0.0,active,2,53.46234227090303,177.5981391555615
run_heuristic_dara_1000,122,0,ground_a,0.0,0.0,active,1,50.61614639308229,168.14332394476102
run_heuristic_dara_1000,122,1,ground_b,134.39999999999998,0.0,active,1,50.24537120266123,166.91164657995614
run_heuristic_dara_1000,122,2,relay,26.190218354916254,0.0,active,2,53.892600247871094,179.02741961857447
run_heuristic_dara_1000,122,3,relay,52.517987921913445,0.0,active,2,50.57513658687718,168.00709350567263
run_heuristic_dara_1000,122,4,relay,78.97777777777962,0.0,active,2,50.45912831002771,167.62172580840615
run_heuristic_dara_1000,122,5,relay,89.59999999999998,0.0,failed,0,0.0,0.0
run_heuristic_dara_1000,122,6,relay,106.4290463346817,0.0,active,2,53.46234227090303,177.5981391555615
run_heuristic_dara_1000,123,0,ground_a,0.0,0.0,active,1,50.61614639308229,168.14332394476102
run_heuristic_dara_1000,123,1,ground_b,134.39999999999998,0.0,active,1,50.24537120266123,166.91164657995614
run_heuristic_dara_1000,123,2,relay,26.190218354916254,0.0,active,2,53.892600247871094,179.02741961857447
run_heuristic_dara_1000,123,3,relay,52.517987921913445,0.0,active,2,50.57513658687718,168.00709350567263
run_heuristic_dara_1000,123,4,relay,78.97777777777962,0.0,active,2,50.45912831002771,167.62172580840615
run_heuristic_dara_1000,123,5,relay,89.59999999999998,0.0,failed,0,0.0,0.0
run_heuristic_dara_1000,123,6,relay,106.4290463346817,0.0,active,2,53.46234227090303,177.5981391555615
run_heuristic_dara_1000,124,0,ground_a,0.0,0.0,active,1,50.61614639308229,168.14332394476102
run_heuristic_dara_1000,124,1,ground_b,134.39999999999998,0.0,active,1,50.24537120266123,166.91164657995614
run_heuristic_dara_1000,124,2,relay,26.190218354916254,0.0,active,2,53.892600247871094,179.02741961857447
run_heuristic_dara_1000,124,3,relay,52.517987921913445,0.0,active,2,50.57513658687718,168.00709350567263
run_heuristic_dara_1000,124,4,relay,78.97777777777962,0.0,active,2,50.45912831002771,167.62172580840615
run_heuristic_dara_1000,124,5,relay,89.59999999999998,0.0,failed,0,0.0,0.0
run_heuristic_dara_1000,124,6,relay,106.4290463346817,0.0,active,2,53.46234227090303,177.5981391555615
run_heuristic_dara_1000,125,0,ground_a,0.0,0.0,active,1,50.61614639308229,168.14332394476102
run_heuristic_dara_1000,125,1,ground_b,134.39999999999998,0.0,active,1,50.24537120266123,166.91164657995614
run_heuristic_dara_1000,125,2,relay,26.190218354916254,0.0,active,2,53.892600247871094,179.02741961857447
run_heuristic_dara_1000,125,3,relay,52.517987921913445,0.0,active,2,50.57513658687718,168.00709350567263
run_heuristic_dara_1000,125,4,relay,78.97777777777962,0.0,active,2,50.45912831002771,167.62172580840615
run_heuristic_dara_1000,125,5,relay,89.59999999999998,0.0,failed,0,0.0,0.0
run_heuristic_dara_1000,125,6,relay,106.4290463346817,0.0,active,2,53.46234227090303,177.5981391555615
run_heuristic_dara_1000,126,0,ground_a,0.0,0.0,active,1,50.61614639308229,168.14332394476102
run_heuristic_dara_1000,126,1,ground_b,134.39999999999998,0.0,active,1,50.24537120266123,166.91164657995614
run_heuristic_dara_1000,126,2,relay,26.190218354916254,0.0,active,2,53.892600247871094,179.02741961857447
run_heuristic_dara_1000,126,3,relay,52.517987921913445,0.0,active,2,50.57513658687718,168.00709350567263
run_heuristic_dara_1000,126,4,relay,78.97777777777962,0.0,active,2,50.45912831002771,167.62172580840615
run_heuristic_dara_1000,126,5,relay,89.59999999999998,0.0,failed,0,0.0,0.0
run_heuristic_dara_1000,126,6,relay,106.4290463346817,0.0,active,2,53.46234227090303,177.5981391555615
run_heuristic_dara_1000,127,0,ground_a,0.0,0.0,active,1,50.61614639308229,168.14332394476102
run_heuristic_dara_1000,127,1,ground_b,134.39999999999998,0.0,active,1,50.24537120266123,166.91164657995614
run_heuristic_dara_1000,127,2,relay,26.190218354916254,0.0,active,2,53.892600247871094,179.02741961857447
run_heuristic_dara_1000,127,3,relay,52.517987921913445,0.0,active,2,50.57513658687718,168.00709350567263
run_heuristic_dara_1000,127,4,relay,78.97777777777962,0.0,active,2,50.45912831002771,167.62172580840615
run_heuristic_dara_1000,127,5,relay,89.59999999999998,0.0,failed,0,0.0,0.0
run_heuristic_dara_1000,127,6,relay,106.4290463346817,0.0,active,2,53.46234227090303,177.5981391555615
run_heuristic_dara_1000,128,0,ground_a,0.0,0.0,active,1,50.61614639308229,168.14332394476102
run_heuristic_dara_1000,128,1,ground_b,134.39999999999998,0.0,active,1,50.24537120266123,166.91164657995614
run_heuristic_dara_1000,128,2,relay,26.190218354916254,0.0,active,2,53.892600247871094,179.02741961857447
run_heuristic_dara_1000,128,3,relay,52.517987921913445,0.0,active,2,50.57513658687718,168.00709350567263
run_heuristic_dara_1000,128,4,relay,78.97777777777962,0.0,active,2,50.45912831002771,167.62172580840615
run_heuristic_dara_1000,128,5,relay,89.59999999999998,0.0,failed,0,0.0,0.0
run_heuristic_dara_1000,128,6,relay,106.4290463346817,0.0,active,2,53.46234227090303,177.5981391555615
run_heuristic_dara_1000,129,0,ground_a,0.0,0.0,active,1,50.61614639308229,168.14332394476102
run_heuristic_dara_1000,129,1,ground_b,134.39999999999998,0.0,active,1,50.24537120266123,166.91164657995614
run_heuristic_dara_1000,129,2,relay,26.190218354916254,0.0,active,2,53.892600247871094,179.02741961857447
run_heuristic_dara_1000,129,3,relay,52.517987921913445,0.0,active,2,50.57513658687718,168.00709350567263
run_heuristic_dara_1000,129,4,relay,78.97777777777962,0.0,active,2,50.45912831002771,167.62172580840615
run_heuristic_dara_1000,129,5,relay,89.59999999999998,0.0,failed,0,0.0,0.0
run_heuristic_dara_1000,129,6,relay,106.4290463346817,0.0,active,2,53.46234227090303,177.5981391555615
run_heuristic_dara_1000,130,0,ground_a,0.0,0.0,active,1,50.61614639308229,168.14332394476102
run_heuristic_dara_1000,130,1,ground_b,134.39999999999998,0.0,active,1,50.24537120266123,166.91164657995614
run_heuristic_dara_1000,130,2,relay,26.190218354916254,0.0,active,2,53.892600247871094,179.02741961857447
run_heuristic_dara_1000,130,3,relay,52.517987921913445,0.0,active,2,50.57513658687718,168.00709350567263
run_heuristic_dara_1000,130,4,relay,78.97777777777962,0.0,active,2,50.45912831002771,167.62172580840615
run_heuristic_dara_1000,130,5,relay,89.59999999999998,0.0,failed,0,0.0,0.0
run_heuristic_dara_1000,130,6,relay,106.4290463346817,0.0,active,2,53.46234227090303,177.5981391555615
run_heuristic_dara_1000,131,0,ground_a,0.0,0.0,active,1,50.61614639308229,168.14332394476102
run_heuristic_dara_1000,131,1,ground_b,134.39999999999998,0.0,active,1,50.24537120266123,166.91164657995614
run_heuristic_dara_1000,131,2,relay,26.190218354916254,0.0,active,2,53.892600247871094,179.02741961857447
run_heuristic_dara_1000,131,3,relay,52.517987921913445,0.0,active,2,50.57513658687718,168.00709350567263
run_heuristic_dara_1000,131,4,relay,78.97777777777962,0.0,active,2,50.45912831002771,167.62172580840615
run_heuristic_dara_1000,131,5,relay,89.59999999999998,0.0,failed,0,0.0,0.0
run_heuristic_dara_1000,131,6,relay,106.4290463346817,0.0,active,2,53.46234227090303,177.5981391555615
run_heuristic_dara_1000,132,0,ground_a,0.0,0.0,active,1,50.61614639308229,168.14332394476102
run_heuristic_dara_1000,132,1,ground_b,134.39999999999998,0.0,active,1,50.24537120266123,166.91164657995614
run_heuristic_dara_1000,132,2,relay,26.190218354916254,0.0,active,2,53.892600247871094,179.02741961857447
run_heuristic_dara_1000,132,3,relay,52.517987921913445,0.0,active,2,50.57513658687718,168.00709350567263
run_heuristic_dara_1000,132,4,relay,78.97777777777962,0.0,active,2,50.45912831002771,167.62172580840615
run_heuristic_dara_1000,132,5,relay,89.59999999999998,0.0,failed,0,0.0,0.0
run_heuristic_dara_1000,132,6,relay,106.4290463346817,0.0,active,2,53.46234227090303,177.5981391555615
run_heuristic_dara_1000,133,0,ground_a,0.0,0.0,active,1,50.61614639308229,168.14332394476102
run_heuristic_dara_1000,133,1,ground_b,134.39999999999998,0.0,active,1,50.24537120266123,166.91164657995614
run_heuristic_dara_1000,133,2,relay,26.190218354916254,0.0,active,2,53.892600247871094,179.02741961857447
run_heuristic_dara_1000,133,3,relay,52.517987921913445,0.0,active,2,50.57513658687718,168.00709350567263
run_heuristic_dara_1000,133,4,relay,78.97777777777962,0.0,active,2,50.45912831002771,167.62172580840615
run_heuristic_dara_1000,133,5,relay,89.59999999999998,0.0,failed,0,0.0,0.0
run_heuristic_dara_1000,133,6,relay,106.4290463346817,0.0,active,2,53.46234227090303,177.5981391555615
run_heuristic_dara_1000,134,0,ground_a,0.0,0.0,active,1,50.61614639308229,168.14332394476102
run_heuristic_dara_1000,134,1,ground_b,134.39999999999998,0.0,active,1,50.24537120266123,166.91164657995614
run_heuristic_dara_1000,134,2,relay,26.190218354916254,0.0,active,2,53.892600247871094,179.02741961857447
run_heuristic_dara_1000,134,3,relay,52.517987921913445,0.0,active,2,50.57513658687718,168.00709350567263
run_heuristic_dara_1000,134,4,relay,78.97777777777962,0.0,active,2,50.45912831002771,167.62172580840615
run_heuristic_dara_1000,134,5,relay,89.59999999999998,0.0,failed,0,0.0,0.0
run_heuristic_dara_1000,134,6,relay,106.4290463346817,0.0,active,2,53.46234227090303,177.5981391555615
run_heuristic_dara_1000,135,0,ground_a,0.0,0.0,active,1,50.61614639308229,168.14332394476102
run_heuristic_dara_1000,135,1,ground_b,134.39999999999998,0.0,active,1,50.24537120266123,166.91164657995614
run_heuristic_dara_1000,135,2,relay,26.190218354916254,0.0,active,2,53.892600247871094,179.02741961857447
run_heuristic_dara_1000,135,3,relay,52.517987921913445,0.0,active,2,50.57513658687718,168.00709350567263
run_heuristic_dara_1000,135,4,relay,78.97777777777962,0.0,active,2,50.45912831002771,167.62172580840615
run_heuristic_dara_1000,135,5,relay,89.59999999999998,0.0,failed,0,0.0,0.0
run_heuristic_dara_1000,135,6,relay,106.4290463346817,0.0,active,2,53.46234227090303,177.5981391555615
run_heuristic_dara_1000,136,0,ground_a,0.0,0.0,active,1,50.61614639308229,168.14332394476102
run_heuristic_dara_1000,136,1,ground_b,134.39999999999998,0.0,active,1,50.24537120266123,166.91164657995614
run_heuristic_dara_1000,136,2,relay,26.190218354916254,0.0,active,2,53.892600247871094,179.02741961857447
run_heuristic_dara_1000,136,3,relay,52.517987921913445,0.0,active,2,50.57513658687718,168.00709350567263
run_heuristic_dara_1000,136,4,relay,78.97777777777962,0.0,active,2,50.45912831002771,167.62172580840615
run_heuristic_dara_1000,136,5,relay,89.59999999999998,0.0,failed,0,0.0,0.0
run_heuristic_dara_1000,136,6,relay,106.4290463346817,0.0,active,2,53.46234227090303,177.5981391555615
run_heuristic_dara_1000,137,0,ground_a,0.0,0.0,active,1,50.61614639308229,168.14332394476102
run_heuristic_dara_1000,137,1,ground_b,134.39999999999998,0.0,active,1,50.24537120266123,166.91164657995614
run_heuristic_dara_1000,137,2,relay,26.190218354916254,0.0,active,2,53.892600247871094,179.02741961857447
run_heuristic_dara_1000,137,3,relay,52.517987921913445,0.0,active,2,50.57513658687718,168.00709350567263
run_heuristic_dara_1000,137,4,relay,78.97777777777962,0.0,active,2,50.45912831002771,167.62172580840615
run_heuristic_dara_1000,137,5,relay,89.59999999999998,0.0,failed,0,0.0,0.0
run_heuristic_dara_1000,137,6,relay,106.4290463346817,0.0,active,2,53.46234227090303,177.5981391555615
run_heuristic_dara_1000,138,0,ground_a,0.0,0.0,active,1,50.61614639308229,168.14332394476102
run_heuristic_dara_1000,138,1,ground_b,134.39999999999998,0.0,active,1,50.24537120266123,166.91164657995614
run_heuristic_dara_1000,138,2,relay,26.190218354916254,0.0,active,2,53.892600247871094,179.02741961857447
run_heuristic_dara_1000,138,3,relay,52.517987921913445,0.0,active,2,50.57513658687718,168.00709350567263
run_heuristic_dara_1000,138,4,relay,78.97777777777962,0.0,active,2,50.45912831002771,167.62172580840615
run_heuristic_dara_1000,138,5,relay,89.59999999999998,0.0,failed,0,0.0,0.0
run_heuristic_dara_1000,138,6,relay,106.4290463346817,0.0,active,2,53.46234227090303,177.5981391555615
run_heuristic_dara_1000,139,0,ground_a,0.0,0.0,active,1,50.61614639308229,168.14332394476102
run_heuristic_dara_1000,139,1,ground_b,134.39999999999998,0.0,active,1,50.24537120266123,166.91164657995614
run_heuristic_dara_1000,139,2,relay,26.190218354916254,0.0,active,2,53.892600247871094,179.02741961857447
run_heuristic_dara_1000,139,3,relay,52.517987921913445,0.0,active,2,50.57513658687718,168.00709350567263
run_heuristic_dara_1000,139,4,relay,78.97777777777962,0.0,active,2,50.45912831002771,167.62172580840615
run_heuristic_dara_1000,139,5,relay,89.59999999999998,0.0,failed,0,0.0,0.0
run_heuristic_dara_1000,139,6,relay,106.4290463346817,0.0,active,2,53.46234227090303,177.5981391555615
run_heuristic_dara_1000,140,0,ground_a,0.0,0.0,active,1,50.61614639308229,168.14332394476102
run_heuristic_dara_1000,140,1,ground_b,134.39999999999998,0.0,active,1,50.24537120266123,166.91164657995614
run_heuristic_dara_1000,140,2,relay,26.190218354916254,0.0,active,2,53.892600247871094,179.02741961857447
run_heuristic_dara_1000,140,3,relay,52.517987921913445,0.0,active,2,50.57513658687718,168.00709350567263
run_heuristic_dara_1000,140,4,relay,78.97777777777962,0.0,active,2,50.45912831002771,167.62172580840615
run_heuristic_dara_1000,140,5,relay,89.59999999999998,0.0,failed,0,0.0,0.0
run_heuristic_dara_1000,140,6,relay,106.4290463346817,0.0,active,2,53.46234227090303,177.5981391555615
run_heuristic_dara_1000,141,0,ground_a,0.0,0.0,active,1,50.61614639308229,168.14332394476102
run_heuristic_dara_1000,141,1,ground_b,134.39999999999998,0.0,active,1,50.24537120266123,166.91164657995614
run_heuristic_dara_1000,141,2,relay,26.190218354916254,0.0,active,2,53.892600247871094,179.02741961857447
run_heuristic_dara_1000,141,3,relay,52.517987921913445,0.0,active,2,50.57513658687718,168.00709350567263
run_heuristic_dara_1000,141,4,relay,78.97777777777962,0.0,active,2,50.45912831002771,167.62172580840615
run_heuristic_dara_1000,141,5,relay,89.59999999999998,0.0,failed,0,0.0,0.0
run_heuristic_dara_1000,141,6,relay,106.4290463346817,0.0,active,2,53.46234227090303,177.5981391555615
run_heuristic_dara_1000,142,0,ground_a,0.0,0.0,active,1,50.61614639308229,168.14332394476102
run_heuristic_dara_1000,142,1,ground_b,134.39999999999998,0.0,active,1,50.24537120266123,166.91164657995614
run_heuristic_dara_1000,142,2,relay,26.190218354916254,0.0,active,2,53.892600247871094,179.02741961857447
run_heuristic_dara_1000,142,3,relay,52.517987921913445,0.0,active,2,50.57513658687718,168.00709350567263
run_heuristic_dara_1000,142,4,relay,78.97777777777962,0.0,active,2,50.45912831002771,167.62172580840615
run_heuristic_dara_1000,142,5,relay,89.59999999999998,0.0,failed,0,0.0,0.0
run_heuristic_dara_1000,142,6,relay,106.4290463346817,0.0,active,2,53.46234227090303,177.5981391555615
run_heuristic_dara_1000,143,0,ground_a,0.0,0.0,active,1,50.61614639308229,168.14332394476102
run_heuristic_dara_1000,143,1,ground_b,134.39999999999998,0.0,active,1,50.24537120266123,166.91164657995614
run_heuristic_dara_1000,143,2,relay,26.190218354916254,0.0,active,2,53.892600247871094,179.02741961857447
run_heuristic_dara_1000,143,3,relay,52.517987921913445,0.0,active,2,50.57513658687718,168.00709350567263
run_heuristic_dara_1000,143,4,relay,78.97777777777962,0.0,active,2,50.45912831002771,167.62172580840615
run_heuristic_dara_1000,143,5,relay,89.59999999999998,0.0,failed,0,0.0,0.0
run_heuristic_dara_1000,143,6,relay,106.4290463346817,0.0,active,2,53.46234227090303,177.5981391555615
run_heuristic_dara_1000,144,0,ground_a,0.0,0.0,active,1,50.61614639308229,168.14332394476102
run_heuristic_dara_1000,144,1,ground_b,134.39999999999998,0.0,active,1,50.24537120266123,166.91164657995614
run_heuristic_dara_1000,144,2,relay,26.190218354916254,0.0,active,2,53.892600247871094,179.02741961857447
run_heuristic_dara_1000,144,3,relay,52.517987921913445,0.0,active,2,50.57513658687718,168.00709350567263
run_heuristic_dara_1000,144,4,relay,78.97777777777962,0.0,active,2,50.45912831002771,167.62172580840615
run_heuristic_dara_1000,144,5,relay,89.59999999999998,0.0,failed,0,0.0,0.0
run_heuristic_dara_1000,144,6,relay,106.4290463346817,0.0,active,2,53.46234227090303,177.5981391555615
run_heuristic_dara_1000,145,0,ground_a,0.0,0.0,active,1,50.61614639308229,168.14332394476102
run_heuristic_dara_1000,145,1,ground_b,134.39999999999998,0.0,active,1,50.24537120266123,166.91164657995614
run_heuristic_dara_1000,145,2,relay,26.190218354916254,0.0,active,2,53.892600247871094,179.02741961857447
run_heuristic_dara_1000,145,3,relay,52.517987921913445,0.0,active,2,50.57513658687718,168.00709350567263
run_heuristic_dara_1000,145,4,relay,78.97777777777962,0.0,active,2,50.45912831002771,167.62172580840615
run_heuristic_dara_1000,145,5,relay,89.59999999999998,0.0,failed,0,0.0,0.0
run_heuristic_dara_1000,145,6,relay,106.4290463346817,0.0,active,2,53.46234227090303,177.5981391555615
run_heuristic_dara_1000,146,0,ground_a,0.0,0.0,active,1,50.61614639308229,168.14332394476102
run_heuristic_dara_1000,146,1,ground_b,134.39999999999998,0.0,active,1,50.24537120266123,166.91164657995614
run_heuristic_dara_1000,146,2,relay,26.190218354916254,0.0,active,2,53.892600247871094,179.02741961857447
run_heuristic_dara_1000,146,3,relay,52.517987921913445,0.0,active,2,50.57513658687718,168.00709350567263
run_heuristic_dara_1000,146,4,relay,78.97777777777962,0.0,active,2,50.45912831002771,167.62172580840615
run_heuristic_dara_1000,146,5,relay,89.59999999999998,0.0,failed,0,0.0,0.0
run_heuristic_dara_1000,146,6,relay,106.4290463346817,0.0,active,2,53.46234227090303,177.5981391555615
run_heuristic_dara_1000,147,0,ground_a,0.0,0.0,active,1,50.61614639308229,168.14332394476102
run_heuristic_dara_1000,147,1,ground_b,134.39999999999998,0.0,active,1,50.24537120266123,166.91164657995614
run_heuristic_dara_1000,147,2,relay,26.190218354916254,0.0,active,2,53.892600247871094,179.02741961857447
run_heuristic_dara_1000,147,3,relay,52.517987921913445,0.0,active,2,50.57513658687718,168.00709350567263
run_heuristic_dara_1000,147,4,relay,78.97777777777962,0.0,active,2,50.45912831002771,167.62172580840615
run_heuristic_dara_1000,147,5,relay,89.59999999999998,0.0,failed,0,0.0,0.0
run_heuristic_dara_1000,147,6,relay,106.4290463346817,0.0,active,2,53.46234227090303,177.5981391555615
run_heuristic_dara_1000,148,0,ground_a,0.0,0.0,active,1,50.61614639308229,168.14332394476102
run_heuristic_dara_1000,148,1,ground_b,134.39999999999998,0.0,active,1,50.24537120266123,166.91164657995614
run_heuristic_dara_1000,148,2,relay,26.190218354916254,0.0,active,2,53.892600247871094,179.02741961857447
run_heuristic_dara_1000,148,3,relay,52.517987921913445,0.0,active,2,50.57513658687718,168.00709350567263
run_heuristic_dara_1000,148,4,relay,78.97777777777962,0.0,active,2,50.45912831002771,167.62172580840615
run_heuristic_dara_1000,148,5,relay,89.59999999999998,0.0,failed,0,0.0,0.0
run_heuristic_dara_1000,148,6,relay,106.4290463346817,0.0,active,2,53.46234227090303,177.5981391555615
run_heuristic_dara_1000,149,0,ground_a,0.0,0.0,active,1,50.61614639308229,168.14332394476102
run_heuristic_dara_1000,149,1,ground_b,134.39999999999998,0.0,active,1,50.24537120266123,166.91164657995614
run_heuristic_dara_1000,149,2,relay,26.190218354916254,0.0,active,2,53.892600247871094,179.02741961857447
run_heuristic_dara_1000,149,3,relay,52.517987921913445,0.0,active,2,50.57513658687718,168.00709350567263
run_heuristic_dara_1000,149,4,relay,78.97777777777962,0.0,active,2,50.45912831002771,167.62172580840615
run_heuristic_dara_1000,149,5,relay,89.59999999999998,0.0,failed,0,0.0,0.0
run_heuristic_dara_1000,149,6,relay,106.4290463346817,0.0,active,2,53.46234227090303,177.5981391555615
