run_id,timestep,agent_id,role,x,y,status,degree,avg_snr_db,avg_rate_mbps
run_greedy_dara_1000,0,0,ground_a,0.0,0.0,active,1,51.321088944580694,170.485073655211
run_greedy_dara_1000,0,1,ground_b,134.39999999999998,0.0,active,1,51.321088944580694,170.485073655211
run_greedy_dara_1000,0,2,relay,22.389999999999993,0.0,active,2,55.00612254247676,182.72644686454427
run_greedy_dara_1000,0,3,relay,44.79999999999999,0.0,active,2,51.31851739482036,170.47653121485473
run_greedy_dara_1000,0,4,relay,67.19999999999999,0.0,active,2,51.319374811716415,170.47937947110617
run_greedy_dara_1000,0,5,relay,89.59999999999998,0.0,active,2,51.318517394820354,170.4765312148547
run_greedy_dara_1000,0,6,relay,112.00999999999999,0.0,active,2,55.00612254247675,182.72644686454424
run_greedy_dara_1000,1,0,ground_a,0.0,0.0,active,1,51.32280237681378,170.49076551190316
run_greedy_dara_1000,1,1,ground_b,134.39999999999998,0.0,active,1,51.3228023768138,170.49076551190322
run_greedy_dara_1000,1,2,relay,22.379999999999992,0.0,active,2,55.007398900221865,182.7306868446678
run_greedy_dara_1000,1,3,relay,44.79999999999999,0.0,active,2,51.31765962731178,170.47368179391054
run_greedy_dara_1000,1,4,relay,67.19999999999999,0.0,active,2,51.319374811716415,170.47937947110617
run_greedy_dara_1000,1,5,relay,89.59999999999998,0.0,active,2,51.31765962731178,170.47368179391054
run_greedy_dara_1000,1,6,relay,112.02,0.0,active,2,55.007398900221865,182.7306868446678
run_greedy_dara_1000,2,0,ground_a,0.0,0.0,active,1,51.324515108711964,170.4964550421668
run_greedy_dara_1000,2,1,ground_b,134.39999999999998,0.0,active,1,51.324515108711964,170.4964550421668
run_greedy_dara_1000,2,2,relay,22.36999999999999,0.0,active,2,55.00867586100465,182.73492882806116
run_greedy_dara_1000,2,3,relay,44.79999999999999,0.0,active,2,51.31680150904184,170.47083120777933
run_greedy_dara_1000,2,4,relay,67.19999999999999,0.0,active,2,51.319374811716415,170.47937947110617
run_greedy_dara_1000,2,5,relay,89.59999999999998,0.0,active,2,51.31680150904184,170.47083120777933
run_greedy_dara_1000,2,6,relay,112.03,0.0,active,2,55.00867586100465,182.73492882806116
run_greedy_dara_1000,3,0,ground_a,0.0,0.0,active,1,51.326227140570964,170.50214224698433
run_greedy_dara_1000,3,1,ground_b,134.39999999999998,0.0,active,1,51.32622714057098,170.50214224698433
run_greedy_dara_1000,3,2,relay,22.35999999999999,0.0,active,2,55.009953425528984,182.7391728170626
run_greedy_dara_1000,3,3,relay,44.79999999999999,0.0,active,2,51.31594303986149,170.46797945596586
run_greedy_dara_1000,3,4,relay,67.19999999999999,0.0,active,2,51.319374811716415,170.47937947110617
run_greedy_dara_1000,3,5,relay,89.59999999999998,0.0,active,2,51.31594303986149,170.46797945596586
run_greedy_dara_1000,3,6,relay,112.04,0.0,active,2,55.009953425528984,182.7391728170626
run_greedy_dara_1000,4,0,ground_a,0.0,0.0,active,1,51.32793847268604,170.50782712733647
run_greedy_dara_1000,4,1,ground_b,134.39999999999998,0.0,active,1,51.32793847268604,170.50782712733647
run_greedy_dara_1000,4,2,relay,22.349999999999987,0.0,active,2,55.0112315944996,182.74341881401327
run_greedy_dara_1000,4,3,relay,44.79999999999999,0.0,active,2,51.315084219621376,170.4651265379741
run_greedy_dara_1000,4,4,relay,67.19999999999999,0.0,active,2,51.319374811716415,170.47937947110617
run_greedy_dara_1000,4,5,relay,89.59999999999998,0.0,active,2,51.315084219621376,170.4651265379741
run_greedy_dara_1000,4,6,relay,112.05000000000001,0.0,active,2,55.01123159449961,182.7434188140133
run_greedy_dara_1000,5,0,ground_a,0.0,0.0,active,1,51.32964910535196,170.51350968420238
run_greedy_dara_1000,5,1,ground_b,134.39999999999998,0.0,active,1,51.329649105351976,170.51350968420243
run_greedy_dara_1000,5,2,relay,22.339999999999986,0.0,active,2,55.01251036862224,182.7476668212575
run_greedy_dara_1000,5,3,relay,44.79999999999999,0.0,active,2,51.314225048172,170.46227245330738
run_greedy_dara_1000,5,4,relay,67.19999999999999,0.0,active,2,51.319374811716415,170.47937947110617
run_greedy_dara_1000,5,5,relay,89.59999999999998,0.0,active,2,51.314225048171984,170.46227245330732
run_greedy_dara_1000,5,6,relay,112.06000000000002,0.0,active,2,55.01251036862224,182.7476668212575
run_greedy_dara_1000,6,0,ground_a,0.0,0.0,active,1,51.33135903886304,170.51918991855982
run_greedy_dara_1000,6,1,ground_b,134.39999999999998,0.0,active,1,51.33135903886304,170.51918991855982
run_greedy_dara_1000,6,2,relay,22.329999999999984,0.0,active,2,55.01378974860345,182.75191684114247
run_greedy_dara_1000,6,3,relay,44.79999999999999,0.0,active,2,51.31336552536353,170.45941720146797
run_greedy_dara_1000,6,4,relay,67.19999999999999,0.0,active,2,51.319374811716415,170.47937947110617
run_greedy_dara_1000,6,5,relay,89.59999999999998,0.0,active,2,51.31336552536353,170.45941720146797
run_greedy_dara_1000,6,6,relay,112.07000000000002,0.0,active,2,55.01378974860345,182.75191684114247
run_greedy_dara_1000,7,0,ground_a,0.0,0.0,active,1,51.33306827351309,170.52486783138465
run_greedy_dara_1000,7,1,ground_b,134.39999999999998,0.0,active,1,51.333068273513106,170.52486783138468
run_greedy_dara_1000,7,2,relay,22.319999999999983,0.0,active,2,55.01506973515075,182.75616887601853
run_greedy_dara_1000,7,3,relay,44.79999999999999,0.0,active,2,51.312505651045974,170.4565607819577
run_greedy_dara_1000,7,4,relay,67.19999999999999,0.0,active,2,51.319374811716415,170.47937947110617
run_greedy_dara_1000,7,5,relay,89.59999999999998,0.0,active,2,51.31250565104597,170.4565607819577
run_greedy_dara_1000,7,6,relay,112.08000000000003,0.0,active,2,55.01506973515076,182.75616887601856
run_greedy_dara_1000,8,0,ground_a,0.0,0.0,active,1,51.33477680959545,170.5305434236514
run_greedy_dara_1000,8,1,ground_b,134.39999999999998,0.0,active,1,51.33477680959544,170.53054342365138
run_greedy_dara_1000,8,2,relay,22.30999999999998,0.0,active,2,55.01721055494949,182.76328051591938
run_greedy_dara_1000,8,3,relay,44.78999999999999,0.0,active,2,51.31164823414992,170.45371252570624
run_greedy_dara_1000,8,4,relay,67.19999999999999,0.0,active,2,51.31765997792431,170.47368295860326
run_greedy_dara_1000,8,5,relay,89.60999999999999,0.0,active,2,51.311648234149914,170.45371252570624
run_greedy_dara_1000,8,6,relay,112.09000000000003,0.0,active,2,55.0172105549495,182.7632805159194
run_greedy_dara_1000,9,0,ground_a,0.0,0.0,active,1,51.33648464740291,170.5362166963326
run_greedy_dara_1000,9,1,ground_b,134.39999999999998,0.0,active,1,51.33648464740291,170.5362166963326
run_greedy_dara_1000,9,2,relay,22.29999999999998,0.0,active,2,55.01849210856503,182.76753775651068
run_greedy_dara_1000,9,3,relay,44.78999999999999,0.0,active,2,51.310788008173006,170.45085493802588
run_greedy_dara_1000,9,4,relay,67.19999999999999,0.0,active,2,51.31765997792431,170.47368295860326
run_greedy_dara_1000,9,5,relay,89.60999999999999,0.0,active,2,51.310788008173,170.45085493802586
run_greedy_dara_1000,9,6,relay,112.10000000000004,0.0,active,2,55.018492108565034,182.7675377565107
run_greedy_dara_1000,10,0,ground_a,0.0,0.0,active,1,51.338191787227856,170.5418876503995
run_greedy_dara_1000,10,1,ground_b,134.39999999999998,0.0,active,1,51.338191787227885,170.5418876503996
run_greedy_dara_1000,10,2,relay,22.289999999999978,0.0,active,2,55.02063484881218,182.77465577601333
run_greedy_dara_1000,10,3,relay,44.779999999999994,0.0,active,2,51.30993024066442,170.4480055170817
run_greedy_dara_1000,10,4,relay,67.19999999999999,0.0,active,2,51.31594444290714,170.46798411671494
run_greedy_dara_1000,10,5,relay,89.61999999999999,0.0,active,2,51.309930240664414,170.4480055170817
run_greedy_dara_1000,10,6,relay,112.11000000000004,0.0,active,2,55.020634848812186,182.77465577601336
run_greedy_dara_1000,11,0,ground_a,0.0,0.0,active,1,51.33989822936218,170.5475562868217
run_greedy_dara_1000,11,1,ground_b,134.39999999999998,0.0,active,1,51.33989822936219,170.54755628682176
run_greedy_dara_1000,11,2,relay,22.279999999999976,0.0,active,2,55.0219179727894,182.77891823326058
run_greedy_dara_1000,11,3,relay,44.779999999999994,0.0,active,2,51.30906966287763,170.4451467607313
run_greedy_dara_1000,11,4,relay,67.19999999999999,0.0,active,2,51.31594444290714,170.46798411671494
run_greedy_dara_1000,11,5,relay,89.61999999999999,0.0,active,2,51.30906966287763,170.4451467607313
run_greedy_dara_1000,11,6,relay,112.12000000000005,0.0,active,2,55.02191797278942,182.7789182332606
run_greedy_dara_1000,12,0,ground_a,0.0,0.0,active,1,51.341603974097225,170.55322260656706
run_greedy_dara_1000,12,1,ground_b,134.39999999999998,0.0,active,1,51.341603974097254,170.55322260656718
run_greedy_dara_1000,12,2,relay,22.269999999999975,0.0,active,2,55.024062636933586,182.78604264382108
run_greedy_dara_1000,12,3,relay,44.769999999999996,0.0,active,2,51.308211544607694,170.44229617460007
run_greedy_dara_1000,12,4,relay,67.19999999999999,0.0,active,2,51.31422820636726,170.46228294445248
run_greedy_dara_1000,12,5,relay,89.63,0.0,active,2,51.308211544607694,170.44229617460007
run_greedy_dara_1000,12,6,relay,112.13000000000005,0.0,active,2,55.0240626369336,182.78604264382113
run_greedy_dara_1000,13,0,ground_a,0.0,0.0,active,1,51.34330902172391,170.5588866106019
run_greedy_dara_1000,13,1,ground_b,134.39999999999998,0.0,active,1,51.34330902172394,170.55888661060203
run_greedy_dara_1000,13,2,relay,22.259999999999973,0.0,active,2,55.025347334575045,182.79031032869506
run_greedy_dara_1000,13,3,relay,44.769999999999996,0.0,active,2,51.30735061486031,170.43943624907894
run_greedy_dara_1000,13,4,relay,67.19999999999999,0.0,active,2,51.31422820636726,170.46228294445248
run_greedy_dara_1000,13,5,relay,89.63,0.0,active,2,51.307350614860304,170.4394362490789
run_greedy_dara_1000,13,6,relay,112.14000000000006,0.0,active,2,55.02534733457505,182.79031032869506
run_greedy_dara_1000,14,0,ground_a,0.0,0.0,active,1,51.34501337253262,170.56454829989082
run_greedy_dara_1000,14,1,ground_b,134.39999999999998,0.0,active,1,51.345013372532634,170.5645482998909
run_greedy_dara_1000,14,2,relay,22.24999999999997,0.0,active,2,55.02749392607417,182.79744114180033
run_greedy_dara_1000,14,3,relay,44.76,0.0,active,2,51.30649214567996,170.43658449726547
run_greedy_dara_1000,14,4,relay,67.19999999999999,0.0,active,2,51.31251126800656,170.45657944082555
run_greedy_dara_1000,14,5,relay,89.64,0.0,active,2,51.306492145679954,170.43658449726544
run_greedy_dara_1000,14,6,relay,112.15000000000006,0.0,active,2,55.02749392607418,182.79744114180036
run_greedy_dara_1000,15,0,ground_a,0.0,0.0,active,1,51.346717026813266,170.5702076753969
run_greedy_dara_1000,15,1,ground_b,134.39999999999998,0.0,active,1,51.34671702681328,170.57020767539694
run_greedy_dara_1000,15,2,relay,22.23999999999997,0.0,active,2,55.02878020069145,182.80171406530195
run_greedy_dara_1000,15,3,relay,44.76,0.0,active,2,51.30563086382101,170.43372340207208
run_greedy_dara_1000,15,4,relay,67.19999999999999,0.0,active,2,51.31251126800656,170.45657944082555
run_greedy_dara_1000,15,5,relay,89.64,0.0,active,2,51.30563086382101,170.43372340207208
run_greedy_dara_1000,15,6,relay,112.16000000000007,0.0,active,2,55.028780200691465,182.80171406530198
run_greedy_dara_1000,16,0,ground_a,0.0,0.0,active,1,51.3484199848553,170.57586473808158
run_greedy_dara_1000,16,1,ground_b,134.39999999999998,0.0,active,1,51.3484199848553,170.57586473808158
run_greedy_dara_1000,16,2,relay,22.22999999999997,0.0,active,2,55.030928723012785,182.80885129247
run_greedy_dara_1000,16,3,relay,44.75,0.0,active,2,51.3047720435809,170.43087048408034
run_greedy_dara_1000,16,4,relay,67.19999999999999,0.0,active,2,51.31079362752634,170.45087360484203
run_greedy_dara_1000,16,5,relay,89.65,0.0,active,2,51.3047720435809,170.43087048408034
run_greedy_dara_1000,16,6,relay,112.17000000000007,0.0,active,2,55.03092872301279,182.80885129247002
run_greedy_dara_1000,17,0,ground_a,0.0,0.0,active,1,51.350122246947606,170.58151948890452
run_greedy_dara_1000,17,1,ground_b,134.39999999999998,0.0,active,1,51.35012224694762,170.58151948890455
run_greedy_dara_1000,17,2,relay,22.219999999999967,0.0,active,2,55.03221657792661,182.81312946563042
run_greedy_dara_1000,17,3,relay,44.75,0.0,active,2,51.303910409459164,170.42800821871242
run_greedy_dara_1000,17,4,relay,67.19999999999999,0.0,active,2,51.31079362752634,170.45087360484203
run_greedy_dara_1000,17,5,relay,89.65,0.0,active,2,51.303910409459164,170.42800821871242
run_greedy_dara_1000,17,6,relay,112.18000000000008,0.0,active,2,55.032216577926626,182.81312946563048
run_greedy_dara_1000,18,0,ground_a,0.0,0.0,active,1,51.35182381337867,170.587171928824
run_greedy_dara_1000,18,1,ground_b,134.39999999999998,0.0,active,1,51.35182381337869,170.58717192882403
run_greedy_dara_1000,18,2,relay,22.209999999999965,0.0,active,2,55.034367034546726,182.8202731184102
run_greedy_dara_1000,18,3,relay,44.74,0.0,active,2,51.303051238009786,170.42515413404567
run_greedy_dara_1000,18,4,relay,67.19999999999999,0.0,active,2,51.309075284627575,170.44516543550853
run_greedy_dara_1000,18,5,relay,89.66000000000001,0.0,active,2,51.30305123800978,170.42515413404567
run_greedy_dara_1000,18,6,relay,112.19000000000008,0.0,active,2,55.03436703454674,182.82027311841028
run_greedy_dara_1000,19,0,ground_a,0.0,0.0,active,1,51.35352468443641,170.5928220587964
run_greedy_dara_1000,19,1,ground_b,134.39999999999998,0.0,active,1,51.35352468443644,170.59282205879654
run_greedy_dara_1000,19,2,relay,22.199999999999964,0.0,active,2,55.035656473086966,182.82455655229106
run_greedy_dara_1000,19,3,relay,44.74,0.0,active,2,51.302189251473834,170.42229069800015
run_greedy_dara_1000,19,4,relay,67.19999999999999,0.0,active,2,51.309075284627575,170.44516543550853
run_greedy_dara_1000,19,5,relay,89.66000000000001,0.0,active,2,51.30218925147382,170.42229069800013
run_greedy_dara_1000,19,6,relay,112.20000000000009,0.0,active,2,55.03565647308697,182.82455655229109
run_greedy_dara_1000,20,0,ground_a,0.0,0.0,active,1,51.3484199848553,170.57586473808158
run_greedy_dara_1000,20,1,ground_b,134.39999999999998,0.0,active,1,51.356924341581305,170.60411539271823
run_greedy_dara_1000,20,2,relay,22.229999999999965,0.0,active,2,55.03609113550883,182.82600032856493
run_greedy_dara_1000,20,3,relay,44.690000000000005,0.0,active,2,51.301326912371955,170.41942609077313
run_greedy_dara_1000,20,4,relay,67.24,0.0,active,1,51.29357854011636,170.39368674603782
run_greedy_dara_1000,20,5,relay,89.66000000000001,0.0,failed,0,0.0,0.0
run_greedy_dara_1000,20,6,relay,112.22000000000008,0.0,active,1,58.78462124587881,195.27830394987464
run_greedy_dara_1000,21,0,ground_a,0.0,0.0,active,1,51.33802110464627,170.54132065930287
run_greedy_dara_1000,21,1,ground_b,134.39999999999998,0.0,active,1,51.36201861916912,170.6210380928168
run_greedy_dara_1000,21,2,relay,22.290999999999965,0.0,active,2,55.02823564059244,182.79990486879103
run_greedy_dara_1000,21,3,relay,44.690000000000005,0.0,active,2,51.30068913054338,170.41730744193836
run_greedy_dara_1000,21,4,relay,67.30799999999999,0.0,active,1,51.28183200454707,170.3546658895984
run_greedy_dara_1000,21,5,relay,89.66000000000001,0.0,failed,0,0.0,0.0
run_greedy_dara_1000,21,6,relay,112.25000000000009,0.0,active,1,58.79755309346798,195.32126256095307
run_greedy_dara_1000,22,0,ground_a,0.0,0.0,active,1,51.32388147951494,170.49435018705225
run_greedy_dara_1000,22,1,ground_b,134.39999999999998,0.0,active,1,51.36880127942395,170.64356943794502
run_greedy_dara_1000,22,2,relay,22.373699999999964,0.0,active,2,55.01334598838907,182.75044252511174
run_greedy_dara_1000,22,3,relay,44.74,0.0,active,2,51.300235731721365,170.41580129556888
run_greedy_dara_1000,22,4,relay,67.39559999999999,0.0,active,1,51.27532282136909,170.33304301220994
run_greedy_dara_1000,22,5,relay,89.66000000000001,0.0,failed,0,0.0,0.0
run_greedy_dara_1000,22,6,relay,112.29000000000009,0.0,active,1,58.81482282903622,195.37863130520938
run_greedy_dara_1000,23,0,ground_a,0.0,0.0,active,1,51.318277398855074,170.47573397139797
run_greedy_dara_1000,23,1,ground_b,134.39999999999998,0.0,active,1,51.37726402512041,170.67168186570885
run_greedy_dara_1000,23,2,relay,22.406399999999962,0.0,active,2,55.00102891150865,182.70952624358387
run_greedy_dara_1000,23,3,relay,44.835,0.0,active,2,51.294348131623735,170.396243255859
run_greedy_dara_1000,23,4,relay,67.49691999999999,0.0,active,1,51.27422774152184,170.32940526282331
run_greedy_dara_1000,23,5,relay,89.66000000000001,0.0,failed,0,0.0,0.0
run_greedy_dara_1000,23,6,relay,112.34000000000009,0.0,active,1,58.83645398747615,195.45048836398735
run_greedy_dara_1000,24,0,ground_a,0.0,0.0,active,1,51.30747831443111,170.4398604545977
run_greedy_dara_1000,24,1,ground_b,134.39999999999998,0.0,active,1,51.38739651624731,170.70534102782122
run_greedy_dara_1000,24,2,relay,22.469289999999962,0.0,active,2,54.98217260017371,182.64688712788896
run_greedy_dara_1000,24,3,relay,44.9615,0.0,active,2,51.290230920485534,170.3825662774292
run_greedy_dara_1000,24,4,relay,67.60784399999999,0.0,active,1,51.27692611735334,170.33836900648464
run_greedy_dara_1000,24,5,relay,89.66000000000001,0.0,failed,0,0.0,0.0
run_greedy_dara_1000,24,6,relay,112.40000000000009,0.0,active,1,58.86247618767939,195.5369321292686
run_greedy_dara_1000,25,0,ground_a,0.0,0.0,active,1,51.29300699867282,170.39178814055546
run_greedy_dara_1000,25,1,ground_b,134.39999999999998,0.0,active,1,51.39918639043857,170.7445058579696
run_greedy_dara_1000,25,2,relay,22.55331299999996,0.0,active,2,54.95878187718752,182.56918504597698
run_greedy_dara_1000,25,3,relay,45.11005,0.0,active,2,51.28734545371875,170.37298103511992
run_greedy_dara_1000,25,4,relay,67.72549079999999,0.0,active,1,51.28227468072298,170.35613641707775
run_greedy_dara_1000,25,5,relay,89.66000000000001,0.0,failed,0,0.0,0.0
run_greedy_dara_1000,25,6,relay,112.47000000000008,0.0,active,1,58.89292526886243,195.63808165653714
run_greedy_dara_1000,26,0,ground_a,0.0,0.0,active,1,51.275924111177304,170.3350404388265
run_greedy_dara_1000,26,1,ground_b,134.39999999999998,0.0,active,1,51.41261928689876,170.78912865129178
run_greedy_dara_1000,26,2,relay,22.65212909999996,0.0,active,2,54.933131299586286,182.48397588494817
run_greedy_dara_1000,26,3,relay,45.264035,0.0,active,2,51.28531423870695,170.36623353502674
run_greedy_dara_1000,26,4,relay,67.84784355999999,0.0,active,1,51.28774242555497,170.37429973713867
run_greedy_dara_1000,26,5,relay,89.66000000000001,0.0,failed,0,0.0,0.0
run_greedy_dara_1000,26,6,relay,112.55000000000008,0.0,active,1,58.92784345702623,195.7540772177463
run_greedy_dara_1000,27,0,ground_a,0.0,0.0,active,1,51.267459487012474,170.30692177581042
run_greedy_dara_1000,27,1,ground_b,134.39999999999998,0.0,active,1,51.427678873489995,170.839155154354
run_greedy_dara_1000,27,2,relay,22.70094519999996,0.0,active,2,54.91807141390529,182.43394819325215
run_greedy_dara_1000,27,3,relay,45.36802,0.0,active,2,51.278666598004186,170.34415071505822
run_greedy_dara_1000,27,4,relay,67.97349049199998,0.0,active,1,51.28399884729575,170.3618639318323
run_greedy_dara_1000,27,5,relay,89.66000000000001,0.0,failed,0,0.0,0.0
run_greedy_dara_1000,27,6,relay,112.64000000000009,0.0,active,1,58.96727956319279,195.88508095984602
run_greedy_dara_1000,28,0,ground_a,0.0,0.0,active,1,51.26766497321549,170.30760438110315
run_greedy_dara_1000,28,1,ground_b,134.39999999999998,0.0,active,1,51.44434687658293,170.89452466430956
run_greedy_dara_1000,28,2,relay,22.69976129999996,0.0,active,2,54.91353392145416,182.41887508717693
run_greedy_dara_1000,28,3,relay,45.422005,0.0,active,2,51.26747594292313,170.3069764407935
run_greedy_dara_1000,28,4,relay,68.10144334439998,0.0,active,1,51.27119082032644,170.3193169042398
run_greedy_dara_1000,28,5,relay,89.66000000000001,0.0,failed,0,0.0,0.0
run_greedy_dara_1000,28,6,relay,112.74000000000008,0.0,active,1,59.01128921540328,196.03127767546403
run_greedy_dara_1000,29,0,ground_a,0.0,0.0,active,1,51.26092258264278,170.28520681183917
run_greedy_dara_1000,29,1,ground_b,134.39999999999998,0.0,active,1,51.46260311320658,170.9551701356951
run_greedy_dara_1000,29,2,relay,22.738577399999958,0.0,active,2,54.90839524406269,182.40180473317253
run_greedy_dara_1000,29,3,relay,45.42599,0.0,active,2,51.259582106615134,170.28075388047517
run_greedy_dara_1000,29,4,relay,68.23101034107998,0.0,active,1,51.24935650396337,170.2467854179055
run_greedy_dara_1000,29,5,relay,89.66000000000001,0.0,failed,0,0.0,0.0
run_greedy_dara_1000,29,6,relay,112.85000000000008,0.0,active,1,59.059935126839406,196.19287569358553
run_greedy_dara_1000,30,0,ground_a,0.0,0.0,active,1,51.262866334077316,170.2916637660512
run_greedy_dara_1000,30,1,ground_b,134.39999999999998,0.0,active,1,51.48242552496174,171.02101829308367
run_greedy_dara_1000,30,2,relay,22.72739349999996,0.0,active,2,54.90508535234805,182.3908096405309
run_greedy_dara_1000,30,3,relay,45.479974999999996,0.0,active,2,51.24722555358868,170.23970660745545
run_greedy_dara_1000,30,4,relay,68.36170723875598,0.0,active,1,51.23596367858087,170.20229574918739
run_greedy_dara_1000,30,5,relay,89.66000000000001,0.0,failed,0,0.0,0.0
run_greedy_dara_1000,30,6,relay,112.97000000000008,0.0,active,1,59.1132874028477,196.37010789946586
run_greedy_dara_1000,31,0,ground_a,0.0,0.0,active,1,51.257856315580185,170.27502096935564
run_greedy_dara_1000,31,1,ground_b,134.39999999999998,0.0,active,1,51.503790213087,171.09198974756754
run_greedy_dara_1000,31,2,relay,22.75620959999996,0.0,active,2,54.893025082446,182.35074646877283
run_greedy_dara_1000,31,3,relay,45.577764499999994,0.0,active,2,51.23827023445442,170.2099579045109
run_greedy_dara_1000,31,4,relay,68.49319506712918,0.0,active,1,51.23006711409745,170.1827079334301
run_greedy_dara_1000,31,5,relay,89.66000000000001,0.0,failed,0,0.0,0.0
run_greedy_dara_1000,31,6,relay,113.10000000000008,0.0,active,1,59.171423890115705,196.56323289456802
run_greedy_dara_1000,32,0,ground_a,0.0,0.0,active,1,51.247375765826575,170.24020559760055
run_greedy_dara_1000,32,1,ground_b,134.39999999999998,0.0,active,1,51.52667147398947,171.16799911478404
run_greedy_dara_1000,32,2,relay,22.81638086999996,0.0,active,2,54.874446431066225,182.28902973249777
run_greedy_dara_1000,32,3,relay,45.70621714999999,0.0,active,2,51.23199251335089,170.18910392314962
run_greedy_dara_1000,32,4,relay,68.62523654699042,0.0,active,1,51.229438657926224,170.18062026294697
run_greedy_dara_1000,32,5,relay,89.66000000000001,0.0,failed,0,0.0,0.0
run_greedy_dara_1000,32,6,relay,113.24000000000008,0.0,active,1,59.23443057177866,196.77253630907913
run_greedy_dara_1000,33,0,ground_a,0.0,0.0,active,1,51.23303052425419,170.1925520947513
run_greedy_dara_1000,33,1,ground_b,134.39999999999998,0.0,active,1,51.551041834470965,171.24895513192948
run_greedy_dara_1000,33,2,relay,22.898500758999962,0.0,active,2,54.852222375353044,182.2152032246966
run_greedy_dara_1000,33,3,relay,45.846134004999996,0.0,active,2,51.22758721621806,170.174469953099
run_greedy_dara_1000,33,4,relay,68.7576655828933,0.0,active,1,51.23074977903255,170.1849756801748
run_greedy_dara_1000,33,5,relay,89.66000000000001,0.0,failed,0,0.0,0.0
run_greedy_dara_1000,33,6,relay,113.39000000000009,0.0,active,1,59.30240201283698,196.99833228155455
run_greedy_dara_1000,34,0,ground_a,0.0,0.0,active,1,51.215938670143274,170.13577461266675
run_greedy_dara_1000,34,1,ground_b,134.39999999999998,0.0,active,1,51.57687208579692,171.3347607709292
run_greedy_dara_1000,34,2,relay,22.995984681299962,0.0,active,2,54.832591066460985,182.14998950764763
run_greedy_dara_1000,34,3,relay,45.936050859999995,0.0,active,2,51.22450207846813,170.16422142458475
run_greedy_dara_1000,34,4,relay,68.8903659080253,0.0,active,1,51.223252955038106,170.16007195766844
run_greedy_dara_1000,34,5,relay,89.66000000000001,0.0,failed,0,0.0,0.0
run_greedy_dara_1000,34,6,relay,113.55000000000008,0.0,active,1,59.37544186095286,197.24096512252834
run_greedy_dara_1000,35,0,ground_a,0.0,0.0,active,1,51.207588571276304,170.10803639449222
run_greedy_dara_1000,35,1,ground_b,134.39999999999998,0.0,active,1,51.604131315671296,171.42531334465045
run_greedy_dara_1000,35,2,relay,23.043468603599962,0.0,active,2,54.81699244767347,182.0981722087397
run_greedy_dara_1000,35,3,relay,46.0489926585,0.0,active,2,51.21700771097683,170.13932586263104
run_greedy_dara_1000,35,4,relay,69.02325613561771,0.0,active,1,51.21975295772256,170.14844530601542
run_greedy_dara_1000,35,5,relay,89.66000000000001,0.0,failed,0,0.0,0.0
run_greedy_dara_1000,35,6,relay,113.72000000000008,0.0,active,1,59.45366340848602,197.50081118155518
run_greedy_dara_1000,36,0,ground_a,0.0,0.0,active,1,51.208031433819016,170.10950754087528
run_greedy_dara_1000,36,1,ground_b,134.39999999999998,0.0,active,1,51.63278693709404,171.52050460276052
run_greedy_dara_1000,36,2,relay,23.04095252589996,0.0,active,2,54.81175430610528,182.08077162146446
run_greedy_dara_1000,36,3,relay,46.111934457,0.0,active,2,51.20508860925471,170.09973176333762
run_greedy_dara_1000,36,4,relay,69.1562792949324,0.0,active,1,51.207434331872136,170.1075240261621
run_greedy_dara_1000,36,5,relay,89.66000000000001,0.0,failed,0,0.0,0.0
run_greedy_dara_1000,36,6,relay,113.90000000000009,0.0,active,1,59.53719022254134,197.77828094018295
run_greedy_dara_1000,37,0,ground_a,0.0,0.0,active,1,51.20142904636046,170.0875750506772
run_greedy_dara_1000,37,1,ground_b,134.39999999999998,0.0,active,1,51.6628047129945,171.62022081355192
run_greedy_dara_1000,37,2,relay,23.078436448199962,0.0,active,2,54.80615014894136,182.06215499710686
run_greedy_dara_1000,37,3,relay,46.1248762555,0.0,active,2,51.196646799185075,170.07168889027935
run_greedy_dara_1000,37,4,relay,69.28939550645268,0.0,active,1,51.186228056533324,170.03707883909823
run_greedy_dara_1000,37,5,relay,89.66000000000001,0.0,failed,0,0.0,0.0
run_greedy_dara_1000,37,6,relay,114.09000000000009,0.0,active,1,59.62615685086217,198.0738213568797
run_greedy_dara_1000,38,0,ground_a,0.0,0.0,active,1,51.20363474555339,170.09490216924556
run_greedy_dara_1000,38,1,ground_b,134.39999999999998,0.0,active,1,51.69414877545056,171.7243428277825
run_greedy_dara_1000,38,2,relay,23.065920370499963,0.0,active,2,54.80208946868052,182.0486658644574
run_greedy_dara_1000,38,3,relay,46.187818054,0.0,active,2,51.18377304139619,170.02892351770976
run_greedy_dara_1000,38,4,relay,69.42257685451688,0.0,active,1,51.17378496643863,169.9957441035284
run_greedy_dara_1000,38,5,relay,89.66000000000001,0.0,failed,0,0.0,0.0
run_greedy_dara_1000,38,6,relay,114.29000000000009,0.0,active,1,59.72070961263961,198.38791849404436
run_greedy_dara_1000,39,0,ground_a,0.0,0.0,active,1,51.19878978867766,170.0788076929366
run_greedy_dara_1000,39,1,ground_b,134.39999999999998,0.0,active,1,51.726781638226484,171.83274612032045
run_greedy_dara_1000,39,2,relay,23.093404292799963,0.0,active,2,54.7896288090988,182.007272647754
run_greedy_dara_1000,39,3,relay,46.29187731295,0.0,active,2,51.17441242733199,169.99782846769074
run_greedy_dara_1000,39,4,relay,69.55580379816182,0.0,active,1,51.168607309620654,169.97854443122014
run_greedy_dara_1000,39,5,relay,89.66000000000001,0.0,failed,0,0.0,0.0
run_greedy_dara_1000,39,6,relay,114.50000000000009,0.0,active,1,59.821007484754375,198.72110046203875
run_greedy_dara_1000,40,0,ground_a,0.0,0.0,active,1,51.188328415374826,170.0440560270605
run_greedy_dara_1000,40,1,ground_b,134.39999999999998,0.0,active,1,51.76066420129021,171.94530080514627
run_greedy_dara_1000,40,2,relay,23.152643038409963,0.0,active,2,54.77174925862384,181.94787826862975
run_greedy_dara_1000,40,3,relay,46.414718794215,0.0,active,2,51.16784630316396,169.9760164418123
run_greedy_dara_1000,40,4,relay,69.68906265871327,0.0,active,1,51.16675658330347,169.97239649845633
run_greedy_dara_1000,40,5,relay,89.66000000000001,0.0,failed,0,0.0,0.0
run_greedy_dara_1000,40,6,relay,114.72000000000008,0.0,active,1,59.927223095670826,199.07394072083133
run_greedy_dara_1000,41,0,ground_a,0.0,0.0,active,1,51.17390003844295,169.99612636153526
run_greedy_dara_1000,41,1,ground_b,134.39999999999998,0.0,active,1,51.795755745908906,172.06187161905632
run_greedy_dara_1000,41,2,relay,23.23411016033696,0.0,active,2,54.75012197842409,181.87603420343578
run_greedy_dara_1000,41,3,relay,46.550707831100496,0.0,active,2,51.163239744568024,169.96071390244134
run_greedy_dara_1000,41,4,relay,69.82234386109928,0.0,active,1,51.16723772664878,169.9739948098359
run_greedy_dara_1000,41,5,relay,89.66000000000001,0.0,failed,0,0.0,0.0
run_greedy_dara_1000,41,6,relay,114.95000000000009,0.0,active,1,60.039543841209955,199.4470617865146
run_greedy_dara_1000,42,0,ground_a,0.0,0.0,active,1,51.156652910326315,169.9388330801916
run_greedy_dara_1000,42,1,ground_b,134.39999999999998,0.0,active,1,51.8320139188709,172.18231786924542
run_greedy_dara_1000,42,2,relay,23.33113714568586,0.0,active,2,54.73119566742784,181.8131624315734
run_greedy_dara_1000,42,3,relay,46.636696867986,0.0,active,2,51.16001511499849,169.95000199681533
run_greedy_dara_1000,42,4,relay,69.9556407027695,0.0,active,1,51.158824116518815,169.94604561579456
run_greedy_dara_1000,42,5,relay,89.66000000000001,0.0,failed,0,0.0,0.0
run_greedy_dara_1000,42,6,relay,115.19000000000008,0.0,active,1,60.158173138810675,199.84113939787068
run_greedy_dara_1000,43,0,ground_a,0.0,0.0,active,1,51.14826885532193,169.9109820659204
run_greedy_dara_1000,43,1,ground_b,134.39999999999998,0.0,active,1,51.86939470434643,172.3064933398266
run_greedy_dara_1000,43,2,relay,23.37816413103476,0.0,active,2,54.71594962942616,181.7625163801998
run_greedy_dara_1000,43,3,relay,46.74688919380585,0.0,active,2,51.152330049089,169.92447295609378
run_greedy_dara_1000,43,4,relay,70.08894849193865,0.0,active,1,51.154707131206834,169.93236939140317
run_greedy_dara_1000,43,5,relay,89.66000000000001,0.0,failed,0,0.0,0.0
run_greedy_dara_1000,43,6,relay,115.44000000000008,0.0,active,1,60.283331839722884,200.25690720757444
run_greedy_dara_1000,44,0,ground_a,0.0,0.0,active,1,51.14879936877932,169.9127443799513
run_greedy_dara_1000,44,1,ground_b,134.39999999999998,0.0,active,1,51.90785238188276,172.434246152291
run_greedy_dara_1000,44,2,relay,23.37519111638366,0.0,active,2,54.71091601951023,181.74579523099172
run_greedy_dara_1000,44,3,relay,46.8070815196257,0.0,active,2,51.14016420069234,169.88405919288462
run_greedy_dara_1000,44,4,relay,70.22226394435705,0.0,active,1,51.14165778007987,169.88902071805484
run_greedy_dara_1000,44,5,relay,89.66000000000001,0.0,failed,0,0.0,0.0
run_greedy_dara_1000,44,6,relay,115.70000000000009,0.0,active,1,60.41525982196496,200.6951620738837
run_greedy_dara_1000,45,0,ground_a,0.0,0.0,active,1,51.14218754672724,169.89078055123508
run_greedy_dara_1000,45,1,ground_b,134.39999999999998,0.0,active,1,51.947339469034446,172.5654185749267
run_greedy_dara_1000,45,2,relay,23.41221810173256,0.0,active,2,54.70575305736157,181.72864421807705
run_greedy_dara_1000,45,3,relay,46.81727384544555,0.0,active,2,51.13153161227537,169.85538257607558
run_greedy_dara_1000,45,4,relay,70.35558476104994,0.0,active,1,51.11959592858018,169.81573339862635
run_greedy_dara_1000,45,5,relay,89.66000000000001,0.0,failed,0,0.0,0.0
run_greedy_dara_1000,45,6,relay,115.97000000000008,0.0,active,1,60.55421779094831,201.15677004218358
run_greedy_dara_1000,46,0,ground_a,0.0,0.0,active,1,51.144505250845526,169.89847973849007
run_greedy_dara_1000,46,1,ground_b,134.39999999999998,0.0,active,1,51.98780664716054,172.69984677632013
run_greedy_dara_1000,46,2,relay,23.39924508708146,0.0,active,2,54.70185557536727,181.7156972173932
run_greedy_dara_1000,46,3,relay,46.8774661712654,0.0,active,2,51.118407992493324,169.81178719128656
run_greedy_dara_1000,46,4,relay,70.48890933273496,0.0,active,1,51.10643938125651,169.77202863268184
run_greedy_dara_1000,46,5,relay,89.66000000000001,0.0,failed,0,0.0,0.0
run_greedy_dara_1000,46,6,relay,116.25000000000009,0.0,active,1,60.700489319581045,201.64267312206417
run_greedy_dara_1000,47,0,ground_a,0.0,0.0,active,1,51.139675330835615,169.88243521485705
run_greedy_dara_1000,47,1,ground_b,134.39999999999998,0.0,active,1,52.02920266898268,172.83736051826878
run_greedy_dara_1000,47,2,relay,23.42627207243036,0.0,active,2,54.68960128939804,181.674989560692
run_greedy_dara_1000,47,3,relay,46.979600799339295,0.0,active,2,51.1088566069916,169.7800584207332
run_greedy_dara_1000,47,4,relay,70.62223653291447,0.0,active,1,51.100815777818454,169.75334757131662
run_greedy_dara_1000,47,5,relay,89.66000000000001,0.0,failed,0,0.0,0.0
run_greedy_dara_1000,47,6,relay,116.54000000000009,0.0,active,1,60.85438316561234,202.153896985371
run_greedy_dara_1000,48,0,ground_a,0.0,0.0,active,1,51.129127505862385,169.84739636858058
run_greedy_dara_1000,48,1,ground_b,134.39999999999998,0.0,active,1,52.07147424659426,172.97778278375415
run_greedy_dara_1000,48,2,relay,23.485190962174592,0.0,active,2,54.67106911235248,181.61342722878285
run_greedy_dara_1000,48,3,relay,47.111095038991024,0.0,active,2,51.10215896557137,169.75780950983426
run_greedy_dara_1000,48,4,relay,70.75556557304013,0.0,active,1,51.10048476333773,169.75224797354764
run_greedy_dara_1000,48,5,relay,89.66000000000001,0.0,failed,0,0.0,0.0
run_greedy_dara_1000,48,6,relay,116.84000000000009,0.0,active,1,61.0162359112261,202.69155973474497
run_greedy_dara_1000,49,0,ground_a,0.0,0.0,active,1,51.11454120680172,169.7989421061693
run_greedy_dara_1000,49,1,ground_b,134.39999999999998,0.0,active,1,52.11456591874665,173.12092933607497
run_greedy_dara_1000,49,2,relay,23.566434184995554,0.0,active,2,54.64908398681905,181.54039444669417
run_greedy_dara_1000,49,3,relay,47.253141006747235,0.0,active,2,51.097457487161336,169.74219165790947
run_greedy_dara_1000,49,4,relay,70.8888959011281,0.0,active,1,51.102056920732366,169.7574705268384
run_greedy_dara_1000,49,5,relay,89.66000000000001,0.0,failed,0,0.0,0.0
run_greedy_dara_1000,49,6,relay,117.15000000000009,0.0,active,1,61.1864149787635,203.25688192163534
run_greedy_dara_1000,50,0,ground_a,0.0,0.0,active,1,51.09708551408018,169.74095599961555
run_greedy_dara_1000,50,1,ground_b,134.39999999999998,0.0,active,1,52.15841989641848,173.26660820583936
run_greedy_dara_1000,50,2,relay,23.663304440970226,0.0,active,2,54.629923208269965,181.47674380571027
run_greedy_dara_1000,50,3,relay,47.34518697450344,0.0,active,2,51.09416730620208,169.7312619982044
run_greedy_dara_1000,50,4,relay,71.02222713078967,0.0,active,1,51.094604755429756,169.7327151617886
run_greedy_dara_1000,50,5,relay,89.66000000000001,0.0,failed,0,0.0,0.0
run_greedy_dara_1000,50,6,relay,117.47000000000008,0.0,active,1,61.36532208737136,203.85119802903608
run_greedy_dara_1000,51,0,ground_a,0.0,0.0,active,1,51.07757678196609,169.67614989883566
run_greedy_dara_1000,51,1,ground_b,134.39999999999998,0.0,active,1,52.20297588590131,173.41461910326746
run_greedy_dara_1000,51,2,relay,23.771113620152498,0.0,active,2,54.61414117193824,181.42431697340342
run_greedy_dara_1000,51,3,relay,47.38723294225965,0.0,active,2,51.09183954551858,169.7235294052749
run_greedy_dara_1000,51,4,relay,71.15555899155278,0.0,active,1,51.078082299818846,169.67782917969114
run_greedy_dara_1000,51,5,relay,89.66000000000001,0.0,failed,0,0.0,0.0
run_greedy_dara_1000,51,6,relay,117.80000000000008,0.0,active,1,61.55339722888673,204.4759696790881
run_greedy_dara_1000,52,0,ground_a,0.0,0.0,active,1,51.06708018099317,169.6412812175602
run_greedy_dara_1000,52,1,ground_b,134.39999999999998,0.0,active,1,52.248170888915084,173.56475275419
run_greedy_dara_1000,52,2,relay,23.82892279933477,0.0,active,2,54.59968629103174,181.37629903143582
run_greedy_dara_1000,52,3,relay,47.476665119688995,0.0,active,2,51.08500442360451,169.7008237985762
run_greedy_dara_1000,52,4,relay,71.28889129408695,0.0,active,1,51.070114405432065,169.65136061416112
run_greedy_dara_1000,52,5,relay,89.66000000000001,0.0,failed,0,0.0,0.0
run_greedy_dara_1000,52,6,relay,118.14000000000009,0.0,active,1,61.751123258090864,205.1328008815723
run_greedy_dara_1000,53,0,ground_a,0.0,0.0,active,1,51.06566032823163,169.6365646056782
run_greedy_dara_1000,53,1,ground_b,134.39999999999998,0.0,active,1,52.29393897960462,173.71679015924747
run_greedy_dara_1000,53,2,relay,23.83673197851704,0.0,active,2,54.58773982879598,181.33661401929496
run_greedy_dara_1000,53,3,relay,47.59926764388954,0.0,active,2,51.073648442005215,169.66310033791046
run_greedy_dara_1000,53,4,relay,71.42222390586087,0.0,active,1,51.06816470013132,169.64488388397976
run_greedy_dara_1000,53,5,relay,89.66000000000001,0.0,failed,0,0.0,0.0
run_greedy_dara_1000,53,6,relay,118.49000000000008,0.0,active,1,61.95903121354315,205.82345570933606
run_greedy_dara_1000,54,0,ground_a,0.0,0.0,active,1,51.073325975276404,169.66202913490065
run_greedy_dara_1000,54,1,ground_b,134.39999999999998,0.0,active,1,52.3402110586633,173.87050177710762
run_greedy_dara_1000,54,2,relay,23.79454115769931,0.0,active,2,54.58000750245263,181.31092816488086
run_greedy_dara_1000,54,3,relay,47.73508941082992,0.0,active,2,51.05767911308259,169.61005179083136
run_greedy_dara_1000,54,4,relay,71.55555673410262,0.0,active,1,51.06861702818135,169.64638647348826
run_greedy_dara_1000,54,5,relay,89.66000000000001,0.0,failed,0,0.0,0.0
run_greedy_dara_1000,54,6,relay,118.85000000000008,0.0,active,1,62.17770651178511,206.54987887499317
run_greedy_dara_1000,55,0,ground_a,0.0,0.0,active,1,51.073723662116535,169.66335021167035
run_greedy_dara_1000,55,1,ground_b,134.39999999999998,0.0,active,1,52.38691458529101,174.0256466340509
run_greedy_dara_1000,55,2,relay,23.79235033688158,0.0,active,2,54.57239608639042,181.28564379632957
run_greedy_dara_1000,55,3,relay,47.8209111777703,0.0,active,2,51.04530659126626,169.5689514859167
run_greedy_dara_1000,55,4,relay,71.68888971387184,0.0,active,1,51.059974561072494,169.6176770438861
run_greedy_dara_1000,55,5,relay,89.66000000000001,0.0,failed,0,0.0,0.0
run_greedy_dara_1000,55,6,relay,119.22000000000008,0.0,active,1,62.40779619145979,207.31421979536626
run_greedy_dara_1000,56,0,ground_a,0.0,0.0,active,1,51.06685535348875,169.64053436259846
run_greedy_dara_1000,56,1,ground_b,134.39999999999998,0.0,active,1,52.43397328821641,174.1819713640091
run_greedy_dara_1000,56,2,relay,23.83015951606385,0.0,active,2,54.564992577878314,181.26104990760018
run_greedy_dara_1000,56,3,relay,47.85673294471068,0.0,active,2,51.036593372053176,169.54000702541953
run_greedy_dara_1000,56,4,relay,71.8222227997103,0.0,active,1,51.04218386581417,169.5585780974309
run_greedy_dara_1000,56,5,relay,89.66000000000001,0.0,failed,0,0.0,0.0
run_greedy_dara_1000,56,6,relay,119.60000000000008,0.0,active,1,62.650017427078886,208.11886087360824
run_greedy_dara_1000,57,0,ground_a,0.0,0.0,active,1,51.054755319692546,169.60033923522403
run_greedy_dara_1000,57,1,ground_b,134.39999999999998,0.0,active,1,52.48130685760387,174.33920918510435
run_greedy_dara_1000,57,2,relay,23.89662594149144,0.0,active,2,54.559064374632534,181.2413567184085
run_greedy_dara_1000,57,3,relay,47.84255471165106,0.0,active,2,51.030446546147644,169.51958787331074
run_greedy_dara_1000,57,4,relay,71.95555595979722,0.0,active,1,51.015134627084464,169.46872318039897
run_greedy_dara_1000,57,5,relay,89.66000000000001,0.0,failed,0,0.0,0.0
run_greedy_dara_1000,57,6,relay,119.99000000000008,0.0,active,1,62.905167587860184,208.96645091393577
run_greedy_dara_1000,58,0,ground_a,0.0,0.0,active,1,51.038953724421475,169.54784788442868
run_greedy_dara_1000,58,1,ground_b,134.39999999999998,0.0,active,1,52.52883062032049,174.49707882091235
run_greedy_dara_1000,58,2,relay,23.983152439290752,0.0,active,2,54.546424073234306,181.1993665151635
run_greedy_dara_1000,58,3,relay,47.87837647859144,0.0,active,2,51.026087137793034,169.50510634832403
run_greedy_dara_1000,58,4,relay,72.08888917185807,0.0,active,1,50.99716340154758,169.4090245349211
run_greedy_dara_1000,58,5,relay,89.66000000000001,0.0,failed,0,0.0,0.0
run_greedy_dara_1000,58,6,relay,120.39000000000009,0.0,active,1,63.17413618948091,209.85994482449354
run_greedy_dara_1000,59,0,ground_a,0.0,0.0,active,1,51.03226628313534,169.52563286035664
run_greedy_dara_1000,59,1,ground_b,134.39999999999998,0.0,active,1,52.576455201756374,174.65528337705624
run_greedy_dara_1000,59,2,relay,24.019678937090063,0.0,active,2,54.534724542347966,181.16050166834546
run_greedy_dara_1000,59,3,relay,47.96345171544971,0.0,active,2,51.01719750960661,169.47557587611198
run_greedy_dara_1000,59,4,relay,72.22222242030067,0.0,active,1,50.98824274343832,169.37939098590655
run_greedy_dara_1000,59,5,relay,89.66000000000001,0.0,failed,0,0.0,0.0
run_greedy_dara_1000,59,6,relay,120.80000000000008,0.0,active,1,63.45791918162317,210.8026510795514
run_greedy_dara_1000,60,0,ground_a,0.0,0.0,active,1,51.03473424588971,169.53383119054624
run_greedy_dara_1000,60,1,ground_b,134.39999999999998,0.0,active,1,52.62408617816966,174.8135091863248
run_greedy_dara_1000,60,2,relay,24.006205434889377,0.0,active,2,54.52522302795279,181.12893862564363
run_greedy_dara_1000,60,3,relay,48.0830043812505,0.0,active,2,51.00374019061182,169.430871982754
run_greedy_dara_1000,60,4,relay,72.35555569421048,0.0,active,1,50.985692088796384,169.37091796209702
run_greedy_dara_1000,60,5,relay,89.66000000000001,0.0,failed,0,0.0,0.0
run_greedy_dara_1000,60,6,relay,121.22000000000008,0.0,active,1,63.75763614009215,211.79828883048359
run_greedy_dara_1000,61,0,ground_a,0.0,0.0,active,1,51.0298740385483,169.51768605852678
run_greedy_dara_1000,61,1,ground_b,134.39999999999998,0.0,active,1,52.67162372435806,174.9714246382657
run_greedy_dara_1000,61,2,relay,24.03273193268869,0.0,active,2,54.50916264891352,181.07558751277531
run_greedy_dara_1000,61,3,relay,48.226691247311045,0.0,active,2,50.993913915176385,169.39823006080326
run_greedy_dara_1000,61,4,relay,72.48888898594736,0.0,active,1,50.98760856879052,169.37728432010738
run_greedy_dara_1000,61,5,relay,89.66000000000001,0.0,failed,0,0.0,0.0
run_greedy_dara_1000,61,6,relay,121.65000000000009,0.0,active,1,64.07455110082853,212.85105711485835
run_greedy_dara_1000,62,0,ground_a,0.0,0.0,active,1,51.01912422947723,169.48197624781645
run_greedy_dara_1000,62,1,ground_b,134.39999999999998,0.0,active,1,52.718962262333704,175.12867901211195
run_greedy_dara_1000,62,2,relay,24.09130048114821,0.0,active,2,54.488101844394926,181.00562534510084
run_greedy_dara_1000,62,3,relay,48.38727205355343,0.0,active,2,50.98700107938764,169.3752663001664
run_greedy_dara_1000,62,4,relay,72.62222229016317,0.0,active,1,50.992648258125726,169.39402567241558
run_greedy_dara_1000,62,5,relay,89.66000000000001,0.0,failed,0,0.0,0.0
run_greedy_dara_1000,62,6,relay,122.09000000000009,0.0,active,1,64.41009800127901,213.96571937084
run_greedy_dara_1000,63,0,ground_a,0.0,0.0,active,1,51.004214843451564,169.43244873185586
run_greedy_dara_1000,63,1,ground_b,134.39999999999998,0.0,active,1,52.76599011758586,175.28490133491428
run_greedy_dara_1000,63,2,relay,24.172298465069872,0.0,active,2,54.4693242592056,180.9432477148727
run_greedy_dara_1000,63,3,relay,48.49785285979581,0.0,active,2,50.98215428053175,169.35916571124662
run_greedy_dara_1000,63,4,relay,72.75555560311423,0.0,active,1,50.98844035202899,169.3800474222074
run_greedy_dara_1000,63,5,relay,89.66000000000001,0.0,failed,0,0.0,0.0
run_greedy_dara_1000,63,6,relay,122.54000000000009,0.0,active,1,64.7659120071466,215.14770750239865
run_greedy_dara_1000,64,0,ground_a,0.0,0.0,active,1,50.98635008593196,169.37310376384966
run_greedy_dara_1000,64,1,ground_b,134.39999999999998,0.0,active,1,52.81258919043998,175.43969928982295
run_greedy_dara_1000,64,2,relay,24.268997053815035,0.0,active,2,54.45359986849669,180.89101243255305
run_greedy_dara_1000,64,3,relay,48.5584336660382,0.0,active,2,50.97876178933126,169.34789618926035
run_greedy_dara_1000,64,4,relay,72.88888892217997,0.0,active,1,50.97495877056822,169.3352629352275
run_greedy_dara_1000,64,5,relay,89.66000000000001,0.0,failed,0,0.0,0.0
run_greedy_dara_1000,64,6,relay,123.00000000000009,0.0,active,1,65.14386843636558,216.4032511819546
run_greedy_dara_1000,65,0,ground_a,0.0,0.0,active,1,50.96637079218635,169.30673451670765
run_greedy_dara_1000,65,1,ground_b,134.39999999999998,0.0,active,1,52.858634650944836,175.59265820252813
run_greedy_dara_1000,65,2,relay,24.37668606593665,0.0,active,2,54.433863936648805,180.8254511624484
run_greedy_dara_1000,65,3,relay,48.650840230407866,0.0,active,2,50.97637612228295,169.33997123834797
run_greedy_dara_1000,65,4,relay,73.022222245526,0.0,active,1,50.967356921959365,169.31001034268573
run_greedy_dara_1000,65,5,relay,89.66000000000001,0.0,failed,0,0.0,0.0
run_greedy_dara_1000,65,6,relay,123.47000000000008,0.0,active,1,65.54613160287451,217.73954010587778
run_greedy_dara_1000,66,0,ground_a,0.0,0.0,active,1,50.955631277652685,169.27105890759051
run_greedy_dara_1000,66,1,ground_b,134.39999999999998,0.0,active,1,52.9039946666162,175.7433401368463
run_greedy_dara_1000,66,2,relay,24.434375078058263,0.0,active,2,54.41636077779255,180.7673071532115
run_greedy_dara_1000,66,3,relay,48.77552482546663,0.0,active,2,50.96936121193549,169.3166683966341
run_greedy_dara_1000,66,4,relay,73.1555555718682,0.0,active,1,50.96574883771183,169.30466844520512
run_greedy_dara_1000,66,5,relay,89.66000000000001,0.0,failed,0,0.0,0.0
run_greedy_dara_1000,66,6,relay,123.95000000000009,0.0,active,1,65.97521677593238,219.16492981887842
run_greedy_dara_1000,67,0,ground_a,0.0,0.0,active,1,50.954197939887905,169.2662975008161
run_greedy_dara_1000,67,1,ground_b,134.39999999999998,0.0,active,1,52.9485301732103,175.89128313324986
run_greedy_dara_1000,67,2,relay,24.44206409017988,0.0,active,2,54.40279509184287,180.72224324927703
run_greedy_dara_1000,67,3,relay,48.91280404200777,0.0,active,2,50.95766546271376,169.27781627011947
run_greedy_dara_1000,67,4,relay,73.28888890030775,0.0,active,1,50.96648257963925,169.30710586361548
run_greedy_dara_1000,67,5,relay,89.66000000000001,0.0,failed,0,0.0,0.0
run_greedy_dara_1000,67,6,relay,124.44000000000008,0.0,active,1,66.43406972044662,220.68920594125447
run_greedy_dara_1000,68,0,ground_a,0.0,0.0,active,1,50.94572876856121,169.23816374870952
run_greedy_dara_1000,68,1,ground_b,134.39999999999998,0.0,active,1,52.99209469945902,176.03600062665222
run_greedy_dara_1000,68,2,relay,24.48744639866501,0.0,active,2,54.39001955334765,180.6798039819305
run_greedy_dara_1000,68,3,relay,49.00008325854891,0.0,active,2,50.94946611127471,169.25057883287528
run_greedy_dara_1000,68,4,relay,73.42222223021544,0.0,active,1,50.9579113176338,169.27863297569644
run_greedy_dara_1000,68,5,relay,89.66000000000001,0.0,failed,0,0.0,0.0
run_greedy_dara_1000,68,6,relay,124.94000000000008,0.0,active,1,66.92617016492855,222.3239278819969
run_greedy_dara_1000,69,0,ground_a,0.0,0.0,active,1,50.93230314014295,169.19356513574454
run_greedy_dara_1000,69,1,ground_b,134.39999999999998,0.0,active,1,53.034534257334684,176.17698108187804
run_greedy_dara_1000,69,2,relay,24.559214014604603,0.0,active,2,54.37926109685092,180.64406515354773
run_greedy_dara_1000,69,3,relay,49.03736247509005,0.0,active,2,50.943723533092374,169.2315025543013
run_greedy_dara_1000,69,4,relay,73.55555556115083,0.0,active,1,50.9399818375785,169.21907301087032
run_greedy_dara_1000,69,5,relay,89.66000000000001,0.0,failed,0,0.0,0.0
run_greedy_dara_1000,69,6,relay,125.45000000000009,0.0,active,1,67.45566838881794,224.0828825720565
run_greedy_dara_1000,70,0,ground_a,0.0,0.0,active,1,50.92822317164767,169.1800118831738
run_greedy_dara_1000,70,1,ground_b,134.39999999999998,0.0,active,1,53.075687309884756,176.31368788681445
run_greedy_dara_1000,70,2,relay,24.580981630544194,0.0,active,2,54.36995096063353,180.6131377095523
run_greedy_dara_1000,70,3,relay,49.11345792666884,0.0,active,2,50.93328677155636,169.19683266226207
run_greedy_dara_1000,70,4,relay,73.6888888928056,0.0,active,1,50.929263898041214,169.18346907350391
run_greedy_dara_1000,70,5,relay,89.66000000000001,0.0,failed,0,0.0,0.0
run_greedy_dara_1000,70,6,relay,125.97000000000008,0.0,active,1,68.02756852402368,225.98269337887822
run_greedy_dara_1000,71,0,ground_a,0.0,0.0,active,1,50.933514143369834,169.19758796893498
run_greedy_dara_1000,71,1,ground_b,134.39999999999998,0.0,active,1,53.11538482893707,176.44555954410575
run_greedy_dara_1000,71,2,relay,24.552749246483785,0.0,active,2,54.363102984296894,180.59038952559035
run_greedy_dara_1000,71,3,relay,49.216724742774,0.0,active,2,50.91812866050063,169.14647891419935
run_greedy_dara_1000,71,4,relay,73.82222222496392,0.0,active,1,50.923623691963044,169.16473286584096
run_greedy_dara_1000,71,5,relay,89.66000000000001,0.0,failed,0,0.0,0.0
run_greedy_dara_1000,71,6,relay,126.50000000000009,0.0,active,1,68.6479791573783,228.0436525897305
run_greedy_dara_1000,72,0,ground_a,0.0,0.0,active,1,50.931309550162865,169.1902645279075
run_greedy_dara_1000,72,1,ground_b,134.39999999999998,0.0,active,1,53.15345045497767,176.57201020225773
run_greedy_dara_1000,72,2,relay,24.564516862423375,0.0,active,2,54.35690625037886,180.56980453897893
run_greedy_dara_1000,72,3,relay,49.269991558879155,0.0,active,2,50.90669399586497,169.10849408827926
run_greedy_dara_1000,72,4,relay,73.95555555747475,0.0,active,1,50.90856966705299,169.1147248825277
run_greedy_dara_1000,72,5,relay,89.66000000000001,0.0,failed,0,0.0,0.0
run_greedy_dara_1000,72,6,relay,127.04000000000009,0.0,active,1,69.32446325034306,230.29088381979886
run_greedy_dara_1000,73,0,ground_a,0.0,0.0,active,1,50.922261347241076,169.16020729122562
run_greedy_dara_1000,73,1,ground_b,134.39999999999998,0.0,active,1,53.18970077119236,176.6924305659854
run_greedy_dara_1000,73,2,relay,24.61275419358109,0.0,active,2,54.35176860071249,180.55273757379052
run_greedy_dara_1000,73,3,relay,49.273258374984316,0.0,active,2,50.898647400264366,169.08176409407693
run_greedy_dara_1000,73,4,relay,74.08888889023234,0.0,active,1,50.88400804718694,169.0331336112053
run_greedy_dara_1000,73,5,relay,89.66000000000001,0.0,failed,0,0.0,0.0
run_greedy_dara_1000,73,6,relay,127.59000000000009,0.0,active,1,70.06653870368677,232.7560048520496
run_greedy_dara_1000,74,0,ground_a,0.0,0.0,active,1,50.90838955776353,169.11412657727263
run_greedy_dara_1000,74,1,ground_b,134.39999999999998,0.0,active,1,53.223945702988274,176.80618922339593
run_greedy_dara_1000,74,2,relay,24.686520325391488,0.0,active,2,54.33939980201767,180.51164934129633
run_greedy_dara_1000,74,3,relay,49.32652519108947,0.0,active,2,50.892982087270966,169.06294448594787
run_greedy_dara_1000,74,4,relay,74.22222222316265,0.0,active,1,50.86882240903148,168.9826884254448
run_greedy_dara_1000,74,5,relay,89.66000000000001,0.0,failed,0,0.0,0.0
run_greedy_dara_1000,74,6,relay,128.1500000000001,0.0,active,1,70.8864147841984,235.47957399380803
run_greedy_dara_1000,75,0,ground_a,0.0,0.0,active,1,50.903911284488146,169.0992501962112
run_greedy_dara_1000,75,1,ground_b,134.39999999999998,0.0,active,1,53.25598905322316,176.91263442398275
run_greedy_dara_1000,75,2,relay,24.71028645720189,0.0,active,2,54.32788230561478,180.47338925843383
run_greedy_dara_1000,75,3,relay,49.42381196236308,0.0,active,2,50.88263492382811,169.02857223269373
run_greedy_dara_1000,75,4,relay,74.35555555621386,0.0,active,1,50.86196924117391,168.95992288112532
run_greedy_dara_1000,75,5,relay,89.66000000000001,0.0,failed,0,0.0,0.0
run_greedy_dara_1000,75,6,relay,128.72000000000008,0.0,active,1,71.80011178012563,238.51480949160697
run_greedy_dara_1000,76,0,ground_a,0.0,0.0,active,1,50.893221472717485,169.0637396988967
run_greedy_dara_1000,76,1,ground_b,134.39999999999998,0.0,active,1,53.2856291818225,177.01109633626518
run_greedy_dara_1000,76,2,relay,24.766922749469167,0.0,active,2,54.31019808799344,180.4146438025246
run_greedy_dara_1000,76,3,relay,49.55191270225461,0.0,active,2,50.875389834676575,169.00450476338355
run_greedy_dara_1000,76,4,relay,74.48888888934971,0.0,active,1,50.86097356918397,168.9566153574928
run_greedy_dara_1000,76,5,relay,89.66000000000001,0.0,failed,0,0.0,0.0
run_greedy_dara_1000,76,6,relay,129.3000000000001,0.0,active,1,72.8292312916135,241.9334703087188
run_greedy_dara_1000,77,0,ground_a,0.0,0.0,active,1,50.87814630362358,169.01366147954374
run_greedy_dara_1000,77,1,ground_b,134.39999999999998,0.0,active,1,53.31265983642125,177.1008898071209
run_greedy_dara_1000,77,2,relay,24.846568154056264,0.0,active,2,54.288229334768275,180.34166544993658
run_greedy_dara_1000,77,3,relay,49.701583220178684,0.0,active,2,50.87031305010249,168.98764018748705
run_greedy_dara_1000,77,4,relay,74.6222222225448,0.0,active,1,50.86408153695879,168.96693971831525
run_greedy_dara_1000,77,5,relay,89.66000000000001,0.0,failed,0,0.0,0.0
run_greedy_dara_1000,77,6,relay,129.8900000000001,0.0,active,1,74.003891244453,245.83560602977016
run_greedy_dara_1000,78,0,ground_a,0.0,0.0,active,1,50.85995652284589,168.95323683040138
run_greedy_dara_1000,78,1,ground_b,134.39999999999998,0.0,active,1,53.336871138107,177.18131763635404
run_greedy_dara_1000,78,2,relay,24.942319937267232,0.0,active,2,54.263300334348216,180.25885338536634
run_greedy_dara_1000,78,3,relay,49.86635258272553,0.0,active,2,50.866746038632705,168.9757909287984
run_greedy_dara_1000,78,4,relay,74.75555555578137,0.0,active,1,50.87005596986124,168.9867861922788
run_greedy_dara_1000,78,5,relay,89.66000000000001,0.0,failed,0,0.0,0.0
run_greedy_dara_1000,78,6,relay,130.4900000000001,0.0,active,1,75.3678865030591,250.3667000459599
run_greedy_dara_1000,79,0,ground_a,0.0,0.0,active,1,50.85123960271393,168.92428008630216
run_greedy_dara_1000,79,1,ground_b,134.39999999999998,0.0,active,1,53.35805072325725,177.25167436979592
run_greedy_dara_1000,79,2,relay,24.9880717204782,0.0,active,2,54.247972435077024,180.20793543530567
run_greedy_dara_1000,79,3,relay,49.98112194527238,0.0,active,2,50.85840944375446,168.94809758727723
run_greedy_dara_1000,79,4,relay,74.88888888904697,0.0,active,1,50.86652881990034,168.97506934966475
run_greedy_dara_1000,79,5,relay,89.66000000000001,0.0,failed,0,0.0,0.0
run_greedy_dara_1000,79,6,relay,131.10000000000008,0.0,active,1,76.98846848845466,255.75015674276872
run_greedy_dara_1000,80,0,ground_a,0.0,0.0,active,1,50.83748311725833,168.8785824070144
run_greedy_dara_1000,80,1,ground_b,134.39999999999998,0.0,active,1,53.375985038876166,177.3112506023209
run_greedy_dara_1000,80,2,relay,25.060097968725877,0.0,active,2,54.234914216742695,180.16455703285135
run_greedy_dara_1000,80,3,relay,50.045891307819225,0.0,active,2,50.85257610025249,168.92871979853766
run_greedy_dara_1000,80,4,relay,75.02222222233289,0.0,active,1,50.8534781144225,168.9317162001279
run_greedy_dara_1000,80,5,relay,89.66000000000001,0.0,failed,0,0.0,0.0
run_greedy_dara_1000,80,6,relay,131.72000000000008,0.0,active,1,78.97680969713491,262.3552831600821
run_greedy_dara_1000,81,0,ground_a,0.0,0.0,active,1,50.83326804403592,168.8645803523741
run_greedy_dara_1000,81,1,ground_b,134.39999999999998,0.0,active,1,53.390460784789624,177.35933776871366
run_greedy_dara_1000,81,2,relay,25.082124216973554,0.0,active,2,54.23140896923187,180.15291285793114
run_greedy_dara_1000,81,3,relay,50.060660670366076,0.0,active,2,50.84194004724519,168.8933878863184
run_greedy_dara_1000,81,4,relay,75.15555555563303,0.0,active,1,50.830822406721225,168.85645618814561
run_greedy_dara_1000,81,5,relay,89.66000000000001,0.0,failed,0,0.0,0.0
run_greedy_dara_1000,81,6,relay,132.35000000000008,0.0,active,1,81.53719022254177,270.8606830797007
run_greedy_dara_1000,82,0,ground_a,0.0,0.0,active,1,50.83862060574819,168.88236103083145
run_greedy_dara_1000,82,1,ground_b,134.39999999999998,0.0,active,1,53.40126649163233,177.3952333856286
run_greedy_dara_1000,82,2,relay,25.05415046522123,0.0,active,2,54.22788299974183,180.14120005239482
run_greedy_dara_1000,82,3,relay,50.125430032912924,0.0,active,2,50.82650686433646,168.84212038535549
run_greedy_dara_1000,82,4,relay,75.28888888894313,0.0,active,1,50.81766990648134,168.81276488946605
run_greedy_dara_1000,82,5,relay,89.66000000000001,0.0,failed,0,0.0,0.0
run_greedy_dara_1000,82,6,relay,132.99000000000007,0.0,active,1,85.11295468735013,282.7391154592342
run_greedy_dara_1000,83,0,ground_a,0.0,0.0,active,1,50.8363202378971,168.8747194372523
run_greedy_dara_1000,83,1,ground_b,134.39999999999998,0.0,active,1,53.40819421886759,177.41824669228848
run_greedy_dara_1000,83,2,relay,25.066176713468906,0.0,active,2,54.216644638634406,180.10386728374883
run_greedy_dara_1000,83,3,relay,50.23076858669572,0.0,active,2,50.814870591023926,168.80346584187959
run_greedy_dara_1000,83,4,relay,75.4222222222602,0.0,active,1,50.812288935077234,168.7948898375472
run_greedy_dara_1000,83,5,relay,89.66000000000001,0.0,failed,0,0.0,0.0
run_greedy_dara_1000,83,6,relay,133.64000000000007,0.0,active,1,88.39577516576787,293.64440901338446
run_greedy_dara_1000,84,0,ground_a,0.0,0.0,active,1,50.827047188841476,168.8439152894245
run_greedy_dara_1000,84,1,ground_b,134.39999999999998,0.0,active,1,53.41104135227023,177.42770462159316
run_greedy_dara_1000,84,2,relay,25.11459508724228,0.0,active,2,54.20017962840929,180.04917195658004
run_greedy_dara_1000,84,3,relay,50.354505574343676,0.0,active,2,50.806701505664385,168.7763289528925
run_greedy_dara_1000,84,4,relay,75.55555555558215,0.0,active,1,50.81044294724164,168.78875764956535
run_greedy_dara_1000,84,5,relay,89.66000000000001,0.0,failed,0,0.0,0.0
run_greedy_dara_1000,84,6,relay,134.30000000000007,0.0,active,1,88.39577516576787,293.64440901338446
run_greedy_dara_1000,85,0,ground_a,0.0,0.0,active,1,50.812859276360484,168.79678445456653
run_greedy_dara_1000,85,1,ground_b,134.39999999999998,0.0,active,1,53.40950291558332,177.42259406884523
run_greedy_dara_1000,85,2,relay,25.18848794888364,0.0,active,2,54.18615955833285,180.0025983728195
run_greedy_dara_1000,85,3,relay,50.42824256199163,0.0,active,2,50.80097618700052,168.75731001399214
run_greedy_dara_1000,85,4,relay,75.68888888890751,0.0,active,1,50.798962271040565,168.75061998561677
run_greedy_dara_1000,85,5,relay,89.66000000000001,0.0,failed,0,0.0,0.0
run_greedy_dara_1000,85,6,relay,134.96000000000006,0.0,active,1,88.39577516576787,293.64440901338446
run_greedy_dara_1000,86,0,ground_a,0.0,0.0,active,1,50.795186734817634,168.7380780301543
run_greedy_dara_1000,86,1,ground_b,134.39999999999998,0.0,active,1,53.40383331309975,177.40376014302382
run_greedy_dara_1000,86,2,relay,25.280212952032592,0.0,active,2,54.16784138455293,179.9417468443792
run_greedy_dara_1000,86,3,relay,50.5298584533452,0.0,active,2,50.796962104674044,168.7439756321147
run_greedy_dara_1000,86,4,relay,75.82222222223527,0.0,active,1,50.79284059052118,168.7302843724155
run_greedy_dara_1000,86,5,relay,89.66000000000001,0.0,failed,0,0.0,0.0
run_greedy_dara_1000,86,6,relay,135.61000000000007,0.0,active,1,86.57449701880525,287.59425397926
run_greedy_dara_1000,87,0,ground_a,0.0,0.0,active,1,50.787125289926024,168.7112987130782
run_greedy_dara_1000,87,1,ground_b,134.39999999999998,0.0,active,1,53.39426105403972,177.37196193209854
run_greedy_dara_1000,87,2,relay,25.321937955181546,0.0,active,2,54.152295990568945,179.89010642177712
run_greedy_dara_1000,87,3,relay,50.6509895772927,0.0,active,2,50.78811641584077,168.71459113465448
run_greedy_dara_1000,87,4,relay,75.9555555555647,0.0,active,1,50.790483329101974,168.72245378473718
run_greedy_dara_1000,87,5,relay,89.66000000000001,0.0,failed,0,0.0,0.0
run_greedy_dara_1000,87,6,relay,136.25000000000006,0.0,active,1,82.51799714090117,274.11885311698785
run_greedy_dara_1000,88,0,ground_a,0.0,0.0,active,1,50.77372320452075,168.6667783210179
run_greedy_dara_1000,88,1,ground_b,134.39999999999998,0.0,active,1,53.380991418853114,177.32788136022532
run_greedy_dara_1000,88,2,relay,25.391145457385814,0.0,active,2,54.13907105684743,179.84617422497425
run_greedy_dara_1000,88,3,relay,50.72212070124019,0.0,active,2,50.78191284507772,168.69398349066796
run_greedy_dara_1000,88,4,relay,76.0888888888953,0.0,active,1,50.77844828711774,168.68247457437087
run_greedy_dara_1000,88,5,relay,89.66000000000001,0.0,failed,0,0.0,0.0
run_greedy_dara_1000,88,6,relay,136.88000000000005,0.0,active,1,79.71783818759084,264.8169264929966
run_greedy_dara_1000,89,0,ground_a,0.0,0.0,active,1,50.769996805734564,168.65439959582835
run_greedy_dara_1000,89,1,ground_b,134.39999999999998,0.0,active,1,53.36423361333223,177.2722133913184
run_greedy_dara_1000,89,2,relay,25.41035295959008,0.0,active,2,54.127651220603894,179.80823858834918
run_greedy_dara_1000,89,3,relay,50.82191248800344,0.0,active,2,50.770854130539966,168.65724754333962
run_greedy_dara_1000,89,4,relay,76.22222222222672,0.0,active,1,50.77194563822222,168.66087342301327
run_greedy_dara_1000,89,5,relay,89.66000000000001,0.0,failed,0,0.0,0.0
run_greedy_dara_1000,89,6,relay,137.50000000000006,0.0,active,1,77.58581790141363,257.73450850305255
run_greedy_dara_1000,90,0,ground_a,0.0,0.0,active,1,50.768209424342615,168.64846209310477
run_greedy_dara_1000,90,1,ground_b,134.39999999999998,0.0,active,1,53.344199067954534,177.20566037959009
run_greedy_dara_1000,90,2,relay,25.419560461794347,0.0,active,2,54.12197855941561,179.78939453581475
run_greedy_dara_1000,90,3,relay,50.87170427476669,0.0,active,2,50.75879439050049,168.61718629003713
run_greedy_dara_1000,90,4,relay,76.35555555555871,0.0,active,1,50.75571001943017,168.60694031715832
run_greedy_dara_1000,90,5,relay,89.66000000000001,0.0,failed,0,0.0,0.0
run_greedy_dara_1000,90,6,relay,138.11000000000007,0.0,active,1,75.86954915423664,252.03318725533535
run_greedy_dara_1000,91,0,ground_a,0.0,0.0,active,1,50.75918290776056,168.61847690557147
run_greedy_dara_1000,91,1,ground_b,134.39999999999998,0.0,active,1,53.32109985075225,177.12892679721816
run_greedy_dara_1000,91,2,relay,25.466005713337335,0.0,active,2,54.109521019611755,179.74801164042916
run_greedy_dara_1000,91,3,relay,50.95655852550097,0.0,active,2,50.750333869462054,168.58908128375077
run_greedy_dara_1000,91,4,relay,76.48888888889111,0.0,active,1,50.74626255758848,168.57555679224055
run_greedy_dara_1000,91,5,relay,89.66000000000001,0.0,failed,0,0.0,0.0
run_greedy_dara_1000,91,6,relay,138.71000000000006,0.0,active,1,74.43727522223159,247.27527638692834
run_greedy_dara_1000,92,0,ground_a,0.0,0.0,active,1,50.74505547372242,168.5715469802051
run_greedy_dara_1000,92,1,ground_b,134.39999999999998,0.0,active,1,53.2951472103112,177.04271439429328
run_greedy_dara_1000,92,2,relay,25.538517389417425,0.0,active,2,54.092343398308486,179.69094899921154
run_greedy_dara_1000,92,3,relay,51.06595650101496,0.0,active,2,50.744403838303604,168.56938231246073
run_greedy_dara_1000,92,4,relay,76.62222222222378,0.0,active,1,50.741591060018735,168.56003854397093
run_greedy_dara_1000,92,5,relay,89.66000000000001,0.0,failed,0,0.0,0.0
run_greedy_dara_1000,92,6,relay,139.30000000000007,0.0,active,1,73.2114614051404,243.20321119819505
run_greedy_dara_1000,93,0,ground_a,0.0,0.0,active,1,50.74066083504006,168.55694842953295
run_greedy_dara_1000,93,1,ground_b,134.39999999999998,0.0,active,1,53.26655026086337,176.9477178307913
run_greedy_dara_1000,93,2,relay,25.561029065497515,0.0,active,2,54.07796385729123,179.64318150827876
run_greedy_dara_1000,93,3,relay,51.19253508387475,0.0,active,2,50.733573891318066,168.53340631089162
run_greedy_dara_1000,93,4,relay,76.75555555555665,0.0,active,1,50.74027188211862,168.55565636679088
run_greedy_dara_1000,93,5,relay,89.66000000000001,0.0,failed,0,0.0,0.0
run_greedy_dara_1000,93,6,relay,139.88000000000008,0.0,active,1,72.14260287911158,239.65254022329756
run_greedy_dara_1000,94,0,ground_a,0.0,0.0,active,1,50.72975816808297,168.52073085963156
run_greedy_dara_1000,94,1,ground_b,134.39999999999998,0.0,active,1,53.235514817029,176.84462080567053
run_greedy_dara_1000,94,2,relay,25.616787238753577,0.0,active,2,54.065514195633675,179.601824747454
run_greedy_dara_1000,94,3,relay,51.26911366673455,0.0,active,2,50.72598448490556,168.5081950615106
run_greedy_dara_1000,94,4,relay,76.88888888888967,0.0,active,1,50.729173197007384,168.51878764420846
run_greedy_dara_1000,94,5,relay,89.66000000000001,0.0,failed,0,0.0,0.0
run_greedy_dara_1000,94,6,relay,140.45000000000007,0.0,active,1,71.19715692341342,236.51183695510406
run_greedy_dara_1000,95,0,ground_a,0.0,0.0,active,1,50.714261391585026,168.4692521183433
run_greedy_dara_1000,95,1,ground_b,134.39999999999998,0.0,active,1,53.202242381702504,176.73409269470156
run_greedy_dara_1000,95,2,relay,25.695817960032823,0.0,active,2,54.055934626572046,179.57000205265285
run_greedy_dara_1000,95,3,relay,51.29569224959434,0.0,active,2,50.72064666248257,168.4904633498184
run_greedy_dara_1000,95,4,relay,77.02222222222278,0.0,active,1,50.70822540611974,168.44920117886574
run_greedy_dara_1000,95,5,relay,89.66000000000001,0.0,failed,0,0.0,0.0
run_greedy_dara_1000,95,6,relay,141.01000000000008,0.0,active,1,70.35134305708365,233.7021043449628
run_greedy_dara_1000,96,0,ground_a,0.0,0.0,active,1,50.7085560390024,168.4502995081975
run_greedy_dara_1000,96,1,ground_b,134.39999999999998,0.0,active,1,53.16692928694641,176.61678569657835
run_greedy_dara_1000,96,2,relay,25.724848681312068,0.0,active,2,54.04588505159856,179.53661825078194
run_greedy_dara_1000,96,3,relay,51.372270832454134,0.0,active,2,50.71040394628755,168.4564380717701
run_greedy_dara_1000,96,4,relay,77.15555555555595,0.0,active,1,50.69705072076994,168.41207999341148
run_greedy_dara_1000,96,5,relay,89.66000000000001,0.0,failed,0,0.0,0.0
run_greedy_dara_1000,96,6,relay,141.5600000000001,0.0,active,1,69.58768867499492,231.165299654115
run_greedy_dara_1000,97,0,ground_a,0.0,0.0,active,1,50.71267778498364,168.46399153571906
run_greedy_dara_1000,97,1,ground_b,134.39999999999998,0.0,active,1,53.129765984611225,176.49333247640797
run_greedy_dara_1000,97,2,relay,25.703879402591312,0.0,active,2,54.03655449403686,179.50562315882814
run_greedy_dara_1000,97,3,relay,51.48587584045599,0.0,active,2,50.695232394198996,168.40603969476075
run_greedy_dara_1000,97,4,relay,77.28888888888918,0.0,active,1,50.69316011771396,168.39915579994056
run_greedy_dara_1000,97,5,relay,89.66000000000001,0.0,failed,0,0.0,0.0
run_greedy_dara_1000,97,6,relay,142.10000000000008,0.0,active,1,68.89297921197314,228.85752504630267
run_greedy_dara_1000,98,0,ground_a,0.0,0.0,active,1,50.70893723552267,168.4515658048716
run_greedy_dara_1000,98,1,ground_b,134.39999999999998,0.0,active,1,53.09093648076289,176.36434428691862
run_greedy_dara_1000,98,2,relay,25.722910123870555,0.0,active,2,54.02210362691706,179.4576187484417
run_greedy_dara_1000,98,3,relay,51.61539934605729,0.0,active,2,50.68394135535004,168.3685319958169
run_greedy_dara_1000,98,4,relay,77.42222222222243,0.0,active,1,50.69240841595331,168.39665872203176
run_greedy_dara_1000,98,5,relay,89.66000000000001,0.0,failed,0,0.0,0.0
run_greedy_dara_1000,98,6,relay,142.63000000000008,0.0,active,1,68.25697879109782,226.74477767342432
run_greedy_dara_1000,99,0,ground_a,0.0,0.0,active,1,50.69844087646446,168.4166979513438
run_greedy_dara_1000,99,1,ground_b,134.39999999999998,0.0,active,1,53.050617905871235,176.23040954065544
run_greedy_dara_1000,99,2,relay,25.776231628766027,0.0,active,2,54.009615241875245,179.41613336553417
run_greedy_dara_1000,99,3,relay,51.69492285165859,0.0,active,2,50.67603065408025,168.3422534395924
run_greedy_dara_1000,99,4,relay,77.55555555555571,0.0,active,1,50.68177862427889,168.36134761986656
run_greedy_dara_1000,99,5,relay,89.66000000000001,0.0,failed,0,0.0,0.0
run_greedy_dara_1000,99,6,relay,143.1500000000001,0.0,active,1,67.67159799927686,224.80018508584402
run_greedy_dara_1000,100,0,ground_a,0.0,0.0,active,1,50.683177813108884,168.36599558483042
run_greedy_dara_1000,100,1,ground_b,134.39999999999998,0.0,active,1,53.00898021107608,176.09209280099728
run_greedy_dara_1000,100,2,relay,25.853556682192856,0.0,active,2,54.00003916473278,179.38432227904048
run_greedy_dara_1000,100,3,relay,51.724446357259886,0.0,active,2,50.67047683671254,168.32380421581684
run_greedy_dara_1000,100,4,relay,77.68888888888901,0.0,active,1,50.66120396312226,168.29300066048629
run_greedy_dara_1000,100,5,relay,89.66000000000001,0.0,failed,0,0.0,0.0
run_greedy_dara_1000,100,6,relay,143.66000000000008,0.0,active,1,67.13033345876522,223.00214352928091
run_greedy_dara_1000,101,0,ground_a,0.0,0.0,active,1,50.6645314371719,168.30405419512812
run_greedy_dara_1000,101,1,ground_b,134.39999999999998,0.0,active,1,52.96618597967036,175.94993415591532
run_greedy_dara_1000,101,2,relay,25.947684219591636,0.0,active,2,53.984122062411416,179.33144687595689
run_greedy_dara_1000,101,3,relay,51.80396986286119,0.0,active,2,50.66657106290368,168.31082962786883
run_greedy_dara_1000,101,4,relay,77.82222222222232,0.0,active,1,50.650503879298284,168.2574560570384
run_greedy_dara_1000,101,5,relay,89.66000000000001,0.0,failed,0,0.0,0.0
run_greedy_dara_1000,101,6,relay,144.16000000000008,0.0,active,1,66.62787917710057,221.333026877247
run_greedy_dara_1000,102,0,ground_a,0.0,0.0,active,1,50.655764603369676,168.27493165377538
run_greedy_dara_1000,102,1,ground_b,134.39999999999998,0.0,active,1,52.92239034217779,175.8044489358657
run_greedy_dara_1000,102,2,relay,25.991811756990415,0.0,active,2,53.968921342615545,179.28095142968039
run_greedy_dara_1000,102,3,relay,51.919636316782096,0.0,active,2,50.6577286245912,168.28145593534302
run_greedy_dara_1000,102,4,relay,77.95555555555563,0.0,active,1,50.64698556337976,168.24576856519965
run_greedy_dara_1000,102,5,relay,89.66000000000001,0.0,failed,0,0.0,0.0
run_greedy_dara_1000,102,6,relay,144.6500000000001,0.0,active,1,66.15985012714876,219.7782683838394
run_greedy_dara_1000,103,0,ground_a,0.0,0.0,active,1,50.65693222145346,168.2788103637453
run_greedy_dara_1000,103,1,ground_b,134.39999999999998,0.0,active,1,52.87774098301118,175.65612773590541
run_greedy_dara_1000,103,2,relay,25.985939294389198,0.0,active,2,53.95539527508068,179.23601921656717
run_greedy_dara_1000,103,3,relay,52.06060283452673,0.0,active,2,50.64388331368205,168.23546320366378
run_greedy_dara_1000,103,4,relay,78.08888888888896,0.0,active,1,50.64850601261311,168.2508193447153
run_greedy_dara_1000,103,5,relay,89.66000000000001,0.0,failed,0,0.0,0.0
run_greedy_dara_1000,103,6,relay,145.13000000000008,0.0,active,1,65.72258128251687,218.32569309383675
run_greedy_dara_1000,104,0,ground_a,0.0,0.0,active,1,50.65014265140016,168.25625609426584
run_greedy_dara_1000,104,1,ground_b,134.39999999999998,0.0,active,1,52.83237822662274,175.50543670187554
run_greedy_dara_1000,104,2,relay,26.02006683178798,0.0,active,2,53.943447696415795,179.1963304214347
run_greedy_dara_1000,104,3,relay,52.15156935227137,0.0,active,2,50.63398302575265,168.20257544297937
run_greedy_dara_1000,104,4,relay,78.22222222222229,0.0,active,1,50.640060855046045,168.22276538038855
run_greedy_dara_1000,104,5,relay,89.66000000000001,0.0,failed,0,0.0,0.0
run_greedy_dara_1000,104,6,relay,145.60000000000008,0.0,active,1,65.3129786670238,216.9650230397547
run_greedy_dara_1000,105,0,ground_a,0.0,0.0,active,1,50.63740597246864,168.21394612749657
run_greedy_dara_1000,105,1,ground_b,134.39999999999998,0.0,active,1,52.786435191252,175.35281804113794
run_greedy_dara_1000,105,2,relay,26.083956107967126,0.0,active,2,53.93402351913581,179.1650239896747
run_greedy_dara_1000,105,3,relay,52.19253587001601,0.0,active,2,50.627042487612044,168.17951967371403
run_greedy_dara_1000,105,4,relay,78.35555555555561,0.0,active,1,50.621596966453765,168.16143020056182
run_greedy_dara_1000,105,5,relay,89.66000000000001,0.0,failed,0,0.0,0.0
run_greedy_dara_1000,105,6,relay,146.0600000000001,0.0,active,1,64.9284070564619,215.68750419517588
run_greedy_dara_1000,106,0,ground_a,0.0,0.0,active,1,50.62046343973259,168.15766473893783
run_greedy_dara_1000,106,1,ground_b,134.39999999999998,0.0,active,1,52.74003799878848,175.1986907197213
run_greedy_dara_1000,106,2,relay,26.168678601292527,0.0,active,2,53.91913585808131,179.11556833041524
run_greedy_dara_1000,106,3,relay,52.27121243243725,0.0,active,2,50.622166763987444,168.163323011035
run_greedy_dara_1000,106,4,relay,78.48888888888894,0.0,active,1,50.61063752483824,168.12502403946482
run_greedy_dara_1000,106,5,relay,89.66000000000001,0.0,failed,0,0.0,0.0
run_greedy_dara_1000,106,6,relay,146.51000000000008,0.0,active,1,64.56660401662066,214.48562091524877
run_greedy_dara_1000,107,0,ground_a,0.0,0.0,active,1,50.6135023554848,168.13454071821994
run_greedy_dara_1000,107,1,ground_b,134.39999999999998,0.0,active,1,52.693306029850916,175.04345130967292
run_greedy_dara_1000,107,2,relay,26.20340109461793,0.0,active,2,53.90476157795877,179.067818276784
run_greedy_dara_1000,107,3,relay,52.386286026132126,0.0,active,2,50.61229360382397,168.13052536708074
run_greedy_dara_1000,107,4,relay,78.62222222222226,0.0,active,1,50.60697059561063,168.11284287012035
run_greedy_dara_1000,107,5,relay,89.66000000000001,0.0,failed,0,0.0,0.0
run_greedy_dara_1000,107,6,relay,146.95000000000007,0.0,active,1,64.22561319779255,213.35287434583492
run_greedy_dara_1000,108,0,ground_a,0.0,0.0,active,1,50.61656640212587,168.14471917249674
run_greedy_dara_1000,108,1,ground_b,134.39999999999998,0.0,active,1,52.64635221389946,174.88747495278778
run_greedy_dara_1000,108,2,relay,26.188123587943334,0.0,active,2,53.89288712984918,179.02837262021973
run_greedy_dara_1000,108,3,relay,52.51683754171854,0.0,active,2,50.59735359833924,168.08089617507522
run_greedy_dara_1000,108,4,relay,78.75555555555559,0.0,active,1,50.60641170330031,168.110986286198
run_greedy_dara_1000,108,5,relay,89.66000000000001,0.0,failed,0,0.0,0.0
run_greedy_dara_1000,108,6,relay,147.38000000000008,0.0,active,1,63.903731931552095,212.2836083437792
run_greedy_dara_1000,109,0,ground_a,0.0,0.0,active,1,50.61160709366793,168.1282448494198
run_greedy_dara_1000,109,1,ground_b,134.39999999999998,0.0,active,1,52.5992833450055,174.73111640957
run_greedy_dara_1000,109,2,relay,26.212846081268736,0.0,active,2,53.882742969845644,178.99467464241235
run_greedy_dara_1000,109,3,relay,52.597389057304945,0.0,active,2,50.586408837564385,168.04453878403856
run_greedy_dara_1000,109,4,relay,78.88888888888891,0.0,active,1,50.59579499870574,168.07571866402037
run_greedy_dara_1000,109,5,relay,89.66000000000001,0.0,failed,0,0.0,0.0
run_greedy_dara_1000,109,6,relay,147.80000000000007,0.0,active,1,63.59946960174205,211.27287118832172
run_greedy_dara_1000,110,0,ground_a,0.0,0.0,active,1,50.600091834962626,168.08999232072398
run_greedy_dara_1000,110,1,ground_b,134.39999999999998,0.0,active,1,52.5522004147704,174.5747111651617
run_greedy_dara_1000,110,2,relay,26.270151826596518,0.0,active,2,53.87501322219887,178.96899696434616
run_greedy_dara_1000,110,3,relay,52.627940572891355,0.0,active,2,50.578740833974685,168.01906644998007
run_greedy_dara_1000,110,4,relay,79.02222222222224,0.0,active,1,50.57505356839232,168.00681772605415
run_greedy_dara_1000,110,5,relay,89.66000000000001,0.0,failed,0,0.0,0.0
run_greedy_dara_1000,110,6,relay,148.21000000000006,0.0,active,1,63.31151423703793,210.31630460400075
run_greedy_dara_1000,111,0,ground_a,0.0,0.0,active,1,50.58394693280306,168.03636058462325
run_greedy_dara_1000,111,1,ground_b,134.39999999999998,0.0,active,1,52.50519895478402,174.4185765669628
run_greedy_dara_1000,111,2,relay,26.350265848325964,0.0,active,2,53.86134766198332,178.92360102342275
run_greedy_dara_1000,111,3,relay,52.69932663380184,0.0,active,2,50.57334974101104,168.00115778399106
run_greedy_dara_1000,111,4,relay,79.15555555555557,0.0,active,1,50.56250929795496,167.96514692721436
run_greedy_dara_1000,111,5,relay,89.66000000000001,0.0,failed,0,0.0,0.0
run_greedy_dara_1000,111,6,relay,148.61000000000007,0.0,active,1,63.038705451363484,209.41005387066033
run_greedy_dara_1000,112,0,ground_a,0.0,0.0,active,1,50.569772676720504,167.98927513740668
run_greedy_dara_1000,112,1,ground_b,134.39999999999998,0.0,active,1,52.45836938192042,174.26301297167518
run_greedy_dara_1000,112,2,relay,26.420379870055413,0.0,active,2,53.844627134703366,178.86805683284194
run_greedy_dara_1000,112,3,relay,52.80929687643918,0.0,active,2,50.56695409183814,167.97991208352627
run_greedy_dara_1000,112,4,relay,79.28888888888889,0.0,active,1,50.55776981341275,167.94940283874794
run_greedy_dara_1000,112,5,relay,89.66000000000001,0.0,failed,0,0.0,0.0
run_greedy_dara_1000,112,6,relay,149.00000000000006,0.0,active,1,62.78001233851021,208.55069439096775
run_greedy_dara_1000,113,0,ground_a,0.0,0.0,active,1,50.565698719460514,167.97574186307617
run_greedy_dara_1000,113,1,ground_b,134.39999999999998,0.0,active,1,52.411797340662034,174.10830488247635
run_greedy_dara_1000,113,2,relay,26.44049389178486,0.0,active,2,53.829148035635555,178.81663674775479
run_greedy_dara_1000,113,3,relay,52.94627604628531,0.0,active,2,50.55548050910375,167.94179800137724
run_greedy_dara_1000,113,4,relay,79.42222222222223,0.0,active,1,50.558509721491205,167.95186073856667
run_greedy_dara_1000,113,5,relay,89.66000000000001,0.0,failed,0,0.0,0.0
run_greedy_dara_1000,113,6,relay,149.38000000000005,0.0,active,1,62.53451527177199,207.73517123010936
run_greedy_dara_1000,114,0,ground_a,0.0,0.0,active,1,50.554728148395554,167.93929873516618
run_greedy_dara_1000,114,1,ground_b,134.39999999999998,0.0,active,1,52.36556403751102,173.9547220599071
run_greedy_dara_1000,114,2,relay,26.494573706995475,0.0,active,2,53.81604229627661,178.7731005851655
run_greedy_dara_1000,114,3,relay,53.03325521613145,0.0,active,2,50.547427954399296,167.91504822924702
run_greedy_dara_1000,114,4,relay,79.55555555555557,0.0,active,1,50.54909388593954,167.9205822852481
run_greedy_dara_1000,114,5,relay,89.66000000000001,0.0,failed,0,0.0,0.0
run_greedy_dara_1000,114,6,relay,149.75000000000006,0.0,active,1,62.30139080987731,206.96074897438436
run_greedy_dara_1000,115,0,ground_a,0.0,0.0,active,1,50.53889057123986,167.88668790652576
run_greedy_dara_1000,115,1,ground_b,134.39999999999998,0.0,active,1,52.31974656337107,173.80252059279815
run_greedy_dara_1000,115,2,relay,26.572429577642904,0.0,active,2,53.80617962142219,178.74033745824494
run_greedy_dara_1000,115,3,relay,53.07023438597759,0.0,active,2,50.54176738883404,167.89624440384173
run_greedy_dara_1000,115,4,relay,79.68888888888891,0.0,active,1,50.52946287592739,167.85537005753
run_greedy_dara_1000,115,5,relay,89.66000000000001,0.0,failed,0,0.0,0.0
run_greedy_dara_1000,115,6,relay,150.11000000000007,0.0,active,1,62.07989909488841,206.2249698679329
run_greedy_dara_1000,116,0,ground_a,0.0,0.0,active,1,50.53321148607479,167.8678225607103
run_greedy_dara_1000,116,1,ground_b,134.39999999999998,0.0,active,1,52.27441820056022,173.65194391814268
run_greedy_dara_1000,116,2,relay,26.600285448290332,0.0,active,2,53.79527368769069,178.70410893612103
run_greedy_dara_1000,116,3,relay,53.15611980486989,0.0,active,2,50.53101871227229,167.86053838868048
run_greedy_dara_1000,116,4,relay,79.82222222222225,0.0,active,1,50.51976667916233,167.8231602745302
run_greedy_dara_1000,116,5,relay,89.66000000000001,0.0,failed,0,0.0,0.0
run_greedy_dara_1000,116,6,relay,150.46000000000006,0.0,active,1,61.86937326502926,205.52561864291317
run_greedy_dara_1000,117,0,ground_a,0.0,0.0,active,1,50.537726637964695,167.88282143803573
run_greedy_dara_1000,117,1,ground_b,134.39999999999998,0.0,active,1,52.22964871183352,173.5032237812065
run_greedy_dara_1000,117,2,relay,26.57814131893776,0.0,active,2,53.78472553938849,178.66906914721926
run_greedy_dara_1000,117,3,relay,53.2762395980945,0.0,active,2,50.515140119231724,167.80779131155327
run_greedy_dara_1000,117,4,relay,79.95555555555559,0.0,active,1,50.517062987186435,167.8141788839036
run_greedy_dara_1000,117,5,relay,89.66000000000001,0.0,failed,0,0.0,0.0
run_greedy_dara_1000,117,6,relay,150.80000000000007,0.0,active,1,61.66921050871847,204.86069280164287
run_greedy_dara_1000,118,0,ground_a,0.0,0.0,active,1,50.53408618312321,167.87072821571314
run_greedy_dara_1000,118,1,ground_b,134.39999999999998,0.0,active,1,52.18550460945376,173.35658112936053
run_greedy_dara_1000,118,2,relay,26.59599718958519,0.0,active,2,53.77615854917936,178.64061040112472
run_greedy_dara_1000,118,3,relay,53.346359391319105,0.0,active,2,50.50330389147434,167.76847256370365
run_greedy_dara_1000,118,4,relay,80.08888888888893,0.0,active,1,50.50410772583945,167.77114281988415
run_greedy_dara_1000,118,5,relay,89.66000000000001,0.0,failed,0,0.0,0.0
run_greedy_dara_1000,118,6,relay,151.13000000000008,0.0,active,1,61.47886446459514,204.22837737003252
run_greedy_dara_1000,119,0,ground_a,0.0,0.0,active,1,50.523366826405365,167.83511959874295
run_greedy_dara_1000,119,1,ground_b,134.39999999999998,0.0,active,1,52.14204940294239,173.21222693509017
run_greedy_dara_1000,119,2,relay,26.648496299038392,0.0,active,2,53.770059048528,178.62034826221165
run_greedy_dara_1000,119,3,relay,53.366479184543714,0.0,active,2,50.49498073368629,167.7408238791594
run_greedy_dara_1000,119,4,relay,80.22222222222227,0.0,active,1,50.480818959706,167.6937799040663
run_greedy_dara_1000,119,5,relay,89.66000000000001,0.0,failed,0,0.0,0.0
run_greedy_dara_1000,119,6,relay,151.45000000000007,0.0,active,1,61.29783873254046,203.62702334166667
run_greedy_dara_1000,120,0,ground_a,0.0,0.0,active,1,50.5076533704805,167.78292109159986
run_greedy_dara_1000,120,1,ground_b,134.39999999999998,0.0,active,1,52.099343824674136,173.07036294540362
run_greedy_dara_1000,120,2,relay,26.725245675655632,0.0,active,2,53.756999523172716,178.57696552866008
run_greedy_dara_1000,120,3,relay,53.43659897776832,0.0,active,2,50.489134286922535,167.72140257768473
run_greedy_dara_1000,120,4,relay,80.35555555555561,0.0,active,1,50.46776715657036,167.65042314125287
run_greedy_dara_1000,120,5,relay,89.66000000000001,0.0,failed,0,0.0,0.0
run_greedy_dara_1000,120,6,relay,151.76000000000008,0.0,active,1,61.12568130727742,203.05512918662313
run_greedy_dara_1000,121,0,ground_a,0.0,0.0,active,1,50.50216484651182,167.76468877194097
run_greedy_dara_1000,121,1,ground_b,134.39999999999998,0.0,active,1,52.05744603294539,172.9311823564099
run_greedy_dara_1000,121,2,relay,26.75199505227287,0.0,active,2,53.743768588840545,178.5330135979757
run_greedy_dara_1000,121,3,relay,53.545682833025545,0.0,active,2,50.47817448564163,167.6849952308546
run_greedy_dara_1000,121,4,relay,80.48888888888895,0.0,active,1,50.46275109975501,167.6337603108928
run_greedy_dara_1000,121,5,relay,89.66000000000001,0.0,failed,0,0.0,0.0
run_greedy_dara_1000,121,6,relay,152.0600000000001,0.0,active,1,60.961979782453724,202.51132491978225
run_greedy_dara_1000,122,0,ground_a,0.0,0.0,active,1,50.490093863016384,167.7245901904323
run_greedy_dara_1000,122,1,ground_b,134.39999999999998,0.0,active,1,52.01641179255182,172.79487041318518
run_greedy_dara_1000,122,2,relay,26.81071961590494,0.0,active,2,53.725297197400074,178.47165327101757
run_greedy_dara_1000,122,3,relay,53.6820415317056,0.0,active,2,50.47049138545342,167.65947275266
run_greedy_dara_1000,122,4,relay,80.62222222222229,0.0,active,1,50.46337718283412,167.63584009516862
run_greedy_dara_1000,122,5,relay,89.66000000000001,0.0,failed,0,0.0,0.0
run_greedy_dara_1000,122,6,relay,152.35000000000008,0.0,active,1,60.806357201652396,201.99435831818283
run_greedy_dara_1000,123,0,ground_a,0.0,0.0,active,1,50.47337293955515,167.66904498214802
run_greedy_dara_1000,123,1,ground_b,134.39999999999998,0.0,active,1,51.97629463325583,172.66160493619043
run_greedy_dara_1000,123,2,relay,26.891826810447387,0.0,active,2,53.70318522489546,178.39819921389426
run_greedy_dara_1000,123,3,relay,53.83749262078164,0.0,active,2,50.46509695935092,167.6415530177872
run_greedy_dara_1000,123,4,relay,80.75555555555563,0.0,active,1,50.4679519107023,167.65103687568384
run_greedy_dara_1000,123,5,relay,89.66000000000001,0.0,failed,0,0.0,0.0
run_greedy_dara_1000,123,6,relay,152.63000000000008,0.0,active,1,60.65846845535835,201.50308295200506
run_greedy_dara_1000,124,0,ground_a,0.0,0.0,active,1,50.45334709828474,167.6025211753259
run_greedy_dara_1000,124,1,ground_b,134.39999999999998,0.0,active,1,51.9371459868146,172.53155677646976
run_greedy_dara_1000,124,2,relay,26.988601846627102,0.0,active,2,53.685126291273846,178.3382088774319
run_greedy_dara_1000,124,3,relay,53.94294370985768,0.0,active,2,50.461315050541074,167.6289899015556
run_greedy_dara_1000,124,4,relay,80.88888888888897,0.0,active,1,50.462184184136845,167.63187707490343
run_greedy_dara_1000,124,5,relay,89.66000000000001,0.0,failed,0,0.0,0.0
run_greedy_dara_1000,124,6,relay,152.9000000000001,0.0,active,1,60.51799714090152,201.03644775352788
run_greedy_dara_1000,125,0,ground_a,0.0,0.0,active,1,50.44363854619165,167.5702703542323
run_greedy_dara_1000,125,1,ground_b,134.39999999999998,0.0,active,1,51.89901530347625,172.40489020264386
run_greedy_dara_1000,125,2,relay,27.035376882806816,0.0,active,2,53.67595545766396,178.30774411054438
run_greedy_dara_1000,125,3,relay,53.998394798933724,0.0,active,2,50.452343341198066,167.59918679663838
run_greedy_dara_1000,125,4,relay,81.02222222222231,0.0,active,1,50.44603751300839,167.5782394775667
run_greedy_dara_1000,125,5,relay,89.66000000000001,0.0,failed,0,0.0,0.0
run_greedy_dara_1000,125,6,relay,153.16000000000008,0.0,active,1,60.384652816820825,200.59348789632412
run_greedy_dara_1000,126,0,ground_a,0.0,0.0,active,1,50.444308528905765,167.57249596853998
run_greedy_dara_1000,126,1,ground_b,134.39999999999998,0.0,active,1,51.86195014904068,172.2817632233406
run_greedy_dara_1000,126,2,relay,27.03215191898653,0.0,active,2,53.66593472626682,178.2744562748378
run_greedy_dara_1000,126,3,relay,54.09721056128695,0.0,active,2,50.438166113469315,167.55209149046533
run_greedy_dara_1000,126,4,relay,81.15555555555565,0.0,active,1,50.43886431158519,167.5544108334347
run_greedy_dara_1000,126,5,relay,89.66000000000001,0.0,failed,0,0.0,0.0
run_greedy_dara_1000,126,6,relay,153.41000000000008,0.0,active,1,60.258168594728076,200.17331679560607
run_greedy_dara_1000,127,0,ground_a,0.0,0.0,active,1,50.43666315135165,167.54709880352272
run_greedy_dara_1000,127,1,ground_b,134.39999999999998,0.0,active,1,51.8259962837265,172.16232784918805
run_greedy_dara_1000,127,2,relay,27.06892695516624,0.0,active,2,53.65818740645733,178.2487203173117
run_greedy_dara_1000,127,3,relay,54.14602632364018,0.0,active,2,50.428109431123715,167.51868421736327
run_greedy_dara_1000,127,4,relay,81.28888888888899,0.0,active,1,50.421256331670335,167.49591892003465
run_greedy_dara_1000,127,5,relay,89.66000000000001,0.0,failed,0,0.0,0.0
run_greedy_dara_1000,127,6,relay,153.6500000000001,0.0,active,1,60.138299021188395,199.7751190719851
run_greedy_dara_1000,128,0,ground_a,0.0,0.0,active,1,50.42296598672948,167.5015982196754
run_greedy_dara_1000,128,1,ground_b,134.39999999999998,0.0,active,1,51.79119772419101,172.04673029884268
run_greedy_dara_1000,128,2,relay,27.13466948049204,0.0,active,2,53.64363878541055,178.20039101248432
run_greedy_dara_1000,128,3,relay,54.240197357287435,0.0,active,2,50.42105917308002,167.49526397953963
run_greedy_dara_1000,128,4,relay,81.42222222222233,0.0,active,1,50.413076150578945,167.4687451934956
run_greedy_dara_1000,128,5,relay,89.66000000000001,0.0,failed,0,0.0,0.0
run_greedy_dara_1000,128,6,relay,153.88000000000008,0.0,active,1,60.024818209830705,199.39814434647727
run_greedy_dara_1000,129,0,ground_a,0.0,0.0,active,1,50.419680463203406,167.49068404581863
run_greedy_dara_1000,129,1,ground_b,134.39999999999998,0.0,active,1,51.757596790120104,171.9351111537606
run_greedy_dara_1000,129,2,relay,27.150412005817838,0.0,active,2,53.629362038865885,178.1529650532019
run_greedy_dara_1000,129,3,relay,54.36611708084052,0.0,active,2,50.40877816495279,167.45446772420382
run_greedy_dara_1000,129,4,relay,81.55555555555567,0.0,active,1,50.4115260818745,167.46359602354548
run_greedy_dara_1000,129,5,relay,89.66000000000001,0.0,failed,0,0.0,0.0
run_greedy_dara_1000,129,6,relay,154.10000000000008,0.0,active,1,59.91751819021279,199.04170175555248
run_greedy_dara_1000,130,0,ground_a,0.0,0.0,active,1,50.40901744599377,167.4552625913557
run_greedy_dara_1000,130,1,ground_b,134.39999999999998,0.0,active,1,51.72523413684445,171.82760546655015
run_greedy_dara_1000,130,2,relay,27.2014317735459,0.0,active,2,53.617785545037634,178.1145089136799
run_greedy_dara_1000,130,3,relay,54.4420368043936,0.0,active,2,50.4001600556163,167.42583924547563
run_greedy_dara_1000,130,4,relay,81.68888888888901,0.0,active,1,50.399505375758324,167.42366446589577
run_greedy_dara_1000,130,5,relay,89.66000000000001,0.0,failed,0,0.0,0.0
run_greedy_dara_1000,130,6,relay,154.3100000000001,0.0,active,1,59.81620744516482,198.7051550922951
run_greedy_dara_1000,131,0,ground_a,0.0,0.0,active,1,50.39315106592997,167.4025560982268
run_greedy_dara_1000,131,1,ground_b,134.39999999999998,0.0,active,1,51.69414877545054,171.72434282778246
run_greedy_dara_1000,131,2,relay,27.27714561095554,0.0,active,2,53.60163091207188,178.06084456344433
run_greedy_dara_1000,131,3,relay,54.54518061088076,0.0,active,2,50.39411791913327,167.4057678857148
run_greedy_dara_1000,131,4,relay,81.82222222222235,0.0,active,1,50.39317289457945,167.40262861076843
run_greedy_dara_1000,131,5,relay,89.66000000000001,0.0,failed,0,0.0,0.0
run_greedy_dara_1000,131,6,relay,154.51000000000008,0.0,active,1,59.72070961263951,198.38791849404402
run_greedy_dara_1000,132,0,ground_a,0.0,0.0,active,1,50.38775100529284,167.38461764904292
run_greedy_dara_1000,132,1,ground_b,134.39999999999998,0.0,active,1,51.66437808184533,171.62544739610757
run_greedy_dara_1000,132,2,relay,27.30285944836518,0.0,active,2,53.58698693156583,178.01219865274672
run_greedy_dara_1000,132,3,relay,54.667381275421775,0.0,active,2,50.38280666441433,167.36819305469635
run_greedy_dara_1000,132,4,relay,81.95555555555569,0.0,active,1,50.39083569665914,167.394864678272
run_greedy_dara_1000,132,5,relay,89.66000000000001,0.0,failed,0,0.0,0.0
run_greedy_dara_1000,132,6,relay,154.70000000000007,0.0,active,1,59.63086233167715,198.08945260877172
run_greedy_dara_1000,133,0,ground_a,0.0,0.0,active,1,50.37554918311092,167.3440844443606
run_greedy_dara_1000,133,1,ground_b,134.39999999999998,0.0,active,1,51.635957796203655,171.53103789642356
run_greedy_dara_1000,133,2,relay,27.36085913455193,0.0,active,2,53.57535307573546,177.9735519363605
run_greedy_dara_1000,133,3,relay,54.73958193996278,0.0,active,2,50.37488346701588,167.34187300367893
run_greedy_dara_1000,133,4,relay,82.08888888888903,0.0,active,1,50.37798188468416,167.35216562996658
run_greedy_dara_1000,133,5,relay,89.66000000000001,0.0,failed,0,0.0,0.0
run_greedy_dara_1000,133,6,relay,154.88000000000008,0.0,active,1,59.54651621508438,197.80926118239734
run_greedy_dara_1000,134,0,ground_a,0.0,0.0,active,1,50.35854312774589,167.28759207040147
run_greedy_dara_1000,134,1,ground_b,134.39999999999998,0.0,active,1,51.60892201418278,171.44122759069552
run_greedy_dara_1000,134,2,relay,27.441458914882656,0.0,active,2,53.56744845185475,177.94729325533834
run_greedy_dara_1000,134,3,relay,54.76178260450379,0.0,active,2,50.36930497801695,167.32334183517526
run_greedy_dara_1000,134,4,relay,82.22222222222237,0.0,active,1,50.35452988954991,167.27426050449503
run_greedy_dara_1000,134,5,relay,89.66000000000001,0.0,failed,0,0.0,0.0
run_greedy_dara_1000,134,6,relay,155.05000000000007,0.0,active,1,59.467533933934604,197.54688801756336
run_greedy_dara_1000,135,0,ground_a,0.0,0.0,active,1,50.35207158930021,167.26609428311184
run_greedy_dara_1000,135,1,ground_b,134.39999999999998,0.0,active,1,51.58330317123051,171.35612422583338
run_greedy_dara_1000,135,2,relay,27.47205869521338,0.0,active,2,53.55774669973657,177.91506490307282
run_greedy_dara_1000,135,3,relay,54.8339832690448,0.0,active,2,50.35845350009445,167.28729433753185
run_greedy_dara_1000,135,4,relay,82.35555555555571,0.0,active,1,50.34158224094436,167.2312497438123
run_greedy_dara_1000,135,5,relay,89.66000000000001,0.0,failed,0,0.0,0.0
run_greedy_dara_1000,135,6,relay,155.21000000000006,0.0,active,1,59.393789401112045,197.30191426142784
run_greedy_dara_1000,136,0,ground_a,0.0,0.0,active,1,50.35617550629766,167.27972707463186
run_greedy_dara_1000,136,1,ground_b,134.39999999999998,0.0,active,1,51.559132021247535,171.27582996281427
run_greedy_dara_1000,136,2,relay,27.452658475544105,0.0,active,2,53.54739822481436,177.8806884092141
run_greedy_dara_1000,136,3,relay,54.94452373422351,0.0,active,2,50.342312242316915,167.2336747335768
run_greedy_dara_1000,136,4,relay,82.48888888888905,0.0,active,1,50.336746240855845,167.21518504782992
run_greedy_dara_1000,136,5,relay,89.66000000000001,0.0,failed,0,0.0,0.0
run_greedy_dara_1000,136,6,relay,155.36000000000007,0.0,active,1,59.32516704291068,197.07395598596867
run_greedy_dara_1000,137,0,ground_a,0.0,0.0,active,1,50.35181772416783,167.26525096917297
run_greedy_dara_1000,137,1,ground_b,134.39999999999998,0.0,active,1,51.53643761078868,171.20044129098545
run_greedy_dara_1000,137,2,relay,27.47325825587483,0.0,active,2,53.532481268705155,177.83113572723875
run_greedy_dara_1000,137,3,relay,55.071902059848604,0.0,active,2,50.330346535826905,167.19392588486426
run_greedy_dara_1000,137,4,relay,82.62222222222239,0.0,active,1,50.33548198963055,167.21098533503508
run_greedy_dara_1000,137,5,relay,89.66000000000001,0.0,failed,0,0.0,0.0
run_greedy_dara_1000,137,6,relay,155.50000000000006,0.0,active,1,59.26156114921861,196.86266202934317
run_greedy_dara_1000,138,0,ground_a,0.0,0.0,active,1,50.34028721670056,167.22694780616465
run_greedy_dara_1000,138,1,ground_b,134.39999999999998,0.0,active,1,51.515247249910615,171.1300489312275
run_greedy_dara_1000,138,2,relay,27.527678102106336,0.0,active,2,53.52058420838962,177.79161469036103
run_greedy_dara_1000,138,3,relay,55.1492803854737,0.0,active,2,50.32195559901143,167.16605205460252
run_greedy_dara_1000,138,4,relay,82.75555555555573,0.0,active,1,50.32358716120828,167.17147193657655
run_greedy_dara_1000,138,5,relay,89.66000000000001,0.0,failed,0,0.0,0.0
run_greedy_dara_1000,138,6,relay,155.63000000000005,0.0,active,1,59.20287529411587,196.66771207115573
run_greedy_dara_1000,139,0,ground_a,0.0,0.0,active,1,50.323694250873004,167.17182767744055
run_greedy_dara_1000,139,1,ground_b,134.39999999999998,0.0,active,1,51.495586480690235,171.06473773137918
run_greedy_dara_1000,139,2,relay,27.60577199446839,0.0,active,2,53.512445345540144,177.76457790290118
run_greedy_dara_1000,139,3,relay,55.176658711098796,0.0,active,2,50.31604972491184,167.14643334859673
run_greedy_dara_1000,139,4,relay,82.88888888888907,0.0,active,1,50.30098619763288,167.09639385939465
run_greedy_dara_1000,139,5,relay,89.66000000000001,0.0,failed,0,0.0,0.0
run_greedy_dara_1000,139,6,relay,155.75000000000006,0.0,active,1,59.149021819824895,196.48881491817875
run_greedy_dara_1000,140,0,ground_a,0.0,0.0,active,1,50.3177116073083,167.15195395029164
run_greedy_dara_1000,140,1,ground_b,134.39999999999998,0.0,active,1,51.47747904435529,171.00458655705228
run_greedy_dara_1000,140,2,relay,27.633865886830446,0.0,active,2,53.50234388846882,177.7310217850086
run_greedy_dara_1000,140,3,relay,55.25403703672389,0.0,active,2,50.304819246101964,167.10912685293243
run_greedy_dara_1000,140,4,relay,83.02222222222241,0.0,active,1,50.28900967927595,167.0566090983068
run_greedy_dara_1000,140,5,relay,89.66000000000001,0.0,failed,0,0.0,0.0
run_greedy_dara_1000,140,6,relay,155.86000000000007,0.0,active,1,59.09992137790934,196.3257069802482
run_greedy_dara_1000,141,0,ground_a,0.0,0.0,active,1,50.32237716121264,167.16745244091038
run_greedy_dara_1000,141,1,ground_b,134.39999999999998,0.0,active,1,51.46094684788585,170.94966818068878
run_greedy_dara_1000,141,2,relay,27.6119597791925,0.0,active,2,53.491602199813215,177.69533909052626
run_greedy_dara_1000,141,3,relay,55.36820186466146,0.0,active,2,50.2882343513328,167.05403353876903
run_greedy_dara_1000,141,4,relay,83.15555555555575,0.0,active,1,50.284900362517064,167.0429583712939
run_greedy_dara_1000,141,5,relay,89.66000000000001,0.0,failed,0,0.0,0.0
run_greedy_dara_1000,141,6,relay,155.96000000000006,0.0,active,1,59.055502522444414,196.17815091880496
run_greedy_dara_1000,142,0,ground_a,0.0,0.0,active,1,50.318523841862145,167.15465210999983
run_greedy_dara_1000,142,1,ground_b,134.39999999999998,0.0,active,1,51.4460099308624,170.9000491714365
run_greedy_dara_1000,142,2,relay,27.630053671554556,0.0,active,2,53.47646921925106,177.64506881340787
run_greedy_dara_1000,142,3,relay,55.49811724421775,0.0,active,2,50.27586428850072,167.01294146480137
run_greedy_dara_1000,142,4,relay,83.28888888888909,0.0,active,1,50.28416727645062,167.04052313490186
run_greedy_dara_1000,142,5,relay,89.66000000000001,0.0,failed,0,0.0,0.0
run_greedy_dara_1000,142,6,relay,156.05000000000007,0.0,active,1,59.015701350601375,196.0459344529425
run_greedy_dara_1000,143,0,ground_a,0.0,0.0,active,1,50.307291233542315,167.1173385400405
run_greedy_dara_1000,143,1,ground_b,134.39999999999998,0.0,active,1,51.43268643325723,170.8557897881589
run_greedy_dara_1000,143,2,relay,27.682719396207993,0.0,active,2,53.464438238598184,177.60510291742668
run_greedy_dara_1000,143,3,relay,55.57803262377405,0.0,active,2,50.267195091718456,166.98414328683958
run_greedy_dara_1000,143,4,relay,83.42222222222243,0.0,active,1,50.27269635986548,167.00241793221255
run_greedy_dara_1000,143,5,relay,89.66000000000001,0.0,failed,0,0.0,0.0
run_greedy_dara_1000,143,6,relay,156.13000000000008,0.0,active,1,58.9804611867163,195.92886930990602
run_greedy_dara_1000,144,0,ground_a,0.0,0.0,active,1,50.29085220602278,167.06272978241856
run_greedy_dara_1000,144,1,ground_b,134.39999999999998,0.0,active,1,51.42099256478744,170.81694387763122
run_greedy_dara_1000,144,2,relay,27.7595854034654,0.0,active,2,53.45624443297709,177.57788362156595
run_greedy_dara_1000,144,3,relay,55.60794800333035,0.0,active,2,50.26110692502547,166.9639190254669
run_greedy_dara_1000,144,4,relay,83.55555555555577,0.0,active,1,50.250414688167865,166.92840051791265
run_greedy_dara_1000,144,5,relay,89.66000000000001,0.0,failed,0,0.0,0.0
run_greedy_dara_1000,144,6,relay,156.20000000000007,0.0,active,1,58.94973230646653,195.826790308827
run_greedy_dara_1000,145,0,ground_a,0.0,0.0,active,1,50.27071771132667,166.99584506578407
run_greedy_dara_1000,145,1,ground_b,134.39999999999998,0.0,active,1,51.41094257637445,170.78355877973493
run_greedy_dara_1000,145,2,relay,27.853391608545586,0.0,active,2,53.44162118767292,177.5293063220468
run_greedy_dara_1000,145,3,relay,55.68786338288665,0.0,active,1,50.274785084547204,167.00935646026846
run_greedy_dara_1000,145,4,relay,83.68888888888911,0.0,active,0,0.0,0.0
run_greedy_dara_1000,145,5,relay,89.66000000000001,0.0,failed,0,0.0,0.0
run_greedy_dara_1000,145,6,relay,156.26000000000008,0.0,active,1,58.92347169826678,195.7395545680978
run_greedy_dara_1000,146,0,ground_a,0.0,0.0,active,1,50.261287778736616,166.96451980242222
run_greedy_dara_1000,146,1,ground_b,134.39999999999998,0.0,active,1,51.40254873418233,170.7556752412178
run_greedy_dara_1000,146,2,relay,27.89719781362577,0.0,active,2,53.42850585808179,177.48573836984536
run_greedy_dara_1000,146,3,relay,55.78380414857605,0.0,active,1,50.26356935308297,166.97209895699663
run_greedy_dara_1000,146,4,relay,83.83222222222244,0.0,active,0,0.0,0.0
run_greedy_dara_1000,146,5,relay,89.66000000000001,0.0,failed,0,0.0,0.0
run_greedy_dara_1000,146,6,relay,156.3100000000001,0.0,active,1,58.901642859432314,195.667040828241
run_greedy_dara_1000,147,0,ground_a,0.0,0.0,active,1,50.26262214560329,166.9689524314738
run_greedy_dara_1000,147,1,ground_b,134.39999999999998,0.0,active,1,51.39582129664079,170.73332733936857
run_greedy_dara_1000,147,2,relay,27.891004018705953,0.0,active,2,53.417331090506664,177.44861697136275
run_greedy_dara_1000,147,3,relay,55.89096268455864,0.0,active,1,50.23909827684247,166.89080856851723
run_greedy_dara_1000,147,4,relay,83.98255555555578,0.0,active,0,0.0,0.0
run_greedy_dara_1000,147,5,relay,89.66000000000001,0.0,failed,0,0.0,0.0
run_greedy_dara_1000,147,6,relay,156.35000000000008,0.0,active,1,58.88421562504874,195.60914888342685
run_greedy_dara_1000,148,0,ground_a,0.0,0.0,active,1,50.25533481334165,166.9447446657612
run_greedy_dara_1000,148,1,ground_b,134.39999999999998,0.0,active,1,51.390768494793065,170.71654241673664
run_greedy_dara_1000,148,2,relay,27.92481022378614,0.0,active,1,56.58399009818311,187.96797810724453
run_greedy_dara_1000,148,3,relay,56.005973659746445,0.0,active,0,0.0,0.0
run_greedy_dara_1000,148,4,relay,84.1377888888891,0.0,active,0,0.0,0.0
run_greedy_dara_1000,148,5,relay,89.66000000000001,0.0,failed,0,0.0,0.0
run_greedy_dara_1000,148,6,relay,156.38000000000008,0.0,active,1,58.87116602784346,195.56579911597663
run_greedy_dara_1000,149,0,ground_a,0.0,0.0,active,1,50.24158286935578,166.89906212809944
run_greedy_dara_1000,149,1,ground_b,134.39999999999998,0.0,active,1,51.38739651624728,170.70534102782116
run_greedy_dara_1000,149,2,relay,27.98847456734227,0.0,active,1,56.5622321251592,187.8956998444785
run_greedy_dara_1000,149,3,relay,56.13648134237791,0.0,active,0,0.0,0.0
run_greedy_dara_1000,149,4,relay,84.29645222222244,0.0,active,0,0.0,0.0
run_greedy_dara_1000,149,5,relay,89.66000000000001,0.0,failed,0,0.0,0.0
run_greedy_dara_1000,149,6,relay,156.4000000000001,0.0,active,1,58.862476187679306,195.5369321292683
