run_id,timestep,agent_id,role,x,y,status,degree,avg_snr_db,avg_rate_mbps
run_heuristic_dara_42,0,0,ground_a,0.0,0.0,active,1,50.8489642297816,168.91672152318014
run_heuristic_dara_42,0,1,ground_b,200.0,0.0,active,1,50.8489642297816,168.91672152318014
run_heuristic_dara_42,0,2,relay,25.0,0.0,active,2,54.245029602382324,180.19815958783795
run_heuristic_dara_42,0,3,relay,50.0,0.0,active,2,50.8489642297816,168.91672152318014
run_heuristic_dara_42,0,4,relay,75.0,0.0,active,2,50.8489642297816,168.91672152318014
run_heuristic_dara_42,0,5,relay,100.0,0.0,active,2,50.8489642297816,168.91672152318014
run_heuristic_dara_42,0,6,relay,125.0,0.0,active,2,50.8489642297816,168.91672152318014
run_heuristic_dara_42,0,7,relay,150.0,0.0,active,2,50.8489642297816,168.91672152318014
run_heuristic_dara_42,0,8,relay,175.0,0.0,active,2,54.245029602382324,180.19815958783795
run_heuristic_dara_42,1,0,ground_a,0.0,0.0,active,1,50.8489642297816,168.91672152318014
run_heuristic_dara_42,1,1,ground_b,200.0,0.0,active,1,50.8489642297816,168.91672152318014
run_heuristic_dara_42,1,2,relay,25.0,0.0,active,2,54.245029602382324,180.19815958783795
run_heuristic_dara_42,1,3,relay,50.0,0.0,active,2,50.8489642297816,168.91672152318014
run_heuristic_dara_42,1,4,relay,75.0,0.0,active,2,50.8489642297816,168.91672152318014
run_heuristic_dara_42,1,5,relay,100.0,0.0,active,2,50.8489642297816,168.91672152318014
run_heuristic_dara_42,1,6,relay,125.0,0.0,active,2,50.8489642297816,168.91672152318014
run_heuristic_dara_42,1,7,relay,150.0,0.0,active,2,50.8489642297816,168.91672152318014
run_heuristic_dara_42,1,8,relay,175.0,0.0,active,2,54.245029602382324,180.19815958783795
run_heuristic_dara_42,2,0,ground_a,0.0,0.0,active,1,50.8489642297816,168.91672152318014
run_heuristic_dara_42,2,1,ground_b,200.0,0.0,active,1,50.8489642297816,168.91672152318014
run_heuristic_dara_42,2,2,relay,25.0,0.0,active,2,54.245029602382324,180.19815958783795
run_heuristic_dara_42,2,3,relay,50.0,0.0,active,2,50.8489642297816,168.91672152318014
run_heuristic_dara_42,2,4,relay,75.0,0.0,active,2,50.8489642297816,168.91672152318014
run_heuristic_dara_42,2,5,relay,100.0,0.0,active,2,50.8489642297816,168.91672152318014
run_heuristic_dara_42,2,6,relay,125.0,0.0,active,2,50.8489642297816,168.91672152318014
run_heuristic_dara_42,2,7,relay,150.0,0.0,active,2,50.8489642297816,168.91672152318014
run_heuristic_dara_42,2,8,relay,175.0,0.0,active,2,54.245029602382324,180.19815958783795
run_heuristic_dara_42,3,0,ground_a,0.0,0.0,active,1,50.8489642297816,168.91672152318014
run_heuristic_dara_42,3,1,ground_b,200.0,0.0,active,1,50.8489642297816,168.91672152318014
run_heuristic_dara_42,3,2,relay,25.0,0.0,active,2,54.245029602382324,180.19815958783795
run_heuristic_dara_42,3,3,relay,50.0,0.0,active,2,50.8489642297816,168.91672152318014
run_heuristic_dara_42,3,4,relay,75.0,0.0,active,2,50.8489642297816,168.91672152318014
run_heuristic_dara_42,3,5,relay,100.0,0.0,active,2,50.8489642297816,168.91672152318014
run_heuristic_dara_42,3,6,relay,125.0,0.0,active,2,50.8489642297816,168.91672152318014
run_heuristic_dara_42,3,7,relay,150.0,0.0,active,2,50.8489642297816,168.91672152318014
run_heuristic_dara_42,3,8,relay,175.0,0.0,active,2,54.245029602382324,180.19815958783795
run_heuristic_dara_42,4,0,ground_a,0.0,0.0,active,1,50.8489642297816,168.91672152318014
run_heuristic_dara_42,4,1,ground_b,200.0,0.0,active,1,50.8489642297816,168.91672152318014
run_heuristic_dara_42,4,2,relay,25.0,0.0,active,2,54.245029602382324,180.19815958783795
run_heuristic_dara_42,4,3,relay,50.0,0.0,active,2,50.8489642297816,168.91672152318014
run_heuristic_dara_42,4,4,relay,75.0,0.0,active,2,50.8489642297816,168.91672152318014
run_heuristic_dara_42,4,5,relay,100.0,0.0,active,2,50.8489642297816,168.91672152318014
run_heuristic_dara_42,4,6,relay,125.0,0.0,active,2,50.8489642297816,168.91672152318014
run_heuristic_dara_42,4,7,relay,150.0,0.0,active,2,50.8489642297816,168.91672152318014
run_heuristic_dara_42,4,8,relay,175.0,0.0,active,2,54.245029602382324,180.19815958783795
run_heuristic_dara_42,5,0,ground_a,0.0,0.0,active,1,50.8489642297816,168.91672152318014
run_heuristic_dara_42,5,1,ground_b,200.0,0.0,active,1,50.8489642297816,168.91672152318014
run_heuristic_dara_42,5,2,relay,25.0,0.0,active,2,54.245029602382324,180.19815958783795
run_heuristic_dara_42,5,3,relay,50.0,0.0,active,2,50.8489642297816,168.91672152318014
run_heuristic_dara_42,5,4,relay,75.0,0.0,active,2,50.8489642297816,168.91672152318014
run_heuristic_dara_42,5,5,relay,100.0,0.0,active,2,50.8489642297816,168.91672152318014
run_heuristic_dara_42,5,6,relay,125.0,0.0,active,2,50.8489642297816,168.91672152318014
run_heuristic_dara_42,5,7,relay,150.0,0.0,active,2,50.8489642297816,168.91672152318014
run_heuristic_dara_42,5,8,relay,175.0,0.0,active,2,54.245029602382324,180.19815958783795
run_heuristic_dara_42,6,0,ground_a,0.0,0.0,active,1,50.8489642297816,168.91672152318014
run_heuristic_dara_42,6,1,ground_b,200.0,0.0,active,1,50.8489642297816,168.91672152318014
run_heuristic_dara_42,6,2,relay,25.0,0.0,active,2,54.245029602382324,180.19815958783795
run_heuristic_dara_42,6,3,relay,50.0,0.0,active,2,50.8489642297816,168.91672152318014
run_heuristic_dara_42,6,4,relay,75.0,0.0,active,2,50.8489642297816,168.91672152318014
run_heuristic_dara_42,6,5,relay,100.0,0.0,active,2,50.8489642297816,168.91672152318014
run_heuristic_dara_42,6,6,relay,125.0,0.0,active,2,50.8489642297816,168.91672152318014
run_heuristic_dara_42,6,7,relay,150.0,0.0,active,2,50.8489642297816,168.91672152318014
run_heuristic_dara_42,6,8,relay,175.0,0.0,active,2,54.245029602382324,180.19815958783795
run_heuristic_dara_42,7,0,ground_a,0.0,0.0,active,1,50.8489642297816,168.91672152318014
run_heuristic_dara_42,7,1,ground_b,200.0,0.0,active,1,50.8489642297816,168.91672152318014
run_heuristic_dara_42,7,2,relay,25.0,0.0,active,2,54.245029602382324,180.19815958783795
run_heuristic_dara_42,7,3,relay,50.0,0.0,active,2,50.8489642297816,168.91672152318014
run_heuristic_dara_42,7,4,relay,75.0,0.0,active,2,50.8489642297816,168.91672152318014
run_heuristic_dara_42,7,5,relay,100.0,0.0,active,2,50.8489642297816,168.91672152318014
run_heuristic_dara_42,7,6,relay,125.0,0.0,active,2,50.8489642297816,168.91672152318014
run_heuristic_dara_42,7,7,relay,150.0,0.0,active,2,50.8489642297816,168.91672152318014
run_heuristic_dara_42,7,8,relay,175.0,0.0,active,2,54.245029602382324,180.19815958783795
run_heuristic_dara_42,8,0,ground_a,0.0,0.0,active,1,50.8489642297816,168.91672152318014
run_heuristic_dara_42,8,1,ground_b,200.0,0.0,active,1,50.8489642297816,168.91672152318014
run_heuristic_dara_42,8,2,relay,25.0,0.0,active,2,54.245029602382324,180.19815958783795
run_heuristic_dara_42,8,3,relay,50.0,0.0,active,2,50.8489642297816,168.91672152318014
run_heuristic_dara_42,8,4,relay,75.0,0.0,active,2,50.8489642297816,168.91672152318014
run_heuristic_dara_42,8,5,relay,100.0,0.0,active,2,50.8489642297816,168.91672152318014
run_heuristic_dara_42,8,6,relay,125.0,0.0,active,2,50.8489642297816,168.91672152318014
run_heuristic_dara_42,8,7,relay,150.0,0.0,active,2,50.8489642297816,168.91672152318014
run_heuristic_dara_42,8,8,relay,175.0,0.0,active,2,54.245029602382324,180.19815958783795
run_heuristic_dara_42,9,0,ground_a,0.0,0.0,active,1,50.8489642297816,168.91672152318014
run_heuristic_dara_42,9,1,ground_b,200.0,0.0,active,1,50.8489642297816,168.91672152318014
run_heuristic_dara_42,9,2,relay,25.0,0.0,active,2,54.245029602382324,180.19815958783795
run_heuristic_dara_42,9,3,relay,50.0,0.0,active,2,50.8489642297816,168.91672152318014
run_heuristic_dara_42,9,4,relay,75.0,0.0,active,2,50.8489642297816,168.91672152318014
run_heuristic_dara_42,9,5,relay,100.0,0.0,active,2,50.8489642297816,168.91672152318014
run_heuristic_dara_42,9,6,relay,125.0,0.0,active,2,50.8489642297816,168.91672152318014
run_heuristic_dara_42,9,7,relay,150.0,0.0,active,2,50.8489642297816,168.91672152318014
run_heuristic_dara_42,9,8,relay,175.0,0.0,active,2,54.245029602382324,180.19815958783795
run_heuristic_dara_42,10,0,ground_a,0.0,0.0,active,1,50.8489642297816,168.91672152318014
run_heuristic_dara_42,10,1,ground_b,200.0,0.0,active,1,50.8489642297816,168.91672152318014
run_heuristic_dara_42,10,2,relay,25.0,0.0,active,2,54.245029602382324,180.19815958783795
run_heuristic_dara_42,10,3,relay,50.0,0.0,active,2,50.8489642297816,168.91672152318014
run_heuristic_dara_42,10,4,relay,75.0,0.0,active,2,50.8489642297816,168.91672152318014
run_heuristic_dara_42,10,5,relay,100.0,0.0,active,2,50.8489642297816,168.91672152318014
run_heuristic_dara_42,10,6,relay,125.0,0.0,active,2,50.8489642297816,168.91672152318014
run_heuristic_dara_42,10,7,relay,150.0,0.0,active,2,50.8489642297816,168.91672152318014
run_heuristic_dara_42,10,8,relay,175.0,0.0,active,2,54.245029602382324,180.19815958783795
run_heuristic_dara_42,11,0,ground_a,0.0,0.0,active,1,50.8489642297816,168.91672152318014
run_heuristic_dara_42,11,1,ground_b,200.0,0.0,active,1,50.8489642297816,168.91672152318014
run_heuristic_dara_42,11,2,relay,25.0,0.0,active,2,54.245029602382324,180.19815958783795
run_heuristic_dara_42,11,3,relay,50.0,0.0,active,2,50.8489642297816,168.91672152318014
run_heuristic_dara_42,11,4,relay,75.0,0.0,active,2,50.8489642297816,168.91672152318014
run_heuristic_dara_42,11,5,relay,100.0,0.0,active,2,50.8489642297816,168.91672152318014
run_heuristic_dara_42,11,6,relay,125.0,0.0,active,2,50.8489642297816,168.91672152318014
run_heuristic_dara_42,11,7,relay,150.0,0.0,active,2,50.8489642297816,168.91672152318014
run_heuristic_dara_42,11,8,relay,175.0,0.0,active,2,54.245029602382324,180.19815958783795
run_heuristic_dara_42,12,0,ground_a,0.0,0.0,active,1,50.8489642297816,168.91672152318014
run_heuristic_dara_42,12,1,ground_b,200.0,0.0,active,1,50.8489642297816,168.91672152318014
run_heuristic_dara_42,12,2,relay,25.0,0.0,active,2,54.245029602382324,180.19815958783795
run_heuristic_dara_42,12,3,relay,50.0,0.0,active,2,50.8489642297816,168.91672152318014
run_heuristic_dara_42,12,4,relay,75.0,0.0,active,2,50.8489642297816,168.91672152318014
run_heuristic_dara_42,12,5,relay,100.0,0.0,active,2,50.8489642297816,168.91672152318014
run_heuristic_dara_42,12,6,relay,125.0,0.0,active,2,50.8489642297816,168.91672152318014
run_heuristic_dara_42,12,7,relay,150.0,0.0,active,2,50.8489642297816,168.91672152318014
run_heuristic_dara_42,12,8,relay,175.0,0.0,active,2,54.245029602382324,180.19815958783795
run_heuristic_dara_42,13,0,ground_a,0.0,0.0,active,1,50.8489642297816,168.91672152318014
run_heuristic_dara_42,13,1,ground_b,200.0,0.0,active,1,50.8489642297816,168.91672152318014
run_heuristic_dara_42,13,2,relay,25.0,0.0,active,2,54.245029602382324,180.19815958783795
run_heuristic_dara_42,13,3,relay,50.0,0.0,active,2,50.8489642297816,168.91672152318014
run_heuristic_dara_42,13,4,relay,75.0,0.0,active,2,50.8489642297816,168.91672152318014
run_heuristic_dara_42,13,5,relay,100.0,0.0,active,2,50.8489642297816,168.91672152318014
run_heuristic_dara_42,13,6,relay,125.0,0.0,active,2,50.8489642297816,168.91672152318014
run_heuristic_dara_42,13,7,relay,150.0,0.0,active,2,50.8489642297816,168.91672152318014
run_heuristic_dara_42,13,8,relay,175.0,0.0,active,2,54.245029602382324,180.19815958783795
run_heuristic_dara_42,14,0,ground_a,0.0,0.0,active,1,50.8489642297816,168.91672152318014
run_heuristic_dara_42,14,1,ground_b,200.0,0.0,active,1,50.8489642297816,168.91672152318014
run_heuristic_dara_42,14,2,relay,25.0,0.0,active,2,54.245029602382324,180.19815958783795
run_heuristic_dara_42,14,3,relay,50.0,0.0,active,2,50.8489642297816,168.91672152318014
run_heuristic_dara_42,14,4,relay,75.0,0.0,active,2,50.8489642297816,168.91672152318014
run_heuristic_dara_42,14,5,relay,100.0,0.0,active,2,50.8489642297816,168.91672152318014
run_heuristic_dara_42,14,6,relay,125.0,0.0,active,2,50.8489642297816,168.91672152318014
run_heuristic_dara_42,14,7,relay,150.0,0.0,active,2,50.8489642297816,168.91672152318014
run_heuristic_dara_42,14,8,relay,175.0,0.0,active,2,54.245029602382324,180.19815958783795
run_heuristic_dara_42,15,0,ground_a,0.0,0.0,active,1,50.8489642297816,168.91672152318014
run_heuristic_dara_42,15,1,ground_b,200.0,0.0,active,1,50.8489642297816,168.91672152318014
run_heuristic_dara_42,15,2,relay,25.0,0.0,active,2,54.245029602382324,180.19815958783795
run_heuristic_dara_42,15,3,relay,50.0,0.0,active,2,50.8489642297816,168.91672152318014
run_heuristic_dara_42,15,4,relay,75.0,0.0,active,2,50.8489642297816,168.91672152318014
run_heuristic_dara_42,15,5,relay,100.0,0.0,active,2,50.8489642297816,168.91672152318014
run_heuristic_dara_42,15,6,relay,125.0,0.0,active,2,50.8489642297816,168.91672152318014
run_heuristic_dara_42,15,7,relay,150.0,0.0,active,2,50.8489642297816,168.91672152318014
run_heuristic_dara_42,15,8,relay,175.0,0.0,active,2,54.245029602382324,180.19815958783795
run_heuristic_dara_42,16,0,ground_a,0.0,0.0,active,1,50.8489642297816,168.91672152318014
run_heuristic_dara_42,16,1,ground_b,200.0,0.0,active,1,50.8489642297816,168.91672152318014
run_heuristic_dara_42,16,2,relay,25.0,0.0,active,2,54.245029602382324,180.19815958783795
run_heuristic_dara_42,16,3,relay,50.0,0.0,active,2,50.8489642297816,168.91672152318014
run_heuristic_dara_42,16,4,relay,75.0,0.0,active,2,50.8489642297816,168.91672152318014
run_heuristic_dara_42,16,5,relay,100.0,0.0,active,2,50.8489642297816,168.91672152318014
run_heuristic_dara_42,16,6,relay,125.0,0.0,active,2,50.8489642297816,168.91672152318014
run_heuristic_dara_42,16,7,relay,150.0,0.0,active,2,50.8489642297816,168.91672152318014
run_heuristic_dara_42,16,8,relay,175.0,0.0,active,2,54.245029602382324,180.19815958783795
run_heuristic_dara_42,17,0,ground_a,0.0,0.0,active,1,50.8489642297816,168.91672152318014
run_heuristic_dara_42,17,1,ground_b,200.0,0.0,active,1,50.8489642297816,168.91672152318014
run_heuristic_dara_42,17,2,relay,25.0,0.0,active,2,54.245029602382324,180.19815958783795
run_heuristic_dara_42,17,3,relay,50.0,0.0,active,2,50.8489642297816,168.91672152318014
run_heuristic_dara_42,17,4,relay,75.0,0.0,active,2,50.8489642297816,168.91672152318014
run_heuristic_dara_42,17,5,relay,100.0,0.0,active,2,50.8489642297816,168.91672152318014
run_heuristic_dara_42,17,6,relay,125.0,0.0,active,2,50.8489642297816,168.91672152318014
run_heuristic_dara_42,17,7,relay,150.0,0.0,active,2,50.8489642297816,168.91672152318014
run_heuristic_dara_42,17,8,relay,175.0,0.0,active,2,54.245029602382324,180.19815958783795
run_heuristic_dara_42,18,0,ground_a,0.0,0.0,active,1,50.8489642297816,168.91672152318014
run_heuristic_dara_42,18,1,ground_b,200.0,0.0,active,1,50.8489642297816,168.91672152318014
run_heuristic_dara_42,18,2,relay,25.0,0.0,active,2,54.245029602382324,180.19815958783795
run_heuristic_dara_42,18,3,relay,50.0,0.0,active,2,50.8489642297816,168.91672152318014
run_heuristic_dara_42,18,4,relay,75.0,0.0,active,2,50.8489642297816,168.91672152318014
run_heuristic_dara_42,18,5,relay,100.0,0.0,active,2,50.8489642297816,168.91672152318014
run_heuristic_dara_42,18,6,relay,125.0,0.0,active,2,50.8489642297816,168.91672152318014
run_heuristic_dara_42,18,7,relay,150.0,0.0,active,2,50.8489642297816,168.91672152318014
run_heuristic_dara_42,18,8,relay,175.0,0.0,active,2,54.245029602382324,180.19815958783795
run_heuristic_dara_42,19,0,ground_a,0.0,0.0,active,1,50.8489642297816,168.91672152318014
run_heuristic_dara_42,19,1,ground_b,200.0,0.0,active,1,50.8489642297816,168.91672152318014
run_heuristic_dara_42,19,2,relay,25.0,0.0,active,2,54.245029602382324,180.19815958783795
run_heuristic_dara_42,19,3,relay,50.0,0.0,active,2,50.8489642297816,168.91672152318014
run_heuristic_dara_42,19,4,relay,75.0,0.0,active,2,50.8489642297816,168.91672152318014
run_heuristic_dara_42,19,5,relay,100.0,0.0,active,2,50.8489642297816,168.91672152318014
run_heuristic_dara_42,19,6,relay,125.0,0.0,active,2,50.8489642297816,168.91672152318014
run_heuristic_dara_42,19,7,relay,150.0,0.0,active,2,50.8489642297816,168.91672152318014
run_heuristic_dara_42,19,8,relay,175.0,0.0,active,2,54.245029602382324,180.19815958783795
run_heuristic_dara_42,20,0,ground_a,0.0,0.0,active,1,50.83941423565298,168.88499739057693
run_heuristic_dara_42,20,1,ground_b,200.0,0.0,active,1,50.8489642297816,168.91672152318014
run_heuristic_dara_42,20,2,relay,25.05,0.0,active,1,57.622005101296054,191.41618257417227
run_heuristic_dara_42,20,3,relay,50.0,0.0,failed,0,0.0,0.0
run_heuristic_dara_42,20,4,relay,75.0,0.0,active,1,50.8489642297816,168.91672152318014
run_heuristic_dara_42,20,5,relay,100.0,0.0,active,2,50.8489642297816,168.91672152318014
run_heuristic_dara_42,20,6,relay,125.0,0.0,active,2,50.8489642297816,168.91672152318014
run_heuristic_dara_42,20,7,relay,150.0,0.0,active,2,50.8489642297816,168.91672152318014
run_heuristic_dara_42,20,8,relay,175.0,0.0,active,2,54.245029602382324,180.19815958783795
run_heuristic_dara_42,21,0,ground_a,0.0,0.0,active,1,50.82313366565289,168.83091495430355
run_heuristic_dara_42,21,1,ground_b,200.0,0.0,active,1,50.8489642297816,168.91672152318014
run_heuristic_dara_42,21,2,relay,25.135,0.0,active,1,57.58963959535781,191.30866687728172
run_heuristic_dara_42,21,3,relay,50.0,0.0,failed,0,0.0,0.0
run_heuristic_dara_42,21,4,relay,75.0,0.0,active,1,50.8489642297816,168.91672152318014
run_heuristic_dara_42,21,5,relay,100.0,0.0,active,2,50.8489642297816,168.91672152318014
run_heuristic_dara_42,21,6,relay,125.0,0.0,active,2,50.8489642297816,168.91672152318014
run_heuristic_dara_42,21,7,relay,150.0,0.0,active,2,50.8489642297816,168.91672152318014
run_heuristic_dara_42,21,8,relay,175.0,0.0,active,2,54.245029602382324,180.19815958783795
run_heuristic_dara_42,22,0,ground_a,0.0,0.0,active,1,50.8020755201084,168.76096188915167
run_heuristic_dara_42,22,1,ground_b,200.0,0.0,active,1,50.8489642297816,168.91672152318014
run_heuristic_dara_42,22,2,relay,25.244500000000002,0.0,active,1,57.54810615201714,191.1706960064624
run_heuristic_dara_42,22,3,relay,50.0,0.0,failed,0,0.0,0.0
run_heuristic_dara_42,22,4,relay,75.0,0.0,active,1,50.8489642297816,168.91672152318014
run_heuristic_dara_42,22,5,relay,100.0,0.0,active,2,50.8489642297816,168.91672152318014
run_heuristic_dara_42,22,6,relay,125.0,0.0,active,2,50.8489642297816,168.91672152318014
run_heuristic_dara_42,22,7,relay,150.0,0.0,active,2,50.8489642297816,168.91672152318014
run_heuristic_dara_42,22,8,relay,175.0,0.0,active,2,54.245029602382324,180.19815958783795
run_heuristic_dara_42,23,0,ground_a,0.0,0.0,active,1,50.77759930740143,168.67965434837586
run_heuristic_dara_42,23,1,ground_b,200.0,0.0,active,1,50.8489642297816,168.91672152318014
run_heuristic_dara_42,23,2,relay,25.371150000000004,0.0,active,1,57.500291800513395,191.01186044974924
run_heuristic_dara_42,23,3,relay,50.0,0.0,failed,0,0.0,0.0
run_heuristic_dara_42,23,4,relay,75.0,0.0,active,1,50.8489642297816,168.91672152318014
run_heuristic_dara_42,23,5,relay,100.0,0.0,active,2,50.8489642297816,168.91672152318014
run_heuristic_dara_42,23,6,relay,125.0,0.0,active,2,50.8489642297816,168.91672152318014
run_heuristic_dara_42,23,7,relay,150.0,0.0,active,2,50.8489642297816,168.91672152318014
run_heuristic_dara_42,23,8,relay,175.0,0.0,active,2,54.245029602382324,180.19815958783795
run_heuristic_dara_42,24,0,ground_a,0.0,0.0,active,1,50.75065460893531,168.59014674820102
run_heuristic_dara_42,24,1,ground_b,200.0,0.0,active,1,50.8489642297816,168.91672152318014
run_heuristic_dara_42,24,2,relay,25.509805000000004,0.0,active,1,57.44821811165036,190.83887570915675
run_heuristic_dara_42,24,3,relay,50.0,0.0,failed,0,0.0,0.0
run_heuristic_dara_42,24,4,relay,75.0,0.0,active,1,50.8489642297816,168.91672152318014
run_heuristic_dara_42,24,5,relay,100.0,0.0,active,2,50.8489642297816,168.91672152318014
run_heuristic_dara_42,24,6,relay,125.0,0.0,active,2,50.8489642297816,168.91672152318014
run_heuristic_dara_42,24,7,relay,150.0,0.0,active,2,50.8489642297816,168.91672152318014
run_heuristic_dara_42,24,8,relay,175.0,0.0,active,2,54.245029602382324,180.19815958783795
run_heuristic_dara_42,25,0,ground_a,0.0,0.0,active,1,50.72190618275751,168.49464734966838
run_heuristic_dara_42,25,1,ground_b,200.0,0.0,active,1,50.8489642297816,168.91672152318014
run_heuristic_dara_42,25,2,relay,25.656863500000004,0.0,active,1,57.39329676533123,190.65643127622363
run_heuristic_dara_42,25,3,relay,50.0,0.0,failed,0,0.0,0.0
run_heuristic_dara_42,25,4,relay,75.0,0.0,active,1,50.8489642297816,168.91672152318014
run_heuristic_dara_42,25,5,relay,100.0,0.0,active,2,50.8489642297816,168.91672152318014
run_heuristic_dara_42,25,6,relay,125.0,0.0,active,2,50.8489642297816,168.91672152318014
run_heuristic_dara_42,25,7,relay,150.0,0.0,active,2,50.8489642297816,168.91672152318014
run_heuristic_dara_42,25,8,relay,175.0,0.0,active,2,54.245029602382324,180.19815958783795
run_heuristic_dara_42,26,0,ground_a,0.0,0.0,active,1,50.6918200501635,168.3947042298502
run_heuristic_dara_42,26,1,ground_b,200.0,0.0,active,1,50.8489642297816,168.91672152318014
run_heuristic_dara_42,26,2,relay,25.809804450000005,0.0,active,1,57.33651145578216,190.46779490710512
run_heuristic_dara_42,26,3,relay,50.0,0.0,failed,0,0.0,0.0
run_heuristic_dara_42,26,4,relay,75.0,0.0,active,1,50.8489642297816,168.91672152318014
run_heuristic_dara_42,26,5,relay,100.0,0.0,active,2,50.8489642297816,168.91672152318014
run_heuristic_dara_42,26,6,relay,125.0,0.0,active,2,50.8489642297816,168.91672152318014
run_heuristic_dara_42,26,7,relay,150.0,0.0,active,2,50.8489642297816,168.91672152318014
run_heuristic_dara_42,26,8,relay,175.0,0.0,active,2,54.245029602382324,180.19815958783795
run_heuristic_dara_42,27,0,ground_a,0.0,0.0,active,1,50.66072314740826,168.29140343897484
run_heuristic_dara_42,27,1,ground_b,200.0,0.0,active,1,50.8489642297816,168.91672152318014
run_heuristic_dara_42,27,2,relay,25.966863115000006,0.0,active,1,57.27854641758334,190.2752395761277
run_heuristic_dara_42,27,3,relay,50.0,0.0,failed,0,0.0,0.0
run_heuristic_dara_42,27,4,relay,75.0,0.0,active,1,50.8489642297816,168.91672152318014
run_heuristic_dara_42,27,5,relay,100.0,0.0,active,2,50.8489642297816,168.91672152318014
run_heuristic_dara_42,27,6,relay,125.0,0.0,active,2,50.8489642297816,168.91672152318014
run_heuristic_dara_42,27,7,relay,150.0,0.0,active,2,50.8489642297816,168.91672152318014
run_heuristic_dara_42,27,8,relay,175.0,0.0,active,2,54.245029602382324,180.19815958783795
run_heuristic_dara_42,28,0,ground_a,0.0,0.0,active,1,50.62884486646652,168.18550699475728
run_heuristic_dara_42,28,1,ground_b,200.0,0.0,active,1,50.8489642297816,168.91672152318014
run_heuristic_dara_42,28,2,relay,26.126804180500006,0.0,active,1,57.21987678002651,190.0803436259958
run_heuristic_dara_42,28,3,relay,50.0,0.0,failed,0,0.0,0.0
run_heuristic_dara_42,28,4,relay,75.0,0.0,active,1,50.8489642297816,168.91672152318014
run_heuristic_dara_42,28,5,relay,100.0,0.0,active,2,50.8489642297816,168.91672152318014
run_heuristic_dara_42,28,6,relay,125.0,0.0,active,2,50.8489642297816,168.91672152318014
run_heuristic_dara_42,28,7,relay,150.0,0.0,active,2,50.8489642297816,168.91672152318014
run_heuristic_dara_42,28,8,relay,175.0,0.0,active,2,54.245029602382324,180.19815958783795
run_heuristic_dara_42,29,0,ground_a,0.0,0.0,active,1,50.59634608641002,168.07754932178918
run_heuristic_dara_42,29,1,ground_b,200.0,0.0,active,1,50.8489642297816,168.91672152318014
run_heuristic_dara_42,29,2,relay,26.288762926350007,0.0,active,1,57.16083186716055,189.88420104566205
run_heuristic_dara_42,29,3,relay,50.0,0.0,failed,0,0.0,0.0
run_heuristic_dara_42,29,4,relay,75.0,0.0,active,1,50.8489642297816,168.91672152318014
run_heuristic_dara_42,29,5,relay,100.0,0.0,active,2,50.8489642297816,168.91672152318014
run_heuristic_dara_42,29,6,relay,125.0,0.0,active,2,50.8489642297816,168.91672152318014
run_heuristic_dara_42,29,7,relay,150.0,0.0,active,2,50.8489642297816,168.91672152318014
run_heuristic_dara_42,29,8,relay,175.0,0.0,active,2,54.245029602382324,180.19815958783795
run_heuristic_dara_42,30,0,ground_a,0.0,0.0,active,1,50.563339513621074,167.96790481973426
run_heuristic_dara_42,30,1,ground_b,200.0,0.0,active,1,50.8489642297816,168.91672152318014
run_heuristic_dara_42,30,2,relay,26.452134048445007,0.0,active,1,57.101639438807354,189.6875684355693
run_heuristic_dara_42,30,3,relay,50.0,0.0,failed,0,0.0,0.0
run_heuristic_dara_42,30,4,relay,75.0,0.0,active,1,50.8489642297816,168.91672152318014
run_heuristic_dara_42,30,5,relay,100.0,0.0,active,2,50.8489642297816,168.91672152318014
run_heuristic_dara_42,30,6,relay,125.0,0.0,active,2,50.8489642297816,168.91672152318014
run_heuristic_dara_42,30,7,relay,150.0,0.0,active,2,50.8489642297816,168.91672152318014
run_heuristic_dara_42,30,8,relay,175.0,0.0,active,2,54.245029602382324,180.19815958783795
run_heuristic_dara_42,31,0,ground_a,0.0,0.0,active,1,50.52990395822762,167.85683528824535
run_heuristic_dara_42,31,1,ground_b,200.0,0.0,active,1,50.8489642297816,168.91672152318014
run_heuristic_dara_42,31,2,relay,26.616493833911505,0.0,active,1,57.042456560447164,189.49096755502765
run_heuristic_dara_42,31,3,relay,50.0,0.0,failed,0,0.0,0.0
run_heuristic_dara_42,31,4,relay,75.0,0.0,active,1,50.8489642297816,168.91672152318014
run_heuristic_dara_42,31,5,relay,100.0,0.0,active,2,50.8489642297816,168.91672152318014
run_heuristic_dara_42,31,6,relay,125.0,0.0,active,2,50.8489642297816,168.91672152318014
run_heuristic_dara_42,31,7,relay,150.0,0.0,active,2,50.8489642297816,168.91672152318014
run_heuristic_dara_42,31,8,relay,175.0,0.0,active,2,54.245029602382324,180.19815958783795
run_heuristic_dara_42,32,0,ground_a,0.0,0.0,active,1,50.4960943672114,167.74452325596485
run_heuristic_dara_42,32,1,ground_b,200.0,0.0,active,1,50.8489642297816,168.91672152318014
run_heuristic_dara_42,32,2,relay,26.781545683738056,0.0,active,1,56.983391118949015,189.2947567958097
run_heuristic_dara_42,32,3,relay,50.0,0.0,failed,0,0.0,0.0
run_heuristic_dara_42,32,4,relay,75.0,0.0,active,1,50.8489642297816,168.91672152318014
run_heuristic_dara_42,32,5,relay,100.0,0.0,active,2,50.8489642297816,168.91672152318014
run_heuristic_dara_42,32,6,relay,125.0,0.0,active,2,50.8489642297816,168.91672152318014
run_heuristic_dara_42,32,7,relay,150.0,0.0,active,2,50.8489642297816,168.91672152318014
run_heuristic_dara_42,32,8,relay,175.0,0.0,active,2,54.245029602382324,180.19815958783795
run_heuristic_dara_42,33,0,ground_a,0.0,0.0,active,1,50.46194888181287,167.6310954245302
run_heuristic_dara_42,33,1,ground_b,200.0,0.0,active,1,50.8489642297816,168.91672152318014
run_heuristic_dara_42,33,2,relay,26.94708197861664,0.0,active,1,56.924516807040646,189.0991809594016
run_heuristic_dara_42,33,3,relay,50.0,0.0,failed,0,0.0,0.0
run_heuristic_dara_42,33,4,relay,75.0,0.0,active,1,50.8489642297816,168.91672152318014
run_heuristic_dara_42,33,5,relay,100.0,0.0,active,2,50.8489642297816,168.91672152318014
run_heuristic_dara_42,33,6,relay,125.0,0.0,active,2,50.8489642297816,168.91672152318014
run_heuristic_dara_42,33,7,relay,150.0,0.0,active,2,50.8489642297816,168.91672152318014
run_heuristic_dara_42,33,8,relay,175.0,0.0,active,2,54.245029602382324,180.19815958783795
run_heuristic_dara_42,34,0,ground_a,0.0,0.0,active,1,50.42749380504557,167.51663917016768
run_heuristic_dara_42,34,1,ground_b,200.0,0.0,active,1,50.8489642297816,168.91672152318014
run_heuristic_dara_42,34,2,relay,27.11295738503165,0.0,active,1,56.86588355358592,188.90440590557807
run_heuristic_dara_42,34,3,relay,50.0,0.0,failed,0,0.0,0.0
run_heuristic_dara_42,34,4,relay,75.0,0.0,active,1,50.8489642297816,168.91672152318014
run_heuristic_dara_42,34,5,relay,100.0,0.0,active,2,50.8489642297816,168.91672152318014
run_heuristic_dara_42,34,6,relay,125.0,0.0,active,2,50.8489642297816,168.91672152318014
run_heuristic_dara_42,34,7,relay,150.0,0.0,active,2,50.8489642297816,168.91672152318014
run_heuristic_dara_42,34,8,relay,175.0,0.0,active,2,54.245029602382324,180.19815958783795
run_heuristic_dara_42,35,0,ground_a,0.0,0.0,active,1,50.39274709988749,167.40121416433936
run_heuristic_dara_42,35,1,ground_b,200.0,0.0,active,1,50.8489642297816,168.91672152318014
run_heuristic_dara_42,35,2,relay,27.279070169522157,0.0,active,1,56.80752478114874,188.71054266146788
run_heuristic_dara_42,35,3,relay,50.0,0.0,failed,0,0.0,0.0
run_heuristic_dara_42,35,4,relay,75.0,0.0,active,1,50.8489642297816,168.91672152318014
run_heuristic_dara_42,35,5,relay,100.0,0.0,active,2,50.8489642297816,168.91672152318014
run_heuristic_dara_42,35,6,relay,125.0,0.0,active,2,50.8489642297816,168.91672152318014
run_heuristic_dara_42,35,7,relay,150.0,0.0,active,2,50.8489642297816,168.91672152318014
run_heuristic_dara_42,35,8,relay,175.0,0.0,active,2,54.245029602382324,180.19815958783795
run_heuristic_dara_42,36,0,ground_a,0.0,0.0,active,1,50.357720853675644,167.2848605602188
run_heuristic_dara_42,36,1,ground_b,200.0,0.0,active,1,50.8489642297816,168.91672152318014
run_heuristic_dara_42,36,2,relay,27.44534911866551,0.0,active,1,56.74946245462634,188.51766419272238
run_heuristic_dara_42,36,3,relay,50.0,0.0,failed,0,0.0,0.0
run_heuristic_dara_42,36,4,relay,75.0,0.0,active,1,50.8489642297816,168.91672152318014
run_heuristic_dara_42,36,5,relay,100.0,0.0,active,2,50.8489642297816,168.91672152318014
run_heuristic_dara_42,36,6,relay,125.0,0.0,active,2,50.8489642297816,168.91672152318014
run_heuristic_dara_42,36,7,relay,150.0,0.0,active,2,50.8489642297816,168.91672152318014
run_heuristic_dara_42,36,8,relay,175.0,0.0,active,2,54.245029602382324,180.19815958783795
run_heuristic_dara_42,37,0,ground_a,0.0,0.0,active,1,50.32242301474986,167.16760476164967
run_heuristic_dara_42,37,1,ground_b,200.0,0.0,active,1,50.8489642297816,168.91672152318014
run_heuristic_dara_42,37,2,relay,27.611744383065858,0.0,active,1,56.69171059260509,188.32581706796717
run_heuristic_dara_42,37,3,relay,50.0,0.0,failed,0,0.0,0.0
run_heuristic_dara_42,37,4,relay,75.0,0.0,active,1,50.8489642297816,168.91672152318014
run_heuristic_dara_42,37,5,relay,100.0,0.0,active,2,50.8489642297816,168.91672152318014
run_heuristic_dara_42,37,6,relay,125.0,0.0,active,2,50.8489642297816,168.91672152318014
run_heuristic_dara_42,37,7,relay,150.0,0.0,active,2,50.8489642297816,168.91672152318014
run_heuristic_dara_42,37,8,relay,175.0,0.0,active,2,54.245029602382324,180.19815958783795
run_heuristic_dara_42,38,0,ground_a,0.0,0.0,active,1,50.28685861659794,167.0494634896351
run_heuristic_dara_42,38,1,ground_b,200.0,0.0,active,1,50.8489642297816,168.91672152318014
run_heuristic_dara_42,38,2,relay,27.778221068146102,0.0,active,1,56.63427770916462,188.1350295702858
run_heuristic_dara_42,38,3,relay,50.0,0.0,failed,0,0.0,0.0
run_heuristic_dara_42,38,4,relay,75.0,0.0,active,1,50.8489642297816,168.91672152318014
run_heuristic_dara_42,38,5,relay,100.0,0.0,active,2,50.8489642297816,168.91672152318014
run_heuristic_dara_42,38,6,relay,125.0,0.0,active,2,50.8489642297816,168.91672152318014
run_heuristic_dara_42,38,7,relay,150.0,0.0,active,2,50.8489642297816,168.91672152318014
run_heuristic_dara_42,38,8,relay,175.0,0.0,active,2,54.245029602382324,180.19815958783795
run_heuristic_dara_42,39,0,ground_a,0.0,0.0,active,1,50.251030640993335,166.9304466495952
run_heuristic_dara_42,39,1,ground_b,200.0,0.0,active,1,50.8489642297816,168.91672152318014
run_heuristic_dara_42,39,2,relay,27.944754747702273,0.0,active,1,56.577168511683425,187.9453173371981
run_heuristic_dara_42,39,3,relay,50.0,0.0,failed,0,0.0,0.0
run_heuristic_dara_42,39,4,relay,75.0,0.0,active,1,50.8489642297816,168.91672152318014
run_heuristic_dara_42,39,5,relay,100.0,0.0,active,2,50.8489642297816,168.91672152318014
run_heuristic_dara_42,39,6,relay,125.0,0.0,active,2,50.8489642297816,168.91672152318014
run_heuristic_dara_42,39,7,relay,150.0,0.0,active,2,50.8489642297816,168.91672152318014
run_heuristic_dara_42,39,8,relay,175.0,0.0,active,2,54.245029602382324,180.19815958783795
run_heuristic_dara_42,40,0,ground_a,0.0,0.0,active,0,0.0,0.0
run_heuristic_dara_42,40,1,ground_b,200.0,0.0,active,1,50.8489642297816,168.91672152318014
run_heuristic_dara_42,40,2,relay,28.111328323391593,0.0,active,0,0.0,0.0
run_heuristic_dara_42,40,3,relay,50.0,0.0,failed,0,0.0,0.0
run_heuristic_dara_42,40,4,relay,75.0,0.0,active,1,50.8489642297816,168.91672152318014
run_heuristic_dara_42,40,5,relay,100.0,0.0,active,2,50.8489642297816,168.91672152318014
run_heuristic_dara_42,40,6,relay,125.0,0.0,active,2,50.8489642297816,168.91672152318014
run_heuristic_dara_42,40,7,relay,150.0,0.0,active,2,50.8489642297816,168.91672152318014
run_heuristic_dara_42,40,8,relay,175.0,0.0,active,2,54.245029602382324,180.19815958783795
run_heuristic_dara_42,41,0,ground_a,0.0,0.0,active,0,0.0,0.0
run_heuristic_dara_42,41,1,ground_b,200.0,0.0,active,1,50.8489642297816,168.91672152318014
run_heuristic_dara_42,41,2,relay,28.277929826374116,0.0,active,0,0.0,0.0
run_heuristic_dara_42,41,3,relay,50.0,0.0,failed,0,0.0,0.0
run_heuristic_dara_42,41,4,relay,75.0,0.0,active,1,50.8489642297816,168.91672152318014
run_heuristic_dara_42,41,5,relay,100.0,0.0,active,2,50.8489642297816,168.91672152318014
run_heuristic_dara_42,41,6,relay,125.0,0.0,active,2,50.8489642297816,168.91672152318014
run_heuristic_dara_42,41,7,relay,150.0,0.0,active,2,50.8489642297816,168.91672152318014
run_heuristic_dara_42,41,8,relay,175.0,0.0,active,2,54.245029602382324,180.19815958783795
run_heuristic_dara_42,42,0,ground_a,0.0,0.0,active,0,0.0,0.0
run_heuristic_dara_42,42,1,ground_b,200.0,0.0,active,1,50.8489642297816,168.91672152318014
run_heuristic_dara_42,42,2,relay,28.444550878461882,0.0,active,0,0.0,0.0
run_heuristic_dara_42,42,3,relay,50.0,0.0,failed,0,0.0,0.0
run_heuristic_dara_42,42,4,relay,75.0,0.0,active,1,50.8489642297816,168.91672152318014
run_heuristic_dara_42,42,5,relay,100.0,0.0,active,2,50.8489642297816,168.91672152318014
run_heuristic_dara_42,42,6,relay,125.0,0.0,active,2,50.8489642297816,168.91672152318014
run_heuristic_dara_42,42,7,relay,150.0,0.0,active,2,50.8489642297816,168.91672152318014
run_heuristic_dara_42,42,8,relay,175.0,0.0,active,2,54.245029602382324,180.19815958783795
run_heuristic_dara_42,43,0,ground_a,0.0,0.0,active,0,0.0,0.0
run_heuristic_dara_42,43,1,ground_b,200.0,0.0,active,1,50.8489642297816,168.91672152318014
run_heuristic_dara_42,43,2,relay,28.61118561492332,0.0,active,0,0.0,0.0
run_heuristic_dara_42,43,3,relay,50.0,0.0,failed,0,0.0,0.0
run_heuristic_dara_42,43,4,relay,75.0,0.0,active,1,50.8489642297816,168.91672152318014
run_heuristic_dara_42,43,5,relay,100.0,0.0,active,2,50.8489642297816,168.91672152318014
run_heuristic_dara_42,43,6,relay,125.0,0.0,active,2,50.8489642297816,168.91672152318014
run_heuristic_dara_42,43,7,relay,150.0,0.0,active,2,50.8489642297816,168.91672152318014
run_heuristic_dara_42,43,8,relay,175.0,0.0,active,2,54.245029602382324,180.19815958783795
run_heuristic_dara_42,44,0,ground_a,0.0,0.0,active,0,0.0,0.0
run_heuristic_dara_42,44,1,ground_b,200.0,0.0,active,1,50.8489642297816,168.91672152318014
run_heuristic_dara_42,44,2,relay,28.777829930446323,0.0,active,0,0.0,0.0
run_heuristic_dara_42,44,3,relay,50.0,0.0,failed,0,0.0,0.0
run_heuristic_dara_42,44,4,relay,75.0,0.0,active,1,50.8489642297816,168.91672152318014
run_heuristic_dara_42,44,5,relay,100.0,0.0,active,2,50.8489642297816,168.91672152318014
run_heuristic_dara_42,44,6,relay,125.0,0.0,active,2,50.8489642297816,168.91672152318014
run_heuristic_dara_42,44,7,relay,150.0,0.0,active,2,50.8489642297816,168.91672152318014
run_heuristic_dara_42,44,8,relay,175.0,0.0,active,2,54.245029602382324,180.19815958783795
run_heuristic_dara_42,45,0,ground_a,0.0,0.0,active,0,0.0,0.0
run_heuristic_dara_42,45,1,ground_b,200.0,0.0,active,1,50.8489642297816,168.91672152318014
run_heuristic_dara_42,45,2,relay,28.94448095131243,0.0,active,0,0.0,0.0
run_heuristic_dara_42,45,3,relay,50.0,0.0,failed,0,0.0,0.0
run_heuristic_dara_42,45,4,relay,75.0,0.0,active,1,50.8489642297816,168.91672152318014
run_heuristic_dara_42,45,5,relay,100.0,0.0,active,2,50.8489642297816,168.91672152318014
run_heuristic_dara_42,45,6,relay,125.0,0.0,active,2,50.8489642297816,168.91672152318014
run_heuristic_dara_42,45,7,relay,150.0,0.0,active,2,50.8489642297816,168.91672152318014
run_heuristic_dara_42,45,8,relay,175.0,0.0,active,2,54.245029602382324,180.19815958783795
run_heuristic_dara_42,46,0,ground_a,0.0,0.0,active,0,0.0,0.0
run_heuristic_dara_42,46,1,ground_b,200.0,0.0,active,1,50.8489642297816,168.91672152318014
run_heuristic_dara_42,46,2,relay,29.1111366659187,0.0,active,0,0.0,0.0
run_heuristic_dara_42,46,3,relay,50.0,0.0,failed,0,0.0,0.0
run_heuristic_dara_42,46,4,relay,75.0,0.0,active,1,50.8489642297816,168.91672152318014
run_heuristic_dara_42,46,5,relay,100.0,0.0,active,2,50.8489642297816,168.91672152318014
run_heuristic_dara_42,46,6,relay,125.0,0.0,active,2,50.8489642297816,168.91672152318014
run_heuristic_dara_42,46,7,relay,150.0,0.0,active,2,50.8489642297816,168.91672152318014
run_heuristic_dara_42,46,8,relay,175.0,0.0,active,2,54.245029602382324,180.19815958783795
run_heuristic_dara_42,47,0,ground_a,0.0,0.0,active,0,0.0,0.0
run_heuristic_dara_42,47,1,ground_b,200.0,0.0,active,1,50.8489642297816,168.91672152318014
run_heuristic_dara_42,47,2,relay,29.277795666143092,0.0,active,0,0.0,0.0
run_heuristic_dara_42,47,3,relay,50.0,0.0,failed,0,0.0,0.0
run_heuristic_dara_42,47,4,relay,75.0,0.0,active,1,50.8489642297816,168.91672152318014
run_heuristic_dara_42,47,5,relay,100.0,0.0,active,2,50.8489642297816,168.91672152318014
run_heuristic_dara_42,47,6,relay,125.0,0.0,active,2,50.8489642297816,168.91672152318014
run_heuristic_dara_42,47,7,relay,150.0,0.0,active,2,50.8489642297816,168.91672152318014
run_heuristic_dara_42,47,8,relay,175.0,0.0,active,2,54.245029602382324,180.19815958783795
run_heuristic_dara_42,48,0,ground_a,0.0,0.0,active,0,0.0,0.0
run_heuristic_dara_42,48,1,ground_b,200.0,0.0,active,1,50.8489642297816,168.91672152318014
run_heuristic_dara_42,48,2,relay,29.444456966300166,0.0,active,0,0.0,0.0
run_heuristic_dara_42,48,3,relay,50.0,0.0,failed,0,0.0,0.0
run_heuristic_dara_42,48,4,relay,75.0,0.0,active,1,50.8489642297816,168.91672152318014
run_heuristic_dara_42,48,5,relay,100.0,0.0,active,2,50.8489642297816,168.91672152318014
run_heuristic_dara_42,48,6,relay,125.0,0.0,active,2,50.8489642297816,168.91672152318014
run_heuristic_dara_42,48,7,relay,150.0,0.0,active,2,50.8489642297816,168.91672152318014
run_heuristic_dara_42,48,8,relay,175.0,0.0,active,2,54.245029602382324,180.19815958783795
run_heuristic_dara_42,49,0,ground_a,0.0,0.0,active,0,0.0,0.0
run_heuristic_dara_42,49,1,ground_b,200.0,0.0,active,1,50.8489642297816,168.91672152318014
run_heuristic_dara_42,49,2,relay,29.611119876410118,0.0,active,0,0.0,0.0
run_heuristic_dara_42,49,3,relay,50.0,0.0,failed,0,0.0,0.0
run_heuristic_dara_42,49,4,relay,75.0,0.0,active,1,50.8489642297816,168.91672152318014
run_heuristic_dara_42,49,5,relay,100.0,0.0,active,2,50.8489642297816,168.91672152318014
run_heuristic_dara_42,49,6,relay,125.0,0.0,active,2,50.8489642297816,168.91672152318014
run_heuristic_dara_42,49,7,relay,150.0,0.0,active,2,50.8489642297816,168.91672152318014
run_heuristic_dara_42,49,8,relay,175.0,0.0,active,2,54.245029602382324,180.19815958783795
run_heuristic_dara_42,50,0,ground_a,0.0,0.0,active,0,0.0,0.0
run_heuristic_dara_42,50,1,ground_b,200.0,0.0,active,1,50.8489642297816,168.91672152318014
run_heuristic_dara_42,50,2,relay,29.777783913487085,0.0,active,0,0.0,0.0
run_heuristic_dara_42,50,3,relay,50.0,0.0,failed,0,0.0,0.0
run_heuristic_dara_42,50,4,relay,75.0,0.0,active,1,50.8489642297816,168.91672152318014
run_heuristic_dara_42,50,5,relay,100.0,0.0,active,2,50.8489642297816,168.91672152318014
run_heuristic_dara_42,50,6,relay,125.0,0.0,active,2,50.8489642297816,168.91672152318014
run_heuristic_dara_42,50,7,relay,150.0,0.0,active,2,50.8489642297816,168.91672152318014
run_heuristic_dara_42,50,8,relay,175.0,0.0,active,2,54.245029602382324,180.19815958783795
run_heuristic_dara_42,51,0,ground_a,0.0,0.0,active,0,0.0,0.0
run_heuristic_dara_42,51,1,ground_b,200.0,0.0,active,1,50.8489642297816,168.91672152318014
run_heuristic_dara_42,51,2,relay,29.94444873944096,0.0,active,0,0.0,0.0
run_heuristic_dara_42,51,3,relay,50.0,0.0,failed,0,0.0,0.0
run_heuristic_dara_42,51,4,relay,75.0,0.0,active,1,50.8489642297816,168.91672152318014
run_heuristic_dara_42,51,5,relay,100.0,0.0,active,2,50.8489642297816,168.91672152318014
run_heuristic_dara_42,51,6,relay,125.0,0.0,active,2,50.8489642297816,168.91672152318014
run_heuristic_dara_42,51,7,relay,150.0,0.0,active,2,50.8489642297816,168.91672152318014
run_heuristic_dara_42,51,8,relay,175.0,0.0,active,2,54.245029602382324,180.19815958783795
run_heuristic_dara_42,52,0,ground_a,0.0,0.0,active,0,0.0,0.0
run_heuristic_dara_42,52,1,ground_b,200.0,0.0,active,1,50.8489642297816,168.91672152318014
run_heuristic_dara_42,52,2,relay,30.111114117608675,0.0,active,0,0.0,0.0
run_heuristic_dara_42,52,3,relay,50.0,0.0,failed,0,0.0,0.0
run_heuristic_dara_42,52,4,relay,75.0,0.0,active,1,50.8489642297816,168.91672152318014
run_heuristic_dara_42,52,5,relay,100.0,0.0,active,2,50.8489642297816,168.91672152318014
run_heuristic_dara_42,52,6,relay,125.0,0.0,active,2,50.8489642297816,168.91672152318014
run_heuristic_dara_42,52,7,relay,150.0,0.0,active,2,50.8489642297816,168.91672152318014
run_heuristic_dara_42,52,8,relay,175.0,0.0,active,2,54.245029602382324,180.19815958783795
run_heuristic_dara_42,53,0,ground_a,0.0,0.0,active,0,0.0,0.0
run_heuristic_dara_42,53,1,ground_b,200.0,0.0,active,1,50.8489642297816,168.91672152318014
run_heuristic_dara_42,53,2,relay,30.277779882326076,0.0,active,0,0.0,0.0
run_heuristic_dara_42,53,3,relay,50.0,0.0,failed,0,0.0,0.0
run_heuristic_dara_42,53,4,relay,75.0,0.0,active,1,50.8489642297816,168.91672152318014
run_heuristic_dara_42,53,5,relay,100.0,0.0,active,2,50.8489642297816,168.91672152318014
run_heuristic_dara_42,53,6,relay,125.0,0.0,active,2,50.8489642297816,168.91672152318014
run_heuristic_dara_42,53,7,relay,150.0,0.0,active,2,50.8489642297816,168.91672152318014
run_heuristic_dara_42,53,8,relay,175.0,0.0,active,2,54.245029602382324,180.19815958783795
run_heuristic_dara_42,54,0,ground_a,0.0,0.0,active,0,0.0,0.0
run_heuristic_dara_42,54,1,ground_b,200.0,0.0,active,1,50.8489642297816,168.91672152318014
run_heuristic_dara_42,54,2,relay,30.444445917628254,0.0,active,0,0.0,0.0
run_heuristic_dara_42,54,3,relay,50.0,0.0,failed,0,0.0,0.0
run_heuristic_dara_42,54,4,relay,75.0,0.0,active,1,50.8489642297816,168.91672152318014
run_heuristic_dara_42,54,5,relay,100.0,0.0,active,2,50.8489642297816,168.91672152318014
run_heuristic_dara_42,54,6,relay,125.0,0.0,active,2,50.8489642297816,168.91672152318014
run_heuristic_dara_42,54,7,relay,150.0,0.0,active,2,50.8489642297816,168.91672152318014
run_heuristic_dara_42,54,8,relay,175.0,0.0,active,2,54.245029602382324,180.19815958783795
run_heuristic_dara_42,55,0,ground_a,0.0,0.0,active,0,0.0,0.0
run_heuristic_dara_42,55,1,ground_b,200.0,0.0,active,1,50.8489642297816,168.91672152318014
run_heuristic_dara_42,55,2,relay,30.61111214233978,0.0,active,0,0.0,0.0
run_heuristic_dara_42,55,3,relay,50.0,0.0,failed,0,0.0,0.0
run_heuristic_dara_42,55,4,relay,75.0,0.0,active,1,50.8489642297816,168.91672152318014
run_heuristic_dara_42,55,5,relay,100.0,0.0,active,2,50.8489642297816,168.91672152318014
run_heuristic_dara_42,55,6,relay,125.0,0.0,active,2,50.8489642297816,168.91672152318014
run_heuristic_dara_42,55,7,relay,150.0,0.0,active,2,50.8489642297816,168.91672152318014
run_heuristic_dara_42,55,8,relay,175.0,0.0,active,2,54.245029602382324,180.19815958783795
run_heuristic_dara_42,56,0,ground_a,0.0,0.0,active,0,0.0,0.0
run_heuristic_dara_42,56,1,ground_b,200.0,0.0,active,1,50.8489642297816,168.91672152318014
run_heuristic_dara_42,56,2,relay,30.77777849963785,0.0,active,0,0.0,0.0
run_heuristic_dara_42,56,3,relay,50.0,0.0,failed,0,0.0,0.0
run_heuristic_dara_42,56,4,relay,75.0,0.0,active,1,50.8489642297816,168.91672152318014
run_heuristic_dara_42,56,5,relay,100.0,0.0,active,2,50.8489642297816,168.91672152318014
run_heuristic_dara_42,56,6,relay,125.0,0.0,active,2,50.8489642297816,168.91672152318014
run_heuristic_dara_42,56,7,relay,150.0,0.0,active,2,50.8489642297816,168.91672152318014
run_heuristic_dara_42,56,8,relay,175.0,0.0,active,2,54.245029602382324,180.19815958783795
run_heuristic_dara_42,57,0,ground_a,0.0,0.0,active,0,0.0,0.0
run_heuristic_dara_42,57,1,ground_b,200.0,0.0,active,1,50.8489642297816,168.91672152318014
run_heuristic_dara_42,57,2,relay,30.944444949746497,0.0,active,0,0.0,0.0
run_heuristic_dara_42,57,3,relay,50.0,0.0,failed,0,0.0,0.0
run_heuristic_dara_42,57,4,relay,75.0,0.0,active,1,50.8489642297816,168.91672152318014
run_heuristic_dara_42,57,5,relay,100.0,0.0,active,2,50.8489642297816,168.91672152318014
run_heuristic_dara_42,57,6,relay,125.0,0.0,active,2,50.8489642297816,168.91672152318014
run_heuristic_dara_42,57,7,relay,150.0,0.0,active,2,50.8489642297816,168.91672152318014
run_heuristic_dara_42,57,8,relay,175.0,0.0,active,2,54.245029602382324,180.19815958783795
run_heuristic_dara_42,58,0,ground_a,0.0,0.0,active,0,0.0,0.0
run_heuristic_dara_42,58,1,ground_b,200.0,0.0,active,1,50.8489642297816,168.91672152318014
run_heuristic_dara_42,58,2,relay,31.11111146482255,0.0,active,0,0.0,0.0
run_heuristic_dara_42,58,3,relay,50.0,0.0,failed,0,0.0,0.0
run_heuristic_dara_42,58,4,relay,75.0,0.0,active,1,50.8489642297816,168.91672152318014
run_heuristic_dara_42,58,5,relay,100.0,0.0,active,2,50.8489642297816,168.91672152318014
run_heuristic_dara_42,58,6,relay,125.0,0.0,active,2,50.8489642297816,168.91672152318014
run_heuristic_dara_42,58,7,relay,150.0,0.0,active,2,50.8489642297816,168.91672152318014
run_heuristic_dara_42,58,8,relay,175.0,0.0,active,2,54.245029602382324,180.19815958783795
run_heuristic_dara_42,59,0,ground_a,0.0,0.0,active,0,0.0,0.0
run_heuristic_dara_42,59,1,ground_b,200.0,0.0,active,1,50.8489642297816,168.91672152318014
run_heuristic_dara_42,59,2,relay,31.277778025375788,0.0,active,0,0.0,0.0
run_heuristic_dara_42,59,3,relay,50.0,0.0,failed,0,0.0,0.0
run_heuristic_dara_42,59,4,relay,75.0,0.0,active,1,50.8489642297816,168.91672152318014
run_heuristic_dara_42,59,5,relay,100.0,0.0,active,2,50.8489642297816,168.91672152318014
run_heuristic_dara_42,59,6,relay,125.0,0.0,active,2,50.8489642297816,168.91672152318014
run_heuristic_dara_42,59,7,relay,150.0,0.0,active,2,50.8489642297816,168.91672152318014
run_heuristic_dara_42,59,8,relay,175.0,0.0,active,2,54.245029602382324,180.19815958783795
run_heuristic_dara_42,60,0,ground_a,0.0,0.0,active,0,0.0,0.0
run_heuristic_dara_42,60,1,ground_b,200.0,0.0,active,1,50.8489642297816,168.91672152318014
run_heuristic_dara_42,60,2,relay,31.444444617763054,0.0,active,0,0.0,0.0
run_heuristic_dara_42,60,3,relay,50.0,0.0,failed,0,0.0,0.0
run_heuristic_dara_42,60,4,relay,75.0,0.0,active,1,50.8489642297816,168.91672152318014
run_heuristic_dara_42,60,5,relay,100.0,0.0,active,2,50.8489642297816,168.91672152318014
run_heuristic_dara_42,60,6,relay,125.0,0.0,active,2,50.8489642297816,168.91672152318014
run_heuristic_dara_42,60,7,relay,150.0,0.0,active,2,50.8489642297816,168.91672152318014
run_heuristic_dara_42,60,8,relay,175.0,0.0,active,2,54.245029602382324,180.19815958783795
run_heuristic_dara_42,61,0,ground_a,0.0,0.0,active,0,0.0,0.0
run_heuristic_dara_42,61,1,ground_b,200.0,0.0,active,1,50.8489642297816,168.91672152318014
run_heuristic_dara_42,61,2,relay,31.61111123243414,0.0,active,0,0.0,0.0
run_heuristic_dara_42,61,3,relay,50.0,0.0,failed,0,0.0,0.0
run_heuristic_dara_42,61,4,relay,75.0,0.0,active,1,50.8489642297816,168.91672152318014
run_heuristic_dara_42,61,5,relay,100.0,0.0,active,2,50.8489642297816,168.91672152318014
run_heuristic_dara_42,61,6,relay,125.0,0.0,active,2,50.8489642297816,168.91672152318014
run_heuristic_dara_42,61,7,relay,150.0,0.0,active,2,50.8489642297816,168.91672152318014
run_heuristic_dara_42,61,8,relay,175.0,0.0,active,2,54.245029602382324,180.19815958783795
run_heuristic_dara_42,62,0,ground_a,0.0,0.0,active,0,0.0,0.0
run_heuristic_dara_42,62,1,ground_b,200.0,0.0,active,1,50.8489642297816,168.91672152318014
run_heuristic_dara_42,62,2,relay,31.7777778627039,0.0,active,0,0.0,0.0
run_heuristic_dara_42,62,3,relay,50.0,0.0,failed,0,0.0,0.0
run_heuristic_dara_42,62,4,relay,75.0,0.0,active,1,50.8489642297816,168.91672152318014
run_heuristic_dara_42,62,5,relay,100.0,0.0,active,2,50.8489642297816,168.91672152318014
run_heuristic_dara_42,62,6,relay,125.0,0.0,active,2,50.8489642297816,168.91672152318014
run_heuristic_dara_42,62,7,relay,150.0,0.0,active,2,50.8489642297816,168.91672152318014
run_heuristic_dara_42,62,8,relay,175.0,0.0,active,2,54.245029602382324,180.19815958783795
run_heuristic_dara_42,63,0,ground_a,0.0,0.0,active,0,0.0,0.0
run_heuristic_dara_42,63,1,ground_b,200.0,0.0,active,1,50.8489642297816,168.91672152318014
run_heuristic_dara_42,63,2,relay,31.944444503892733,0.0,active,0,0.0,0.0
run_heuristic_dara_42,63,3,relay,50.0,0.0,failed,0,0.0,0.0
run_heuristic_dara_42,63,4,relay,75.0,0.0,active,1,50.8489642297816,168.91672152318014
run_heuristic_dara_42,63,5,relay,100.0,0.0,active,2,50.8489642297816,168.91672152318014
run_heuristic_dara_42,63,6,relay,125.0,0.0,active,2,50.8489642297816,168.91672152318014
run_heuristic_dara_42,63,7,relay,150.0,0.0,active,2,50.8489642297816,168.91672152318014
run_heuristic_dara_42,63,8,relay,175.0,0.0,active,2,54.245029602382324,180.19815958783795
run_heuristic_dara_42,64,0,ground_a,0.0,0.0,active,0,0.0,0.0
run_heuristic_dara_42,64,1,ground_b,200.0,0.0,active,1,50.8489642297816,168.91672152318014
run_heuristic_dara_42,64,2,relay,32.11111115272492,0.0,active,0,0.0,0.0
run_heuristic_dara_42,64,3,relay,50.0,0.0,failed,0,0.0,0.0
run_heuristic_dara_42,64,4,relay,75.0,0.0,active,1,50.8489642297816,168.91672152318014
run_heuristic_dara_42,64,5,relay,100.0,0.0,active,2,50.8489642297816,168.91672152318014
run_heuristic_dara_42,64,6,relay,125.0,0.0,active,2,50.8489642297816,168.91672152318014
run_heuristic_dara_42,64,7,relay,150.0,0.0,active,2,50.8489642297816,168.91672152318014
run_heuristic_dara_42,64,8,relay,175.0,0.0,active,2,54.245029602382324,180.19815958783795
run_heuristic_dara_42,65,0,ground_a,0.0,0.0,active,0,0.0,0.0
run_heuristic_dara_42,65,1,ground_b,200.0,0.0,active,1,50.8489642297816,168.91672152318014
run_heuristic_dara_42,65,2,relay,32.277777806907444,0.0,active,0,0.0,0.0
run_heuristic_dara_42,65,3,relay,50.0,0.0,failed,0,0.0,0.0
run_heuristic_dara_42,65,4,relay,75.0,0.0,active,1,50.8489642297816,168.91672152318014
run_heuristic_dara_42,65,5,relay,100.0,0.0,active,2,50.8489642297816,168.91672152318014
run_heuristic_dara_42,65,6,relay,125.0,0.0,active,2,50.8489642297816,168.91672152318014
run_heuristic_dara_42,65,7,relay,150.0,0.0,active,2,50.8489642297816,168.91672152318014
run_heuristic_dara_42,65,8,relay,175.0,0.0,active,2,54.245029602382324,180.19815958783795
run_heuristic_dara_42,66,0,ground_a,0.0,0.0,active,0,0.0,0.0
run_heuristic_dara_42,66,1,ground_b,200.0,0.0,active,1,50.8489642297816,168.91672152318014
run_heuristic_dara_42,66,2,relay,32.444444464835215,0.0,active,0,0.0,0.0
run_heuristic_dara_42,66,3,relay,50.0,0.0,failed,0,0.0,0.0
run_heuristic_dara_42,66,4,relay,75.0,0.0,active,1,50.8489642297816,168.91672152318014
run_heuristic_dara_42,66,5,relay,100.0,0.0,active,2,50.8489642297816,168.91672152318014
run_heuristic_dara_42,66,6,relay,125.0,0.0,active,2,50.8489642297816,168.91672152318014
run_heuristic_dara_42,66,7,relay,150.0,0.0,active,2,50.8489642297816,168.91672152318014
run_heuristic_dara_42,66,8,relay,175.0,0.0,active,2,54.245029602382324,180.19815958783795
run_heuristic_dara_42,67,0,ground_a,0.0,0.0,active,0,0.0,0.0
run_heuristic_dara_42,67,1,ground_b,200.0,0.0,active,1,50.8489642297816,168.91672152318014
run_heuristic_dara_42,67,2,relay,32.61111112538465,0.0,active,0,0.0,0.0
run_heuristic_dara_42,67,3,relay,50.0,0.0,failed,0,0.0,0.0
run_heuristic_dara_42,67,4,relay,75.0,0.0,active,1,50.8489642297816,168.91672152318014
run_heuristic_dara_42,67,5,relay,100.0,0.0,active,2,50.8489642297816,168.91672152318014
run_heuristic_dara_42,67,6,relay,125.0,0.0,active,2,50.8489642297816,168.91672152318014
run_heuristic_dara_42,67,7,relay,150.0,0.0,active,2,50.8489642297816,168.91672152318014
run_heuristic_dara_42,67,8,relay,175.0,0.0,active,2,54.245029602382324,180.19815958783795
run_heuristic_dara_42,68,0,ground_a,0.0,0.0,active,0,0.0,0.0
run_heuristic_dara_42,68,1,ground_b,200.0,0.0,active,1,50.8489642297816,168.91672152318014
run_heuristic_dara_42,68,2,relay,32.77777778776926,0.0,active,0,0.0,0.0
run_heuristic_dara_42,68,3,relay,50.0,0.0,failed,0,0.0,0.0
run_heuristic_dara_42,68,4,relay,75.0,0.0,active,1,50.8489642297816,168.91672152318014
run_heuristic_dara_42,68,5,relay,100.0,0.0,active,2,50.8489642297816,168.91672152318014
run_heuristic_dara_42,68,6,relay,125.0,0.0,active,2,50.8489642297816,168.91672152318014
run_heuristic_dara_42,68,7,relay,150.0,0.0,active,2,50.8489642297816,168.91672152318014
run_heuristic_dara_42,68,8,relay,175.0,0.0,active,2,54.245029602382324,180.19815958783795
run_heuristic_dara_42,69,0,ground_a,0.0,0.0,active,0,0.0,0.0
run_heuristic_dara_42,69,1,ground_b,200.0,0.0,active,1,50.8489642297816,168.91672152318014
run_heuristic_dara_42,69,2,relay,32.944444451438486,0.0,active,0,0.0,0.0
run_heuristic_dara_42,69,3,relay,50.0,0.0,failed,0,0.0,0.0
run_heuristic_dara_42,69,4,relay,75.0,0.0,active,1,50.8489642297816,168.91672152318014
run_heuristic_dara_42,69,5,relay,100.0,0.0,active,2,50.8489642297816,168.91672152318014
run_heuristic_dara_42,69,6,relay,125.0,0.0,active,2,50.8489642297816,168.91672152318014
run_heuristic_dara_42,69,7,relay,150.0,0.0,active,2,50.8489642297816,168.91672152318014
run_heuristic_dara_42,69,8,relay,175.0,0.0,active,2,54.245029602382324,180.19815958783795
run_heuristic_dara_42,70,0,ground_a,0.0,0.0,active,0,0.0,0.0
run_heuristic_dara_42,70,1,ground_b,200.0,0.0,active,1,50.8489642297816,168.91672152318014
run_heuristic_dara_42,70,2,relay,33.111111116006946,0.0,active,0,0.0,0.0
run_heuristic_dara_42,70,3,relay,50.0,0.0,failed,0,0.0,0.0
run_heuristic_dara_42,70,4,relay,75.0,0.0,active,1,50.8489642297816,168.91672152318014
run_heuristic_dara_42,70,5,relay,100.0,0.0,active,2,50.8489642297816,168.91672152318014
run_heuristic_dara_42,70,6,relay,125.0,0.0,active,2,50.8489642297816,168.91672152318014
run_heuristic_dara_42,70,7,relay,150.0,0.0,active,2,50.8489642297816,168.91672152318014
run_heuristic_dara_42,70,8,relay,175.0,0.0,active,2,54.245029602382324,180.19815958783795
run_heuristic_dara_42,71,0,ground_a,0.0,0.0,active,0,0.0,0.0
run_heuristic_dara_42,71,1,ground_b,200.0,0.0,active,1,50.8489642297816,168.91672152318014
run_heuristic_dara_42,71,2,relay,33.27777778120487,0.0,active,0,0.0,0.0
run_heuristic_dara_42,71,3,relay,50.0,0.0,failed,0,0.0,0.0
run_heuristic_dara_42,71,4,relay,74.95,0.0,active,1,50.83941423565298,168.88499739057693
run_heuristic_dara_42,71,5,relay,100.0,0.0,active,2,50.84418923271729,168.90085945687855
run_heuristic_dara_42,71,6,relay,125.0,0.0,active,2,50.8489642297816,168.91672152318014
run_heuristic_dara_42,71,7,relay,150.0,0.0,active,2,50.8489642297816,168.91672152318014
run_heuristic_dara_42,71,8,relay,175.0,0.0,active,2,54.245029602382324,180.19815958783795
run_heuristic_dara_42,72,0,ground_a,0.0,0.0,active,0,0.0,0.0
run_heuristic_dara_42,72,1,ground_b,200.0,0.0,active,1,50.8489642297816,168.91672152318014
run_heuristic_dara_42,72,2,relay,33.44444444684341,0.0,active,0,0.0,0.0
run_heuristic_dara_42,72,3,relay,50.0,0.0,failed,0,0.0,0.0
run_heuristic_dara_42,72,4,relay,74.86500000000001,0.0,active,1,50.83271743252331,168.86275127561944
run_heuristic_dara_42,72,5,relay,99.95,0.0,active,2,50.836065834088146,168.87387433309817
run_heuristic_dara_42,72,6,relay,125.0,0.0,active,2,50.84418923271729,168.90085945687855
run_heuristic_dara_42,72,7,relay,150.0,0.0,active,2,50.8489642297816,168.91672152318014
run_heuristic_dara_42,72,8,relay,175.0,0.0,active,2,54.245029602382324,180.19815958783795
run_heuristic_dara_42,73,0,ground_a,0.0,0.0,active,0,0.0,0.0
run_heuristic_dara_42,73,1,ground_b,200.0,0.0,active,1,50.8489642297816,168.91672152318014
run_heuristic_dara_42,73,2,relay,33.6111111127904,0.0,active,0,0.0,0.0
run_heuristic_dara_42,73,3,relay,50.0,0.0,failed,0,0.0,0.0
run_heuristic_dara_42,73,4,relay,74.75550000000001,0.0,active,1,50.82802387428073,168.84715974140943
run_heuristic_dara_42,73,5,relay,99.86500000000001,0.0,active,2,50.83037065340202,168.85495550851442
run_heuristic_dara_42,73,6,relay,124.95,0.0,active,2,50.836065834088146,168.87387433309817
run_heuristic_dara_42,73,7,relay,150.0,0.0,active,2,50.84418923271729,168.90085945687855
run_heuristic_dara_42,73,8,relay,175.0,0.0,active,2,54.245029602382324,180.19815958783795
run_heuristic_dara_42,74,0,ground_a,0.0,0.0,active,0,0.0,0.0
run_heuristic_dara_42,74,1,ground_b,200.0,0.0,active,1,50.8489642297816,168.91672152318014
run_heuristic_dara_42,74,2,relay,33.777777778953286,0.0,active,0,0.0,0.0
run_heuristic_dara_42,74,3,relay,50.0,0.0,failed,0,0.0,0.0
run_heuristic_dara_42,74,4,relay,74.62885000000001,0.0,active,1,50.82473553983564,168.8362362211386
run_heuristic_dara_42,74,5,relay,99.75550000000001,0.0,active,2,50.82637970705819,168.84169798127402
run_heuristic_dara_42,74,6,relay,124.86500000000001,0.0,active,2,50.83037065340202,168.85495550851442
run_heuristic_dara_42,74,7,relay,149.95,0.0,active,2,50.836065834088146,168.87387433309817
run_heuristic_dara_42,74,8,relay,175.0,0.0,active,2,54.240254605318015,180.18229752153633
run_heuristic_dara_42,75,0,ground_a,0.0,0.0,active,0,0.0,0.0
run_heuristic_dara_42,75,1,ground_b,200.0,0.0,active,1,50.83941423565298,168.88499739057693
run_heuristic_dara_42,75,2,relay,33.94444444526731,0.0,active,0,0.0,0.0
run_heuristic_dara_42,75,3,relay,50.0,0.0,failed,0,0.0,0.0
run_heuristic_dara_42,75,4,relay,74.49019500000001,0.0,active,1,50.82243231108342,168.82858512413202
run_heuristic_dara_42,75,5,relay,99.62885000000001,0.0,active,2,50.82358392545953,168.83241067263532
run_heuristic_dara_42,75,6,relay,124.75550000000001,0.0,active,2,50.82637970705819,168.84169798127402
run_heuristic_dara_42,75,7,relay,149.86499999999998,0.0,active,2,50.83037065340202,168.85495550851442
run_heuristic_dara_42,75,8,relay,174.95,0.0,active,2,54.22736126690968,180.13946692489586
run_heuristic_dara_42,76,0,ground_a,0.0,0.0,active,0,0.0,0.0
run_heuristic_dara_42,76,1,ground_b,200.0,0.0,active,1,50.82313366565289,168.83091495430355
run_heuristic_dara_42,76,2,relay,34.11111111168712,0.0,active,0,0.0,0.0
run_heuristic_dara_42,76,3,relay,50.0,0.0,failed,0,0.0,0.0
run_heuristic_dara_42,76,4,relay,74.34313650000001,0.0,active,1,50.820819367157256,168.8232270847331
run_heuristic_dara_42,76,5,relay,99.49019500000001,0.0,active,2,50.82162583912034,168.82590610443256
run_heuristic_dara_42,76,6,relay,124.62885000000001,0.0,active,2,50.82358392545954,168.83241067263532
run_heuristic_dara_42,76,7,relay,149.75549999999998,0.0,active,2,50.826379707058194,168.84169798127402
run_heuristic_dara_42,76,8,relay,174.86499999999998,0.0,active,2,54.20883173481926,180.07791330934555
run_heuristic_dara_42,77,0,ground_a,0.0,0.0,active,0,0.0,0.0
run_heuristic_dara_42,77,1,ground_b,200.0,0.0,active,1,50.81641317160212,168.80859014115097
run_heuristic_dara_42,77,2,relay,34.27777777818099,0.0,active,0,0.0,0.0
run_heuristic_dara_42,77,3,relay,50.0,0.0,failed,0,0.0,0.0
run_heuristic_dara_42,77,4,relay,74.19019555000001,0.0,active,1,50.81968997120107,168.8194753436364
run_heuristic_dara_42,77,5,relay,99.34313650000001,0.0,active,2,50.820254669179164,168.82135121418474
run_heuristic_dara_42,77,6,relay,124.49019500000001,0.0,active,2,50.82162583912034,168.82590610443256
run_heuristic_dara_42,77,7,relay,149.62884999999997,0.0,active,2,50.81642800723759,168.80863942377113
run_heuristic_dara_42,77,8,relay,174.82999999999998,0.0,active,2,54.193384063547825,180.02659753675024
run_heuristic_dara_42,78,0,ground_a,0.0,0.0,active,0,0.0,0.0
run_heuristic_dara_42,78,1,ground_b,200.0,0.0,active,1,50.80207552010839,168.76096188915162
run_heuristic_dara_42,78,2,relay,34.4444444447267,0.0,active,0,0.0,0.0
run_heuristic_dara_42,78,3,relay,50.0,0.0,failed,0,0.0,0.0
run_heuristic_dara_42,78,4,relay,74.03313688500002,0.0,active,1,50.81889922972975,168.81684857907868
run_heuristic_dara_42,78,5,relay,99.19019555000001,0.0,active,2,50.81929460046541,168.81816196135753
run_heuristic_dara_42,78,6,relay,124.34313650000001,0.0,active,2,50.81429542225635,168.80155518850128
run_heuristic_dara_42,78,7,relay,149.55219999999997,0.0,active,2,50.80945544609548,168.78547726898773
run_heuristic_dara_42,78,8,relay,174.75549999999998,0.0,active,2,54.17905808544823,179.97900775553586
run_heuristic_dara_42,79,0,ground_a,0.0,0.0,active,0,0.0,0.0
run_heuristic_dara_42,79,1,ground_b,200.0,0.0,active,1,50.797350739196986,168.7452666372559
run_heuristic_dara_42,79,2,relay,34.611111111308695,0.0,active,0,0.0,0.0
run_heuristic_dara_42,79,3,relay,50.0,0.0,failed,0,0.0,0.0
run_heuristic_dara_42,79,4,relay,73.87319581950001,0.0,active,1,50.81834563017463,168.81500957639392
run_heuristic_dara_42,79,5,relay,99.03313688500002,0.0,active,2,50.81325006690629,168.79808262197696
run_heuristic_dara_42,79,6,relay,124.24607800000001,0.0,active,2,50.80916240280132,168.78450380831765
run_heuristic_dara_42,79,7,relay,149.44854499999997,0.0,active,2,50.80246210973755,168.76224610161478
run_heuristic_dara_42,79,8,relay,174.731,0.0,active,2,54.16679593211593,179.93827400163028
run_heuristic_dara_42,80,0,ground_a,0.0,0.0,active,0,0.0,0.0
run_heuristic_dara_42,80,1,ground_b,200.0,0.0,active,1,50.78437626605982,168.70216672966973
run_heuristic_dara_42,80,2,relay,34.77777777791609,0.0,active,0,0.0,0.0
run_heuristic_dara_42,80,3,relay,50.0,0.0,failed,0,0.0,0.0
run_heuristic_dara_42,80,4,relay,73.71123707365001,0.0,active,1,50.807788738565336,168.77994063237682
run_heuristic_dara_42,80,5,relay,98.92607822000002,0.0,active,2,50.8090187886077,168.78402673625448
run_heuristic_dara_42,80,6,relay,124.12813705,0.0,active,2,50.80401655899269,168.7674098272841
run_heuristic_dara_42,80,7,relay,149.39488999999998,0.0,active,2,50.79757136819268,168.74599954481573
run_heuristic_dara_42,80,8,relay,174.66385,0.0,active,2,54.15541997418213,179.90048392579337
run_heuristic_dara_42,81,0,ground_a,0.0,0.0,active,0,0.0,0.0
run_heuristic_dara_42,81,1,ground_b,200.0,0.0,active,1,50.781056790077315,168.6911397612272
run_heuristic_dara_42,81,2,relay,34.94444444454127,0.0,active,0,0.0,0.0
run_heuristic_dara_42,81,3,relay,50.0,0.0,failed,0,0.0,0.0
run_heuristic_dara_42,81,4,relay,73.54786595155501,0.0,active,1,50.80038456271038,168.75534469697246
run_heuristic_dara_42,81,5,relay,98.80113715450003,0.0,active,2,50.79982649844754,168.7534908630391
run_heuristic_dara_42,81,6,relay,124.06019610000001,0.0,active,2,50.79231676163094,168.7285442651604
run_heuristic_dara_42,81,7,relay,149.39123499999997,0.0,active,2,50.79266331195455,168.7296954708405
run_heuristic_dara_42,81,8,relay,174.6467,0.0,active,2,54.1534889012717,179.89406902351683
run_heuristic_dara_42,82,0,ground_a,0.0,0.0,active,0,0.0,0.0
run_heuristic_dara_42,82,1,ground_b,200.0,0.0,active,1,50.78741300982297,168.7122544899142
run_heuristic_dara_42,82,2,relay,35.11111111117889,0.0,active,0,0.0,0.0
run_heuristic_dara_42,82,3,relay,50.0,0.0,failed,0,0.0,0.0
run_heuristic_dara_42,82,4,relay,73.38350616608851,0.0,active,1,50.78311070785294,168.69796267140555
run_heuristic_dara_42,82,5,relay,98.72619608900003,0.0,active,2,50.78568633599777,168.70651865150134
run_heuristic_dara_42,82,6,relay,124.04225515000002,0.0,active,2,50.79015941556255,168.72137777623158
run_heuristic_dara_42,82,7,relay,149.33867649999996,0.0,active,2,50.787759555155574,168.71340567904707
run_heuristic_dara_42,82,8,relay,174.67955,0.0,active,2,54.15143308696216,179.8872399481026
run_heuristic_dara_42,83,0,ground_a,0.0,0.0,active,0,0.0,0.0
run_heuristic_dara_42,83,1,ground_b,200.0,0.0,active,1,50.78409570235287,168.70123472498946
run_heuristic_dara_42,83,2,relay,35.27777777782523,0.0,active,0,0.0,0.0
run_heuristic_dara_42,83,3,relay,50.0,0.0,failed,0,0.0,0.0
run_heuristic_dara_42,83,4,relay,73.21845431626195,0.0,active,1,50.770980700092764,168.65766799476856
run_heuristic_dara_42,83,5,relay,98.62373734315003,0.0,active,2,50.775761293265475,168.67354864871038
run_heuristic_dara_42,83,6,relay,123.97969648500002,0.0,active,2,50.78049711765562,168.68928058521817
run_heuristic_dara_42,83,7,relay,149.33611799999997,0.0,active,2,50.783368773205716,168.69881993882038
run_heuristic_dara_42,83,8,relay,174.66240000000002,0.0,active,2,54.14960994855612,179.8811835933119
run_heuristic_dara_42,84,0,ground_a,0.0,0.0,active,0,0.0,0.0
run_heuristic_dara_42,84,1,ground_b,200.0,0.0,active,1,50.790447770040245,168.72233566107568
run_heuristic_dara_42,84,2,relay,35.44444444447767,0.0,active,0,0.0,0.0
run_heuristic_dara_42,84,3,relay,50.0,0.0,failed,0,0.0,0.0
run_heuristic_dara_42,84,4,relay,73.05291802138336,0.0,active,1,50.76247086197205,168.62939916137074
run_heuristic_dara_42,84,5,relay,98.50201622105503,0.0,active,2,50.765771027048146,168.6403619805485
run_heuristic_dara_42,84,6,relay,123.91713782000002,0.0,active,2,50.77371895433509,168.666764202394
run_heuristic_dara_42,84,7,relay,149.28432704999997,0.0,active,2,50.774126447169785,168.66811785295147
run_heuristic_dara_42,84,8,relay,174.69525000000002,0.0,active,2,54.14760811051559,179.87453382253466
run_heuristic_dara_42,85,0,ground_a,0.0,0.0,active,0,0.0,0.0
run_heuristic_dara_42,85,1,ground_b,200.0,0.0,active,1,50.78713262938798,168.71132309403967
run_heuristic_dara_42,85,2,relay,35.61111111113437,0.0,active,0,0.0,0.0
run_heuristic_dara_42,85,3,relay,50.0,0.0,failed,0,0.0,0.0
run_heuristic_dara_42,85,4,relay,72.88704261496835,0.0,active,1,50.75650472625203,168.60958025389596
run_heuristic_dara_42,85,5,relay,98.36681143558853,0.0,active,2,50.75876479947683,168.61708799159553
run_heuristic_dara_42,85,6,relay,123.82334675450002,0.0,active,2,50.76076680901744,168.62373846748744
run_heuristic_dara_42,85,7,relay,149.2825361,0.0,active,2,50.766687501479566,168.6434064172778
run_heuristic_dara_42,85,8,relay,174.67810000000003,0.0,active,2,54.145861528725746,179.86873178099708
run_heuristic_dara_42,86,0,ground_a,0.0,0.0,active,0,0.0,0.0
run_heuristic_dara_42,86,1,ground_b,200.0,0.0,active,1,50.77512713392599,168.67144203453222
run_heuristic_dara_42,86,2,relay,35.777777777794064,0.0,active,0,0.0,0.0
run_heuristic_dara_42,86,3,relay,50.0,0.0,failed,0,0.0,0.0
run_heuristic_dara_42,86,4,relay,72.72092983047784,0.0,active,1,50.75232389199742,168.5956919398624
run_heuristic_dara_42,86,5,relay,98.22216808576198,0.0,active,2,50.74684793915818,168.57750137144518
run_heuristic_dara_42,86,6,relay,123.77955568900002,0.0,active,2,50.75166591734599,168.59350621410505
run_heuristic_dara_42,86,7,relay,149.231282435,0.0,active,2,50.76845551402801,168.64927957863046
run_heuristic_dara_42,86,8,relay,174.61609500000003,0.0,active,2,54.13522040163258,179.8333827618726
run_heuristic_dara_42,87,0,ground_a,0.0,0.0,active,0,0.0,0.0
run_heuristic_dara_42,87,1,ground_b,200.0,0.0,active,1,50.76309060223599,168.63145787669401
run_heuristic_dara_42,87,2,relay,35.94444444445585,0.0,active,0,0.0,0.0
run_heuristic_dara_42,87,3,relay,50.0,0.0,failed,0,0.0,0.0
run_heuristic_dara_42,87,4,relay,72.55465088133448,0.0,active,1,50.738346886229536,168.54926172280125
run_heuristic_dara_42,87,5,relay,98.12752473593542,0.0,active,2,50.73849310718337,168.5497474541981
run_heuristic_dara_42,87,6,relay,123.69890194315002,0.0,active,2,50.750807340115124,168.5906541064064
run_heuristic_dara_42,87,7,relay,149.1454048695,0.0,active,2,50.76664792365447,168.64327494361146
run_heuristic_dara_42,87,8,relay,174.55409000000003,0.0,active,2,54.121249975870576,179.7869741455213
run_heuristic_dara_42,88,0,ground_a,0.0,0.0,active,0,0.0,0.0
run_heuristic_dara_42,88,1,ground_b,200.0,0.0,active,1,50.76075657385775,168.62370446730804
run_heuristic_dara_42,88,2,relay,36.111111111119094,0.0,active,0,0.0,0.0
run_heuristic_dara_42,88,3,relay,50.0,0.0,failed,0,0.0,0.0
run_heuristic_dara_42,88,4,relay,72.38825561693413,0.0,active,1,50.72430526625524,168.50261686506983
run_heuristic_dara_42,88,5,relay,98.03288138610887,0.0,active,2,50.73262621949445,168.5302582399058
run_heuristic_dara_42,88,6,relay,123.59244432105503,0.0,active,2,50.75231662297324,168.59566779330555
run_heuristic_dara_42,88,7,relay,149.03529057365,0.0,active,2,50.75746368946311,168.61276583409293
run_heuristic_dara_42,88,8,relay,174.54208500000004,0.0,active,2,54.10945708251667,179.74779928114617
run_heuristic_dara_42,89,0,ground_a,0.0,0.0,active,0,0.0,0.0
run_heuristic_dara_42,89,1,ground_b,200.0,0.0,active,1,50.74938501432639,168.58592928168594
run_heuristic_dara_42,89,2,relay,36.27777777778337,0.0,active,0,0.0,0.0
run_heuristic_dara_42,89,3,relay,50.0,0.0,failed,0,0.0,0.0
run_heuristic_dara_42,89,4,relay,72.22177893185389,0.0,active,1,50.71445108955622,168.46988227601753
run_heuristic_dara_42,89,5,relay,97.91663104123029,0.0,active,2,50.72850653857977,168.51657307221126
run_heuristic_dara_42,89,6,relay,123.46792398558853,0.0,active,2,50.74685703487235,168.57753158646204
run_heuristic_dara_42,89,7,relay,148.9751762778,0.0,active,2,50.75102999957926,168.5913937584375
run_heuristic_dara_42,89,8,relay,174.48368150000005,0.0,active,2,54.09834338226213,179.7108804380054
run_heuristic_dara_42,90,0,ground_a,0.0,0.0,active,0,0.0,0.0
run_heuristic_dara_42,90,1,ground_b,200.0,0.0,active,1,50.74774651645994,168.5804863554016
run_heuristic_dara_42,90,2,relay,36.39444444444764,0.0,active,0,0.0,0.0
run_heuristic_dara_42,90,3,relay,50.0,0.0,failed,0,0.0,0.0
run_heuristic_dara_42,90,4,relay,72.05524525229772,0.0,active,1,50.707540862922826,168.4469271949074
run_heuristic_dara_42,90,5,relay,97.78525579981527,0.0,active,2,50.72561644483334,168.50697247022336
run_heuristic_dara_42,90,6,relay,123.33075975076197,0.0,active,2,50.73990261454218,168.55442969684523
run_heuristic_dara_42,90,7,relay,148.91506198194998,0.0,active,2,50.73846641451921,168.54965878385292
run_heuristic_dara_42,90,8,relay,174.47527800000006,0.0,active,2,54.09172616843327,179.68889868000997
run_heuristic_dara_42,91,0,ground_a,0.0,0.0,active,0,0.0,0.0
run_heuristic_dara_42,91,1,ground_b,200.0,0.0,active,1,50.73683605267043,168.5442428847036
run_heuristic_dara_42,91,2,relay,36.46111111111192,0.0,active,0,0.0,0.0
run_heuristic_dara_42,91,3,relay,50.0,0.0,failed,0,0.0,0.0
run_heuristic_dara_42,91,4,relay,71.88867167660841,0.0,active,1,50.702697664835654,168.43083857588755
run_heuristic_dara_42,91,5,relay,97.64329313082477,0.0,active,2,50.717840918526605,168.4811429493663
run_heuristic_dara_42,91,6,relay,123.24359551593543,0.0,active,2,50.735029148017276,168.53824052805243
run_heuristic_dara_42,91,7,relay,148.82298197485497,0.0,active,2,50.73540949676993,168.53950400858804
run_heuristic_dara_42,91,8,relay,174.41939555000005,0.0,active,2,54.07774119235391,179.64244175691488
run_heuristic_dara_42,92,0,ground_a,0.0,0.0,active,0,0.0,0.0
run_heuristic_dara_42,92,1,ground_b,200.0,0.0,active,1,50.7193840510094,168.4862690803278
run_heuristic_dara_42,92,2,relay,36.4777777777762,0.0,active,0,0.0,0.0
run_heuristic_dara_42,92,3,relay,50.0,0.0,failed,0,0.0,0.0
run_heuristic_dara_42,92,4,relay,71.72207017362588,0.0,active,1,50.69930446306891,168.41956669952413
run_heuristic_dara_42,92,5,relay,97.49391926253142,0.0,active,2,50.712389280710504,168.463033153958
run_heuristic_dara_42,92,6,relay,123.13258055155684,0.0,active,2,50.724527499730854,168.5033551024508
run_heuristic_dara_42,92,7,relay,148.78090196775997,0.0,active,2,50.73325857076135,168.53235884768003
run_heuristic_dara_42,92,8,relay,174.33027783500006,0.0,active,2,54.065722853644004,179.60251767141642
run_heuristic_dara_42,93,0,ground_a,0.0,0.0,active,0,0.0,0.0
run_heuristic_dara_42,93,1,ground_b,200.0,0.0,active,1,50.71170307355047,168.4607536419065
run_heuristic_dara_42,93,2,relay,36.44444444444047,0.0,active,0,0.0,0.0
run_heuristic_dara_42,93,3,relay,50.0,0.0,failed,0,0.0,0.0
run_heuristic_dara_42,93,4,relay,71.55544912153812,0.0,active,1,50.69692776861331,168.4116715586668
run_heuristic_dara_42,93,5,relay,97.33935755472608,0.0,active,2,50.70201819461792,168.42858144396683
run_heuristic_dara_42,93,6,relay,123.07156558717826,0.0,active,2,50.71715147272563,168.47885267898874
run_heuristic_dara_42,93,7,relay,148.70144596279349,0.0,active,2,50.731124695537076,168.52527032725644
run_heuristic_dara_42,93,8,relay,174.29116012000006,0.0,active,2,54.054507842593,179.5652623657053
run_heuristic_dara_42,94,0,ground_a,0.0,0.0,active,0,0.0,0.0
run_heuristic_dara_42,94,1,ground_b,200.0,0.0,active,1,50.71384112917761,168.46785604868896
run_heuristic_dara_42,94,2,relay,36.37111111110546,0.0,active,0,0.0,0.0
run_heuristic_dara_42,94,3,relay,50.0,0.0,failed,0,0.0,0.0
run_heuristic_dara_42,94,4,relay,71.38881438507669,0.0,active,1,50.69526336997194,168.4061425931604
run_heuristic_dara_42,94,5,relay,97.18116435926234,0.0,active,2,50.69473670403738,168.40439306170475
run_heuristic_dara_42,94,6,relay,122.97885511211325,0.0,active,2,50.71196605290877,168.46162723403341
run_heuristic_dara_42,94,7,relay,148.59582675931694,0.0,active,2,50.72097040830821,168.49153880081064
run_heuristic_dara_42,94,8,relay,174.30204240500007,0.0,active,2,54.04511226781728,179.53405125068068
run_heuristic_dara_42,95,0,ground_a,0.0,0.0,active,0,0.0,0.0
run_heuristic_dara_42,95,1,ground_b,200.0,0.0,active,1,50.70615109251666,168.44231051678213
run_heuristic_dara_42,95,2,relay,36.269777777770955,0.0,active,0,0.0,0.0
run_heuristic_dara_42,95,3,relay,50.0,0.0,failed,0,0.0,0.0
run_heuristic_dara_42,95,4,relay,71.22217006955368,0.0,active,1,50.68372258189514,168.36780525210514
run_heuristic_dara_42,95,5,relay,97.0729711637986,0.0,active,2,50.689627400880305,168.38742046883533
run_heuristic_dara_42,95,6,relay,122.86395777956774,0.0,active,2,50.706817705151735,168.44452493761727
run_heuristic_dara_42,95,7,relay,148.5402075558404,0.0,active,2,50.71353918681391,168.4668530264458
run_heuristic_dara_42,95,8,relay,174.26292469000006,0.0,active,2,54.03622404763504,179.5045253123081
run_heuristic_dara_42,96,0,ground_a,0.0,0.0,active,0,0.0,0.0
run_heuristic_dara_42,96,1,ground_b,200.0,0.0,active,1,50.708291670122534,168.44942130124835
run_heuristic_dara_42,96,2,relay,36.148844444436804,0.0,active,0,0.0,0.0
run_heuristic_dara_42,96,3,relay,50.0,0.0,failed,0,0.0,0.0
run_heuristic_dara_42,96,4,relay,71.05551904868759,0.0,active,1,50.67562723910737,168.34091333542176
run_heuristic_dara_42,96,5,relay,96.94723592697397,0.0,active,2,50.686042382949374,168.3755113989373
run_heuristic_dara_42,96,6,relay,122.73352964678588,0.0,active,2,50.69500160079547,168.40527302219516
run_heuristic_dara_42,96,7,relay,148.53458835236384,0.0,active,2,50.699637528361016,168.42067310917798
run_heuristic_dara_42,96,8,relay,174.27380697500007,0.0,active,2,54.03662151150765,179.5058456922111
run_heuristic_dara_42,97,0,ground_a,0.0,0.0,active,0,0.0,0.0
run_heuristic_dara_42,97,1,ground_b,200.0,0.0,active,1,50.70059256153114,168.4238456335747
run_heuristic_dara_42,97,2,relay,36.014191111102896,0.0,active,0,0.0,0.0
run_heuristic_dara_42,97,3,relay,50.0,0.0,failed,0,0.0,0.0
run_heuristic_dara_42,97,4,relay,70.88886333408131,0.0,active,1,50.669952254055616,168.322061604603
run_heuristic_dara_42,97,5,relay,96.80922126119674,0.0,active,2,50.677521391078585,168.34720551841355
run_heuristic_dara_42,97,6,relay,122.65310151400402,0.0,active,2,50.686703295525,168.37770688389946
run_heuristic_dara_42,97,7,relay,148.48065490993025,0.0,active,2,50.695564661199384,168.4071434525971
run_heuristic_dara_42,97,8,relay,174.23468926000007,0.0,active,2,54.02790498206819,179.47689009364103
run_heuristic_dara_42,98,0,ground_a,0.0,0.0,active,0,0.0,0.0
run_heuristic_dara_42,98,1,ground_b,200.0,0.0,active,1,50.702735664658675,168.43096480749352
run_heuristic_dara_42,98,2,relay,35.86993377776916,0.0,active,0,0.0,0.0
run_heuristic_dara_42,98,3,relay,50.0,0.0,failed,0,0.0,0.0
run_heuristic_dara_42,98,4,relay,70.72220433385692,0.0,active,1,50.6659757184288,168.30885195244875
run_heuristic_dara_42,98,5,relay,96.66261099515268,0.0,active,2,50.67154652745327,168.32735762091426
run_heuristic_dara_42,98,6,relay,122.54680182105672,0.0,active,2,50.68088461231064,168.35837780182456
run_heuristic_dara_42,98,7,relay,148.39290150022674,0.0,active,2,50.68400249639644,168.36873510000873
run_heuristic_dara_42,98,8,relay,174.24557154500008,0.0,active,2,54.020193054649496,179.45127188850307
run_heuristic_dara_42,99,0,ground_a,0.0,0.0,active,0,0.0,0.0
run_heuristic_dara_42,99,1,ground_b,200.0,0.0,active,1,50.69502747139397,168.40535896172395
run_heuristic_dara_42,99,2,relay,35.71895364443555,0.0,active,0,0.0,0.0
run_heuristic_dara_42,99,3,relay,50.0,0.0,failed,0,0.0,0.0
run_heuristic_dara_42,99,4,relay,70.55554303369985,0.0,active,1,50.66319015884875,168.2995986032235
run_heuristic_dara_42,99,5,relay,96.50998380892183,0.0,active,2,50.66735913058358,168.31344750879367
run_heuristic_dara_42,99,6,relay,122.42239203599361,0.0,active,2,50.66951083105382,168.32059524171302
run_heuristic_dara_42,99,7,relay,148.35514809052324,0.0,active,2,50.675558190010264,168.34068396146233
run_heuristic_dara_42,99,8,relay,174.20645383000007,0.0,active,2,54.013077395899636,179.42763422229922
run_heuristic_dara_42,100,0,ground_a,0.0,0.0,active,0,0.0,0.0
run_heuristic_dara_42,100,1,ground_b,200.0,0.0,active,1,50.67974201480783,168.35458220748495
run_heuristic_dara_42,100,2,relay,35.56326755110202,0.0,active,0,0.0,0.0
run_heuristic_dara_42,100,3,relay,50.0,0.0,failed,0,0.0,0.0
run_heuristic_dara_42,100,4,relay,70.3888801235899,0.0,active,1,50.66123929396251,168.29311802598923
run_heuristic_dara_42,100,5,relay,96.35314477856024,0.0,active,2,50.65820109211303,168.28302542464024
run_heuristic_dara_42,100,6,relay,122.3479822509305,0.0,active,2,50.66152832551204,168.29407815990194
run_heuristic_dara_42,100,7,relay,148.27872070373078,0.0,active,2,50.6758526863742,168.3416622488287
run_heuristic_dara_42,100,8,relay,174.12907142950007,0.0,active,2,53.998861203190124,179.3804091376041
run_heuristic_dara_42,101,0,ground_a,0.0,0.0,active,0,0.0,0.0
run_heuristic_dara_42,101,1,ground_b,200.0,0.0,active,1,50.674321276769916,168.33657505958024
run_heuristic_dara_42,101,2,relay,35.404287285768554,0.0,active,0,0.0,0.0
run_heuristic_dara_42,101,3,relay,50.0,0.0,failed,0,0.0,0.0
run_heuristic_dara_42,101,4,relay,70.22221608651293,0.0,active,1,50.649341682545895,168.25359535623585
run_heuristic_dara_42,101,5,relay,96.24630574819864,0.0,active,2,50.6517796849762,168.2616941553029
run_heuristic_dara_42,101,6,relay,122.24589540138632,0.0,active,2,50.661195784377576,168.2929734916778
run_heuristic_dara_42,101,7,relay,148.17522153297605,0.0,active,2,50.66845734772971,168.3170956758477
run_heuristic_dara_42,101,8,relay,174.10168902900008,0.0,active,2,53.98627213557959,179.3385894056397
run_heuristic_dara_42,102,0,ground_a,0.0,0.0,active,0,0.0,0.0
run_heuristic_dara_42,102,1,ground_b,200.0,0.0,active,1,50.660600871783046,168.29099725162877
run_heuristic_dara_42,102,2,relay,35.24300110003512,0.0,active,0,0.0,0.0
run_heuristic_dara_42,102,3,relay,50.0,0.0,failed,0,0.0,0.0
run_heuristic_dara_42,102,4,relay,70.05555126055906,0.0,active,1,50.640995613099804,168.22587055263557
run_heuristic_dara_42,102,5,relay,96.12151842694553,0.0,active,2,50.6472757733327,168.24673261361983
run_heuristic_dara_42,102,6,relay,122.12443460670539,0.0,active,2,50.66096294474083,168.2922000218097
run_heuristic_dara_42,102,7,relay,148.05277211344776,0.0,active,2,50.66326631622323,168.29985159045933
run_heuristic_dara_42,102,8,relay,174.03252134865008,0.0,active,2,53.96824130543901,179.2786925142076
run_heuristic_dara_42,103,0,ground_a,0.0,0.0,active,0,0.0,0.0
run_heuristic_dara_42,103,1,ground_b,200.0,0.0,active,1,50.64100980327129,168.2259176909582
run_heuristic_dara_42,103,2,relay,35.08010077002172,0.0,active,0,0.0,0.0
run_heuristic_dara_42,103,3,relay,50.0,0.0,failed,0,0.0,0.0
run_heuristic_dara_42,103,4,relay,69.88888588239135,0.0,active,1,50.63514465236162,168.206434249583
run_heuristic_dara_42,103,5,relay,95.98416730206834,0.0,active,2,50.64411865171355,168.23624497313722
run_heuristic_dara_42,103,6,relay,121.98941205042874,0.0,active,2,50.654518220452914,168.27079129495993
run_heuristic_dara_42,103,7,relay,147.98032269391945,0.0,active,2,50.65963244272265,168.28778022760378
run_heuristic_dara_42,103,8,relay,173.93410397240507,0.0,active,2,53.95274888609331,179.22722785035273
run_heuristic_dara_42,104,0,ground_a,0.0,0.0,active,0,0.0,0.0
run_heuristic_dara_42,104,1,ground_b,200.0,0.0,active,1,50.63134212806182,168.19380264645773
run_heuristic_dara_42,104,2,relay,34.916070539012345,0.0,active,0,0.0,0.0
run_heuristic_dara_42,104,3,relay,50.0,0.0,failed,0,0.0,0.0
run_heuristic_dara_42,104,4,relay,69.72222011767396,0.0,active,1,50.63104470444274,168.1928146351251
run_heuristic_dara_42,104,5,relay,95.83802151465432,0.0,active,2,50.64190651544864,168.2288964790247
run_heuristic_dara_42,104,6,relay,121.84489626103509,0.0,active,2,50.64999721167025,168.2557729581259
run_heuristic_dara_42,104,7,relay,147.87960810024964,0.0,active,2,50.65007642898392,168.25603611008157
run_heuristic_dara_42,104,8,relay,173.88568659616007,0.0,active,2,53.93868623279606,179.1805129313321
run_heuristic_dara_42,105,0,ground_a,0.0,0.0,active,0,0.0,0.0
run_heuristic_dara_42,105,1,ground_b,200.0,0.0,active,1,50.631658446334114,168.1948534239277
run_heuristic_dara_42,105,2,relay,34.751249377305776,0.0,active,0,0.0,0.0
run_heuristic_dara_42,105,3,relay,50.0,0.0,failed,0,0.0,0.0
run_heuristic_dara_42,105,4,relay,69.55555408237177,0.0,active,1,50.62817264373484,168.1832739385007
run_heuristic_dara_42,105,5,relay,95.6857194634645,0.0,active,2,50.63471439581029,168.20500498074728
run_heuristic_dara_42,105,6,relay,121.75038047164144,0.0,active,2,50.64682790897726,168.24524485322536
run_heuristic_dara_42,105,7,relay,147.75910788468076,0.0,active,2,50.64048656200015,168.22417953654485
run_heuristic_dara_42,105,8,relay,173.88726921991508,0.0,active,2,53.92679910632398,179.1410250991265
run_heuristic_dara_42,106,0,ground_a,0.0,0.0,active,0,0.0,0.0
run_heuristic_dara_42,106,1,ground_b,200.0,0.0,active,1,50.62197178979977,168.1626753259752
run_heuristic_dara_42,106,2,relay,34.63642821559921,0.0,active,0,0.0,0.0
run_heuristic_dara_42,106,3,relay,50.0,0.0,failed,0,0.0,0.0
run_heuristic_dara_42,106,4,relay,69.38888785766025,0.0,active,1,50.626161172867555,168.17659203474867
run_heuristic_dara_42,106,5,relay,95.52910802763162,0.0,active,2,50.62967110472682,168.1882516751433
run_heuristic_dara_42,106,6,relay,121.63421941906587,0.0,active,2,50.63824287943199,168.2167262483316
run_heuristic_dara_42,106,7,relay,147.6886076691119,0.0,active,2,50.63372986961003,168.2017344839253
run_heuristic_dara_42,106,8,relay,173.83885184367008,0.0,active,2,53.91574028785716,179.10428861870466
run_heuristic_dara_42,107,0,ground_a,0.0,0.0,active,0,0.0,0.0
run_heuristic_dara_42,107,1,ground_b,200.0,0.0,active,1,50.62228872923495,168.16372816686606
run_heuristic_dara_42,107,2,relay,34.57160705389264,0.0,active,0,0.0,0.0
run_heuristic_dara_42,107,3,relay,50.0,0.0,failed,0,0.0,0.0
run_heuristic_dara_42,107,4,relay,69.22222150036218,0.0,active,1,50.62475263909714,168.17191302735839
run_heuristic_dara_42,107,5,relay,95.36948002254861,0.0,active,2,50.626136476755136,168.17650999675556
run_heuristic_dara_42,107,6,relay,121.50290668226299,0.0,active,2,50.62434021176646,168.1705429853203
run_heuristic_dara_42,107,7,relay,147.66810745354303,0.0,active,2,50.62044629985871,168.15760780200446
run_heuristic_dara_42,107,8,relay,173.8404344674251,0.0,active,2,53.91381803344913,179.09790308960993
run_heuristic_dara_42,108,0,ground_a,0.0,0.0,active,0,0.0,0.0
run_heuristic_dara_42,108,1,ground_b,200.0,0.0,active,1,50.612583047402,168.13148686939002
run_heuristic_dara_42,108,2,relay,34.55678589218608,0.0,active,0,0.0,0.0
run_heuristic_dara_42,108,3,relay,50.0,0.0,failed,0,0.0,0.0
run_heuristic_dara_42,108,4,relay,69.05555505025353,0.0,active,1,50.62376641832823,168.1686369012533
run_heuristic_dara_42,108,5,relay,95.20774041899051,0.0,active,2,50.61758565523727,168.14810502879618
run_heuristic_dara_42,108,6,relay,121.4215939454601,0.0,active,2,50.60515866952315,168.1068238344248
run_heuristic_dara_42,108,7,relay,147.69760723797415,0.0,active,2,50.61711558132699,168.14654349158582
run_heuristic_dara_42,108,8,relay,173.7920170911801,0.0,active,2,53.91277737528808,179.09444592990545
run_heuristic_dara_42,109,0,ground_a,0.0,0.0,active,0,0.0,0.0
run_heuristic_dara_42,109,1,ground_b,200.0,0.0,active,1,50.61290060943837,168.13254177847955
run_heuristic_dara_42,109,2,relay,34.49641107899148,0.0,active,0,0.0,0.0
run_heuristic_dara_42,109,3,relay,50.0,0.0,failed,0,0.0,0.0
run_heuristic_dara_42,109,4,relay,68.88888853517747,0.0,active,1,50.612757746349956,168.13206720169362
run_heuristic_dara_42,109,5,relay,95.0960008154324,0.0,active,2,50.60399640108466,168.10296289596272
run_heuristic_dara_42,109,6,relay,121.39028120865721,0.0,active,2,50.59598557500244,168.07635173925735
run_heuristic_dara_42,109,7,relay,147.6771070224053,0.0,active,2,50.613821307259286,168.13560024485065
run_heuristic_dara_42,109,8,relay,173.7935997149351,0.0,active,2,53.9108597698556,179.08807584405747
run_heuristic_dara_42,110,0,ground_a,0.0,0.0,active,0,0.0,0.0
run_heuristic_dara_42,110,1,ground_b,200.0,0.0,active,1,50.623144360751695,168.16657048861393
run_heuristic_dara_42,110,2,relay,34.40414870975526,0.0,active,0,0.0,0.0
run_heuristic_dara_42,110,3,relay,50.0,0.0,failed,0,0.0,0.0
run_heuristic_dara_42,110,4,relay,68.72222197462423,0.0,active,1,50.591657281402306,168.0619735845491
run_heuristic_dara_42,110,5,relay,95.0342612118743,0.0,active,2,50.59447095246062,168.07132031597712
run_heuristic_dara_42,110,6,relay,121.31836229289519,0.0,active,2,50.59624834178051,168.07722462399224
run_heuristic_dara_42,110,7,relay,147.6127568715071,0.0,active,2,50.60149163412768,168.09464231253654
run_heuristic_dara_42,110,8,relay,173.8447075515636,0.0,active,2,53.90861780326506,179.08062846641974
run_heuristic_dara_42,111,0,ground_a,0.0,0.0,active,0,0.0,0.0
run_heuristic_dara_42,111,1,ground_b,200.0,0.0,active,1,50.62336616614273,168.1673073037909
run_heuristic_dara_42,111,2,relay,34.28956505128991,0.0,active,0,0.0,0.0
run_heuristic_dara_42,111,3,relay,50.0,0.0,failed,0,0.0,0.0
run_heuristic_dara_42,111,4,relay,68.55555538223696,0.0,active,1,50.57683161118895,168.01272420464514
run_heuristic_dara_42,111,5,relay,94.94104348938362,0.0,active,2,50.579871030287435,168.0228208479939
run_heuristic_dara_42,111,6,relay,121.29644337713316,0.0,active,2,50.596413431234055,168.07777303510989
run_heuristic_dara_42,111,7,relay,147.51771176587835,0.0,active,2,50.59916749839495,168.0869217682413
run_heuristic_dara_42,111,8,relay,173.8458153881921,0.0,active,2,53.8991438406047,179.0491569224937
run_heuristic_dara_42,112,0,ground_a,0.0,0.0,active,0,0.0,0.0
run_heuristic_dara_42,112,1,ground_b,200.0,0.0,active,1,50.61356742115919,168.13475685983508
run_heuristic_dara_42,112,2,relay,34.15935649036417,0.0,active,0,0.0,0.0
run_heuristic_dara_42,112,3,relay,50.0,0.0,failed,0,0.0,0.0
run_heuristic_dara_42,112,4,relay,68.38888876756587,0.0,active,1,50.56642642080364,167.97815921339318
run_heuristic_dara_42,112,5,relay,94.82579108364014,0.0,active,2,50.56962466752384,167.98878346584456
run_heuristic_dara_42,112,6,relay,121.23110013609974,0.0,active,2,50.58933112927743,168.05424634281144
run_heuristic_dara_42,112,7,relay,147.4726666602496,0.0,active,2,50.597516860888945,168.08143851675692
run_heuristic_dara_42,112,8,relay,173.7969232248206,0.0,active,2,53.89060958892004,179.0208067972648
run_heuristic_dara_42,113,0,ground_a,0.0,0.0,active,0,0.0,0.0
run_heuristic_dara_42,113,1,ground_b,200.0,0.0,active,1,50.596640367394784,168.07852689353908
run_heuristic_dara_42,113,2,relay,34.07914792943842,0.0,active,0,0.0,0.0
run_heuristic_dara_42,113,3,relay,50.0,0.0,failed,0,0.0,0.0
run_heuristic_dara_42,113,4,relay,68.22222213729611,0.0,active,1,50.55912941398667,167.9539192943774
run_heuristic_dara_42,113,5,relay,94.69511439961971,0.0,active,2,50.56243923550739,167.96491418688285
run_heuristic_dara_42,113,6,relay,121.13535986737635,0.0,active,2,50.5756557306469,168.00881804857283
run_heuristic_dara_42,113,7,relay,147.47762155462084,0.0,active,2,50.59635278782573,168.0775715836044
run_heuristic_dara_42,113,8,relay,173.71269871046056,0.0,active,2,53.8842531378173,178.99969096156457
run_heuristic_dara_42,114,0,ground_a,0.0,0.0,active,0,0.0,0.0
run_heuristic_dara_42,114,1,ground_b,200.0,0.0,active,1,50.58974498392715,168.05562112528676
run_heuristic_dara_42,114,2,relay,34.04893936851268,0.0,active,0,0.0,0.0
run_heuristic_dara_42,114,3,relay,50.0,0.0,failed,0,0.0,0.0
run_heuristic_dara_42,114,4,relay,68.05555549610729,0.0,active,1,50.554014944112055,167.93692954267215
run_heuristic_dara_42,114,5,relay,94.5536407208054,0.0,active,2,50.55740306228893,167.94818452863967
run_heuristic_dara_42,114,6,relay,121.01834167926998,0.0,active,2,50.56590390967185,167.97642348430816
run_heuristic_dara_42,114,7,relay,147.43257644899208,0.0,active,2,50.58799278385097,168.04980049441411
run_heuristic_dara_42,114,8,relay,173.6784741961005,0.0,active,2,53.87695037831927,178.97543179077934
run_heuristic_dara_42,115,0,ground_a,0.0,0.0,active,0,0.0,0.0
run_heuristic_dara_42,115,1,ground_b,200.0,0.0,active,1,50.59292457928838,168.06618342027014
run_heuristic_dara_42,115,2,relay,33.97779337586466,0.0,active,0,0.0,0.0
run_heuristic_dara_42,115,3,relay,50.0,0.0,failed,0,0.0,0.0
run_heuristic_dara_42,115,4,relay,67.88888884727511,0.0,active,1,50.55043159415885,167.925026016611
run_heuristic_dara_42,115,5,relay,94.40460914563539,0.0,active,2,50.553874615377644,167.93646338485007
run_heuristic_dara_42,115,6,relay,120.88642894759552,0.0,active,2,50.55906303213554,167.95369878059017
run_heuristic_dara_42,115,7,relay,147.35104487505197,0.0,active,2,50.57309025566044,168.0002957999804
run_heuristic_dara_42,115,8,relay,173.69424968174044,0.0,active,2,53.870015994221475,178.95239653090186
run_heuristic_dara_42,116,0,ground_a,0.0,0.0,active,0,0.0,0.0
run_heuristic_dara_42,116,1,ground_b,200.0,0.0,active,1,50.586023858120086,168.04325992088604
run_heuristic_dara_42,116,2,relay,33.87799118101104,0.0,active,0,0.0,0.0
run_heuristic_dara_42,116,3,relay,50.0,0.0,failed,0,0.0,0.0
run_heuristic_dara_42,116,4,relay,67.72222219309259,0.0,active,1,50.54792166946072,167.9166883007135
run_heuristic_dara_42,116,5,relay,94.25028704301639,0.0,active,2,50.55140316960731,167.92825349200075
run_heuristic_dara_42,116,6,relay,120.7440900354234,0.0,active,2,50.55426724527023,167.93776766160195
run_heuristic_dara_42,116,7,relay,147.24397277329388,0.0,active,2,50.562149274285694,167.96395096522247
run_heuristic_dara_42,116,8,relay,173.66002516738038,0.0,active,2,53.856443034458465,178.9073083883932
run_heuristic_dara_42,117,0,ground_a,0.0,0.0,active,0,0.0,0.0
run_heuristic_dara_42,117,1,ground_b,200.0,0.0,active,1,50.57107792221059,167.99361103104883
run_heuristic_dara_42,117,2,relay,33.75812964461351,0.0,active,0,0.0,0.0
run_heuristic_dara_42,117,3,relay,50.0,0.0,failed,0,0.0,0.0
run_heuristic_dara_42,117,4,relay,67.55555553516483,0.0,active,1,50.54616394761641,167.91084932661516
run_heuristic_dara_42,117,5,relay,94.09226157118307,0.0,active,2,50.54384519602448,167.90314666851728
run_heuristic_dara_42,117,6,relay,120.65175112325127,0.0,active,2,50.55089813343743,167.9265758131914
run_heuristic_dara_42,117,7,relay,147.11902230206323,0.0,active,2,50.56029269173239,167.95778358543285
run_heuristic_dara_42,117,8,relay,173.58606800732835,0.0,active,2,53.837881754672246,178.84564938845585
run_heuristic_dara_42,118,0,ground_a,0.0,0.0,active,0,0.0,0.0
run_heuristic_dara_42,118,1,ground_b,200.0,0.0,active,1,50.550435312703726,167.92503836924092
run_heuristic_dara_42,118,2,relay,33.68826810821598,0.0,active,0,0.0,0.0
run_heuristic_dara_42,118,3,relay,50.0,0.0,failed,0,0.0,0.0
run_heuristic_dara_42,118,4,relay,67.38888887461539,0.0,active,1,50.53421874586816,167.87116857572593
run_heuristic_dara_42,118,5,relay,93.98423609934977,0.0,active,2,50.53854572448263,167.8855423605768
run_heuristic_dara_42,118,6,relay,120.53711388473079,0.0,active,2,50.552617089969814,167.9322860129248
run_heuristic_dara_42,118,7,relay,146.99407183083258,0.0,active,2,50.55898624201962,167.95344369161757
run_heuristic_dara_42,118,8,relay,173.48429799529194,0.0,active,2,53.81715866112734,178.77680894958783
run_heuristic_dara_42,119,0,ground_a,0.0,0.0,active,0,0.0,0.0
run_heuristic_dara_42,119,1,ground_b,200.0,0.0,active,1,50.53990059191341,167.8900430929445
run_heuristic_dara_42,119,2,relay,33.66840657181845,0.0,active,0,0.0,0.0
run_heuristic_dara_42,119,3,relay,50.0,0.0,failed,0,0.0,0.0
run_heuristic_dara_42,119,4,relay,67.22222221223078,0.0,active,1,50.52583957243897,167.8433338104678
run_heuristic_dara_42,119,5,relay,93.85861826906645,0.0,active,2,50.53482721705733,167.87318985566526
run_heuristic_dara_42,119,6,relay,120.40686781776644,0.0,active,2,50.547475545649256,167.9152063225995
run_heuristic_dara_42,119,7,relay,146.91912135960192,0.0,active,2,50.551019050516466,167.9269774871994
run_heuristic_dara_42,119,8,relay,173.4325279832555,0.0,active,2,53.80548596864632,178.73803323413557
run_heuristic_dara_42,120,0,ground_a,0.0,0.0,active,0,0.0,0.0
run_heuristic_dara_42,120,1,ground_b,200.0,0.0,active,1,50.53954000551498,167.88884526143545
run_heuristic_dara_42,120,2,relay,33.60450349634018,0.0,active,0,0.0,0.0
run_heuristic_dara_42,120,3,relay,50.0,0.0,failed,0,0.0,0.0
run_heuristic_dara_42,120,4,relay,67.05555554856156,0.0,active,1,50.519965542309905,167.8238208777464
run_heuristic_dara_42,120,5,relay,93.72068578786813,0.0,active,2,50.53221990299893,167.86452862267723
run_heuristic_dara_42,120,6,relay,120.2656955708914,0.0,active,2,50.54106641554892,167.8939158410766
run_heuristic_dara_42,120,7,relay,146.84417088837125,0.0,active,2,50.53683181175868,167.8798489159904
run_heuristic_dara_42,120,8,relay,173.4307579712191,0.0,active,2,53.79771929626154,178.71223312734307
run_heuristic_dara_42,121,0,ground_a,0.0,0.0,active,0,0.0,0.0
run_heuristic_dara_42,121,1,ground_b,200.0,0.0,active,1,50.52908997315477,167.85413131229913
run_heuristic_dara_42,121,2,relay,33.50977134350539,0.0,active,0,0.0,0.0
run_heuristic_dara_42,121,3,relay,50.0,0.0,failed,0,0.0,0.0
run_heuristic_dara_42,121,4,relay,66.8888888839931,0.0,active,1,50.51584949678326,167.81014779183167
run_heuristic_dara_42,121,5,relay,93.5741330510293,0.0,active,2,50.524519799639705,167.8389496592298
run_heuristic_dara_42,121,6,relay,120.17452332401636,0.0,active,2,50.52866672571153,167.85272532724343
run_heuristic_dara_42,121,7,relay,146.8192204171406,0.0,active,2,50.53275252199329,167.86629792876965
run_heuristic_dara_42,121,8,relay,173.3795189627936,0.0,active,2,53.79119354147666,178.69055502089455
run_heuristic_dara_42,122,0,ground_a,0.0,0.0,active,0,0.0,0.0
run_heuristic_dara_42,122,1,ground_b,200.0,0.0,active,1,50.52883700257206,167.85329096965302
run_heuristic_dara_42,122,2,relay,33.39345883652104,0.0,active,0,0.0,0.0
run_heuristic_dara_42,122,3,relay,50.0,0.0,failed,0,0.0,0.0
run_heuristic_dara_42,122,4,relay,66.72222221879518,0.0,active,1,50.512966192827534,167.8005697484967
run_heuristic_dara_42,122,5,relay,93.42154613524212,0.0,active,2,50.51168752326561,167.79632213790998
run_heuristic_dara_42,122,6,relay,120.13335107714133,0.0,active,2,50.51996143383241,167.82380723011022
run_heuristic_dara_42,122,7,relay,146.75175508727915,0.0,active,2,50.5286849414304,167.85278583794897
run_heuristic_dara_42,122,8,relay,173.3782799543681,0.0,active,2,53.78421828448055,178.66738391851302
run_heuristic_dara_42,123,0,ground_a,0.0,0.0,active,0,0.0,0.0
run_heuristic_dara_42,123,1,ground_b,200.0,0.0,active,1,50.51843995035887,167.81875301595102
run_heuristic_dara_42,123,2,relay,33.262040081631994,0.0,active,0,0.0,0.0
run_heuristic_dara_42,123,3,relay,50.0,0.0,failed,0,0.0,0.0
run_heuristic_dara_42,123,4,relay,66.55555555315664,0.0,active,1,50.49982211059492,167.75690644102394
run_heuristic_dara_42,123,5,relay,93.31895921945495,0.0,active,2,50.50267878542951,167.76639602489104
run_heuristic_dara_42,123,6,relay,120.0545305043288,0.0,active,2,50.511253858176765,167.7948815465786
run_heuristic_dara_42,123,7,relay,146.73428975741768,0.0,active,2,50.52582231783671,167.84327649269304
run_heuristic_dara_42,123,8,relay,173.32741264847027,0.0,active,2,53.77850716559578,178.6484119520618
run_heuristic_dara_42,124,0,ground_a,0.0,0.0,active,0,0.0,0.0
run_heuristic_dara_42,124,1,ground_b,200.0,0.0,active,1,50.518262484010904,167.8181634907358
run_heuristic_dara_42,124,2,relay,33.180621326742944,0.0,active,0,0.0,0.0
run_heuristic_dara_42,124,3,relay,50.0,0.0,failed,0,0.0,0.0
run_heuristic_dara_42,124,4,relay,66.38888888720966,0.0,active,1,50.4906001467577,167.72627201359396
run_heuristic_dara_42,124,5,relay,93.19714837840392,0.0,active,2,50.49636066582325,167.74540787302737
run_heuristic_dara_42,124,6,relay,119.94935610336003,0.0,active,2,50.50514746950272,167.7745967428515
run_heuristic_dara_42,124,7,relay,146.67206402651465,0.0,active,2,50.515158523413135,167.8078524485307
run_heuristic_dara_42,124,8,relay,173.32654534257242,0.0,active,2,53.77208728438037,178.6270857535726
run_heuristic_dara_42,125,0,ground_a,0.0,0.0,active,0,0.0,0.0
run_heuristic_dara_42,125,1,ground_b,200.0,0.0,active,1,50.5283057214634,167.85152610763805
run_heuristic_dara_42,125,2,relay,33.1492025718539,0.0,active,0,0.0,0.0
run_heuristic_dara_42,125,3,relay,50.0,0.0,failed,0,0.0,0.0
run_heuristic_dara_42,125,4,relay,66.22222222104678,0.0,active,1,50.48413440653228,167.70479348147015
run_heuristic_dara_42,125,5,relay,93.06188078966821,0.0,active,2,50.49193208823876,167.73069658811482
run_heuristic_dara_42,125,6,relay,119.8257340226819,0.0,active,2,50.50086755454237,167.7603792996996
run_heuristic_dara_42,125,7,relay,146.57850601488252,0.0,active,2,50.497443296020215,167.74900426057712
run_heuristic_dara_42,125,8,relay,173.37567803667457,0.0,active,2,53.7662640879387,178.6077418881696
run_heuristic_dara_42,126,0,ground_a,0.0,0.0,active,0,0.0,0.0
run_heuristic_dara_42,126,1,ground_b,200.0,0.0,active,1,50.52812861484789,167.85093777740576
run_heuristic_dara_42,126,2,relay,33.07720944343156,0.0,active,0,0.0,0.0
run_heuristic_dara_42,126,3,relay,50.0,0.0,failed,0,0.0,0.0
run_heuristic_dara_42,126,4,relay,66.05555555473276,0.0,active,1,50.47960330120891,167.68974161010675
run_heuristic_dara_42,126,5,relay,92.91719347755321,0.0,active,2,50.488829191707254,167.720389081104
run_heuristic_dara_42,126,6,relay,119.6891985662072,0.0,active,2,50.49046712952827,167.72583014406587
run_heuristic_dara_42,126,7,relay,146.5349480032504,0.0,active,2,50.48348575737016,167.70263873487195
run_heuristic_dara_42,126,8,relay,173.37481073077672,0.0,active,2,53.76171401105818,178.59262699141811
run_heuristic_dara_42,127,0,ground_a,0.0,0.0,active,0,0.0,0.0
run_heuristic_dara_42,127,1,ground_b,200.0,0.0,active,1,50.517783292543285,167.8165716652651
run_heuristic_dara_42,127,2,relay,32.97681425353593,0.0,active,0,0.0,0.0
run_heuristic_dara_42,127,3,relay,50.0,0.0,failed,0,0.0,0.0
run_heuristic_dara_42,127,4,relay,65.88888888831295,0.0,active,1,50.47642903200928,167.67919701052753
run_heuristic_dara_42,127,5,relay,92.76591235907271,0.0,active,2,50.48058128970577,167.69299038854217
run_heuristic_dara_42,127,6,relay,119.6026631097325,0.0,active,2,50.483183330170434,167.70163410245573
run_heuristic_dara_42,127,7,relay,146.45445739510794,0.0,active,2,50.47978190341187,167.69033490848173
run_heuristic_dara_42,127,8,relay,173.32420361664822,0.0,active,2,53.74956159819487,178.55225770102865
run_heuristic_dara_42,128,0,ground_a,0.0,0.0,active,0,0.0,0.0
run_heuristic_dara_42,128,1,ground_b,200.0,0.0,active,1,50.50027032911038,167.75839537743306
run_heuristic_dara_42,128,2,relay,32.85653762060898,0.0,active,0,0.0,0.0
run_heuristic_dara_42,128,3,relay,50.0,0.0,failed,0,0.0,0.0
run_heuristic_dara_42,128,4,relay,65.72222222181908,0.0,active,1,50.474205819840066,167.6718117257583
run_heuristic_dara_42,128,5,relay,92.61001557613636,0.0,active,2,50.46714259583031,167.64834841418502
run_heuristic_dara_42,128,6,relay,119.56612765325781,0.0,active,2,50.47023305186602,167.65861459493902
run_heuristic_dara_42,128,7,relay,146.42396678696545,0.0,active,2,50.48481915678882,167.70706815230693
run_heuristic_dara_42,128,8,relay,173.23877863675827,0.0,active,2,53.739948138860306,178.52032241325543
run_heuristic_dara_42,129,0,ground_a,0.0,0.0,active,0,0.0,0.0
run_heuristic_dara_42,129,1,ground_b,200.0,0.0,active,1,50.47766812010504,167.68331313520545
run_heuristic_dara_42,129,2,relay,32.78626098768204,0.0,active,0,0.0,0.0
run_heuristic_dara_42,129,3,relay,50.0,0.0,failed,0,0.0,0.0
run_heuristic_dara_42,129,4,relay,65.55555555527337,0.0,active,1,50.461642264023354,167.63007687143886
run_heuristic_dara_42,129,5,relay,92.5041187932,0.0,active,2,50.457719422464706,167.61704559113105
run_heuristic_dara_42,129,6,relay,119.49055283372552,0.0,active,2,50.466655328682805,167.6467297626912
run_heuristic_dara_42,129,7,relay,146.35262336126573,0.0,active,2,50.48833736013815,167.71875526657152
run_heuristic_dara_42,129,8,relay,173.1289811508353,0.0,active,2,53.72434243543441,178.46848140185529
run_heuristic_dara_42,130,0,ground_a,0.0,0.0,active,0,0.0,0.0
run_heuristic_dara_42,130,1,ground_b,200.0,0.0,active,1,50.46531458025342,167.64227593225442
run_heuristic_dara_42,130,2,relay,32.68706734463318,0.0,active,0,0.0,0.0
run_heuristic_dara_42,130,3,relay,50.0,0.0,failed,0,0.0,0.0
run_heuristic_dara_42,130,4,relay,65.38888888869137,0.0,active,1,50.43865881216763,167.55372818531652
run_heuristic_dara_42,130,5,relay,92.44822201026366,0.0,active,2,50.451095827394326,167.59504268322848
run_heuristic_dara_42,130,6,relay,119.38765046005291,0.0,active,2,50.47121798388271,167.66188643876808
run_heuristic_dara_42,130,7,relay,146.2526829632759,0.0,active,2,50.48390352885064,167.70402652935923
run_heuristic_dara_42,130,8,relay,173.06918366491234,0.0,active,2,53.709594850311724,178.41949117827642
run_heuristic_dara_42,131,0,ground_a,0.0,0.0,active,0,0.0,0.0
run_heuristic_dara_42,131,1,ground_b,200.0,0.0,active,1,50.46328755370216,167.6355423563131
run_heuristic_dara_42,131,2,relay,32.63787370158432,0.0,active,0,0.0,0.0
run_heuristic_dara_42,131,3,relay,50.0,0.0,failed,0,0.0,0.0
run_heuristic_dara_42,131,4,relay,65.22222222208397,0.0,active,1,50.422506435565566,167.50007163760284
run_heuristic_dara_42,131,5,relay,92.35909426220822,0.0,active,2,50.446421600554125,167.57951537923634
run_heuristic_dara_42,131,6,relay,119.2656187984821,0.0,active,2,50.47440608971763,167.67247700198345
run_heuristic_dara_42,131,7,relay,146.13272468468304,0.0,active,2,50.47232467354802,167.6655627492079
run_heuristic_dara_42,131,8,relay,173.05938617898937,0.0,active,2,53.69649219729327,178.3759654570277
run_heuristic_dara_42,132,0,ground_a,0.0,0.0,active,0,0.0,0.0
run_heuristic_dara_42,132,1,ground_b,200.0,0.0,active,1,50.4715998305209,167.66315489426094
run_heuristic_dara_42,132,2,relay,32.553438151450116,0.0,active,0,0.0,0.0
run_heuristic_dara_42,132,3,relay,50.0,0.0,failed,0,0.0,0.0
run_heuristic_dara_42,132,4,relay,65.0555555554588,0.0,active,1,50.411168310026085,167.46240754200147
run_heuristic_dara_42,132,5,relay,92.2467048385694,0.0,active,2,50.44313110767444,167.56858469871423
run_heuristic_dara_42,132,6,relay,119.13019663538252,0.0,active,2,50.47002288715574,167.657916448883
run_heuristic_dara_42,132,7,relay,146.06276640609016,0.0,active,2,50.45414505224501,167.60517189752971
run_heuristic_dara_42,132,8,relay,173.0995886930664,0.0,active,2,53.692208576123875,178.36173586908848
run_heuristic_dara_42,133,0,ground_a,0.0,0.0,active,0,0.0,0.0
run_heuristic_dara_42,133,1,ground_b,200.0,0.0,active,1,50.469575397823164,167.6564299347497
run_heuristic_dara_42,133,2,relay,32.444333266356175,0.0,active,0,0.0,0.0
run_heuristic_dara_42,133,3,relay,50.0,0.0,failed,0,0.0,0.0
run_heuristic_dara_42,133,4,relay,64.88888888882117,0.0,active,1,50.40321616418181,167.43599132582688
run_heuristic_dara_42,133,5,relay,92.11803224202224,0.0,active,2,50.434686700029935,167.54053323716474
run_heuristic_dara_42,133,6,relay,119.04477447228294,0.0,active,2,50.45877411140803,167.62054916057062
run_heuristic_dara_42,133,7,relay,146.0428081274973,0.0,active,2,50.446308802371384,167.57914067328056
run_heuristic_dara_42,133,8,relay,173.08979120714343,0.0,active,2,53.68941315025456,178.35244970872554
run_heuristic_dara_42,134,0,ground_a,0.0,0.0,active,0,0.0,0.0
run_heuristic_dara_42,134,1,ground_b,200.0,0.0,active,1,50.45781040191511,167.61734781555054
run_heuristic_dara_42,134,2,relay,32.33522838126223,0.0,active,0,0.0,0.0
run_heuristic_dara_42,134,3,relay,50.0,0.0,failed,0,0.0,0.0
run_heuristic_dara_42,134,4,relay,64.72222222217484,0.0,active,1,50.39764207341119,167.41747476594884
run_heuristic_dara_42,134,5,relay,91.97796142443921,0.0,active,2,50.421054346535975,167.49524794793427
run_heuristic_dara_42,134,6,relay,119.00935230918337,0.0,active,2,50.44112963485664,167.56193600649132
run_heuristic_dara_42,134,7,relay,146.0728498489044,0.0,active,2,50.44852483414835,167.58650210539972
run_heuristic_dara_42,134,8,relay,173.03293296699735,0.0,active,2,53.688345230417355,178.34890195378816
run_heuristic_dara_42,135,0,ground_a,0.0,0.0,active,0,0.0,0.0
run_heuristic_dara_42,135,1,ground_b,200.0,0.0,active,1,50.45638940305207,167.61262740199294
run_heuristic_dara_42,135,2,relay,32.27612349616829,0.0,active,0,0.0,0.0
run_heuristic_dara_42,135,3,relay,50.0,0.0,failed,0,0.0,0.0
run_heuristic_dara_42,135,4,relay,64.5555555555224,0.0,active,1,50.39373648652274,167.40450080557852
run_heuristic_dara_42,135,5,relay,91.8299118521311,0.0,active,2,50.402152379154806,167.43245754091424
run_heuristic_dara_42,135,6,relay,119.0239301460838,0.0,active,2,50.42776976645224,167.51755588683554
run_heuristic_dara_42,135,7,relay,146.05289157031154,0.0,active,2,50.450757223728424,167.5939178759187
run_heuristic_dara_42,135,8,relay,173.02607472685128,0.0,active,2,53.685773525743464,178.34035898455363
run_heuristic_dara_42,136,0,ground_a,0.0,0.0,active,0,0.0,0.0
run_heuristic_dara_42,136,1,ground_b,200.0,0.0,active,1,50.454967993581576,167.60790562445317
run_heuristic_dara_42,136,2,relay,32.26701861107435,0.0,active,0,0.0,0.0
run_heuristic_dara_42,136,3,relay,50.0,0.0,failed,0,0.0,0.0
run_heuristic_dara_42,136,4,relay,64.3888888888657,0.0,active,1,50.3910007495807,167.39541296719835
run_heuristic_dara_42,136,5,relay,91.67627715151542,0.0,active,2,50.38839112527267,167.3867440621654
run_heuristic_dara_42,136,6,relay,118.98850798298423,0.0,active,2,50.41833947181467,167.48622941298044
run_heuristic_dara_42,136,7,relay,145.98892077529652,0.0,active,2,50.44779577769234,167.58408025375564
run_heuristic_dara_42,136,8,relay,173.0192164867052,0.0,active,2,53.678634509038595,178.3166438700133
run_heuristic_dara_42,137,0,ground_a,0.0,0.0,active,0,0.0,0.0
run_heuristic_dara_42,137,1,ground_b,200.0,0.0,active,1,50.44359545624464,167.5701272138191
run_heuristic_dara_42,137,2,relay,32.21064519150859,0.0,active,0,0.0,0.0
run_heuristic_dara_42,137,3,relay,50.0,0.0,failed,0,0.0,0.0
run_heuristic_dara_42,137,4,relay,64.222222222206,0.0,active,1,50.37774749780321,167.35138702073894
run_heuristic_dara_42,137,5,relay,91.57264245089975,0.0,active,2,50.378731610622935,167.3546561428022
run_heuristic_dara_42,137,6,relay,118.91371246881452,0.0,active,2,50.40898922911672,167.45516886075495
run_heuristic_dara_42,137,7,relay,145.9749499802815,0.0,active,2,50.44571534923236,167.5771692825174
run_heuristic_dara_42,137,8,relay,172.96441571860296,0.0,active,2,53.673178206940065,178.29851836555457
run_heuristic_dara_42,138,0,ground_a,0.0,0.0,active,0,0.0,0.0
run_heuristic_dara_42,138,1,ground_b,200.0,0.0,active,1,50.44259792451399,167.5668135150604
run_heuristic_dara_42,138,2,relay,32.121183797812556,0.0,active,0,0.0,0.0
run_heuristic_dara_42,138,3,relay,50.0,0.0,failed,0,0.0,0.0
run_heuristic_dara_42,138,4,relay,64.05555555554422,0.0,active,1,50.368449217780196,167.3204990865481
run_heuristic_dara_42,138,5,relay,91.45009816046877,0.0,active,2,50.37195725066822,167.33215241258853
run_heuristic_dara_42,138,6,relay,118.81135560889574,0.0,active,2,50.40243221556108,167.4333871311489
run_heuristic_dara_42,138,7,relay,145.915170423771,0.0,active,2,50.43557670630786,167.5434897439826
run_heuristic_dara_42,138,8,relay,172.9596149505007,0.0,active,2,53.666623128057765,178.27674304163048
run_heuristic_dara_42,139,0,ground_a,0.0,0.0,active,0,0.0,0.0
run_heuristic_dara_42,139,1,ground_b,200.0,0.0,active,1,50.43149675901702,167.529936574975
run_heuristic_dara_42,139,2,relay,32.008560822225334,0.0,active,0,0.0,0.0
run_heuristic_dara_42,139,3,relay,50.0,0.0,failed,0,0.0,0.0
run_heuristic_dara_42,139,4,relay,63.88888888888097,0.0,active,1,50.36193010757668,167.2988432703022
run_heuristic_dara_42,139,5,relay,91.31431715716708,0.0,active,2,50.36720896360927,167.31637908932504
run_heuristic_dara_42,139,6,relay,118.68970580695259,0.0,active,2,50.39783649155787,167.4181206054016
run_heuristic_dara_42,139,7,relay,145.82332473421366,0.0,active,2,50.42846704504799,167.5198721742754
run_heuristic_dara_42,139,8,relay,172.90625441282913,0.0,active,2,53.65320251355703,178.23216090962686
run_heuristic_dara_42,140,0,ground_a,0.0,0.0,active,0,0.0,0.0
run_heuristic_dara_42,140,1,ground_b,200.0,0.0,active,1,50.430796794161196,167.52761136310966
run_heuristic_dara_42,140,2,relay,31.87972473931428,0.0,active,0,0.0,0.0
run_heuristic_dara_42,140,3,relay,50.0,0.0,failed,0,0.0,0.0
run_heuristic_dara_42,140,4,relay,63.72222222221669,0.0,active,1,50.357361668823984,167.28366738495762
run_heuristic_dara_42,140,5,relay,91.1692704548559,0.0,active,2,50.3638821032775,167.30532760016632
run_heuristic_dara_42,140,6,relay,118.55455094559238,0.0,active,2,50.39461663183046,167.40742456035065
run_heuristic_dara_42,140,7,relay,145.7090327515235,0.0,active,2,50.41471593546322,167.47419239151077
run_heuristic_dara_42,140,8,relay,172.90289387515756,0.0,active,2,53.641036120794176,178.19174538059707
run_heuristic_dara_42,141,0,ground_a,0.0,0.0,active,0,0.0,0.0
run_heuristic_dara_42,141,1,ground_b,200.0,0.0,active,1,50.419879525213645,167.4913453094997
run_heuristic_dara_42,141,2,relay,31.73953948127654,0.0,active,0,0.0,0.0
run_heuristic_dara_42,141,3,relay,50.0,0.0,failed,0,0.0,0.0
run_heuristic_dara_42,141,4,relay,63.5555555555517,0.0,active,1,50.354161278882046,167.27303601764683
run_heuristic_dara_42,141,5,relay,91.01773776323807,0.0,active,2,50.36155180050506,167.2975865731673
run_heuristic_dara_42,141,6,relay,118.40994254264024,0.0,active,2,50.38548691664841,167.37709657912825
run_heuristic_dara_42,141,7,relay,145.64474076883334,0.0,active,2,50.40506739401857,167.44214092223228
run_heuristic_dara_42,141,8,relay,172.85054149878746,0.0,active,2,53.63056632973159,178.15696558836152
run_heuristic_dara_42,142,0,ground_a,0.0,0.0,active,0,0.0,0.0
run_heuristic_dara_42,142,1,ground_b,200.0,0.0,active,1,50.40175767725786,167.43114638129933
run_heuristic_dara_42,142,2,relay,31.649354223238802,0.0,active,0,0.0,0.0
run_heuristic_dara_42,142,3,relay,50.0,0.0,failed,0,0.0,0.0
run_heuristic_dara_42,142,4,relay,63.38888888888621,0.0,active,1,50.351919788442714,167.2655900162286
run_heuristic_dara_42,142,5,relay,90.8616648791056,0.0,active,2,50.35991985280621,167.29216541018081
run_heuristic_dara_42,142,6,relay,118.25871666057374,0.0,active,2,50.37907903225443,167.35581024233693
run_heuristic_dara_42,142,7,relay,145.54973638095024,0.0,active,2,50.39829608392706,167.4196473222592
run_heuristic_dara_42,142,8,relay,172.7638948353284,0.0,active,2,53.614469566550895,178.1034934297019
run_heuristic_dara_42,143,0,ground_a,0.0,0.0,active,0,0.0,0.0
run_heuristic_dara_42,143,1,ground_b,200.0,0.0,active,1,50.39407320074706,167.4056193358048
run_heuristic_dara_42,143,2,relay,31.609168965201064,0.0,active,0,0.0,0.0
run_heuristic_dara_42,143,3,relay,50.0,0.0,failed,0,0.0,0.0
run_heuristic_dara_42,143,4,relay,63.22222222222036,0.0,active,1,50.3503501482612,167.26037583250275
run_heuristic_dara_42,143,5,relay,90.70241386021287,0.0,active,2,50.35877712872633,167.28836939792558
run_heuristic_dara_42,143,6,relay,118.10285854312718,0.0,active,2,50.37458511899566,167.3408819222575
run_heuristic_dara_42,143,7,relay,145.43323330943207,0.0,active,2,50.38578760577789,167.37809543674865
run_heuristic_dara_42,143,8,relay,172.72724817186932,0.0,active,2,53.59967355782996,178.05434245082745
run_heuristic_dara_42,144,0,ground_a,0.0,0.0,active,0,0.0,0.0
run_heuristic_dara_42,144,1,ground_b,200.0,0.0,active,1,50.3781718773004,167.3527967659911
run_heuristic_dara_42,144,2,relay,31.618983707163327,0.0,active,0,0.0,0.0
run_heuristic_dara_42,144,3,relay,50.0,0.0,failed,0,0.0,0.0
run_heuristic_dara_42,144,4,relay,63.055555555554264,0.0,active,1,50.34925110755994,167.25672493200352
run_heuristic_dara_42,144,5,relay,90.54093814698795,0.0,active,2,50.357977045073916,167.28571160205325
run_heuristic_dara_42,144,6,relay,117.9437578609146,0.0,active,2,50.371435258631074,167.33041840852815
run_heuristic_dara_42,144,7,relay,145.30168115936934,0.0,active,2,50.37701077028281,167.34893968732965
run_heuristic_dara_42,144,8,relay,172.65159550744798,0.0,active,2,53.58056264474424,177.9908576423837
run_heuristic_dara_42,145,0,ground_a,0.0,0.0,active,0,0.0,0.0
run_heuristic_dara_42,145,1,ground_b,200.0,0.0,active,1,50.362219691669424,167.2998052389855
run_heuristic_dara_42,145,2,relay,31.57879844912559,0.0,active,0,0.0,0.0
run_heuristic_dara_42,145,3,relay,50.0,0.0,failed,0,0.0,0.0
run_heuristic_dara_42,145,4,relay,62.888888888888,0.0,active,1,50.34848163567136,167.25416882530672
run_heuristic_dara_42,145,5,relay,90.37790514773052,0.0,active,2,50.35741689986704,167.2838508571027
run_heuristic_dara_42,145,6,relay,117.78238738336579,0.0,active,2,50.369228334324404,167.3230872319404
run_heuristic_dara_42,145,7,relay,145.15959465432545,0.0,active,2,50.3679760242571,167.3189271861905
run_heuristic_dara_42,145,8,relay,172.57594284302664,0.0,active,2,53.56036259548427,177.92375483705385
run_heuristic_dara_42,146,0,ground_a,0.0,0.0,active,0,0.0,0.0
run_heuristic_dara_42,146,1,ground_b,200.0,0.0,active,1,50.35679896943323,167.28179815525937
run_heuristic_dara_42,146,2,relay,31.50066876849917,0.0,active,0,0.0,0.0
run_heuristic_dara_42,146,3,relay,50.0,0.0,failed,0,0.0,0.0
run_heuristic_dara_42,146,4,relay,62.72222222222161,0.0,active,1,50.347942935072055,167.2523793171674
run_heuristic_dara_42,146,5,relay,90.21378204825031,0.0,active,2,50.35702475575681,167.282548194573
run_heuristic_dara_42,146,6,relay,117.61942804908162,0.0,active,2,50.361625050323106,167.29782990143542
run_heuristic_dara_42,146,7,relay,145.06750814928154,0.0,active,2,50.35347262946407,167.27074839493167
run_heuristic_dara_42,146,8,relay,172.55029017860528,0.0,active,2,53.54887311487223,177.88558785484702
run_heuristic_dara_42,147,0,ground_a,0.0,0.0,active,0,0.0,0.0
run_heuristic_dara_42,147,1,ground_b,200.0,0.0,active,1,50.342410431235635,167.2340009069805
run_heuristic_dara_42,147,2,relay,31.39597799206068,0.0,active,0,0.0,0.0
run_heuristic_dara_42,147,3,relay,50.0,0.0,failed,0,0.0,0.0
run_heuristic_dara_42,147,4,relay,62.55555555555514,0.0,active,1,50.3475658102124,167.2511265470645
run_heuristic_dara_42,147,5,relay,90.04889587861416,0.0,active,2,50.35135102602135,167.26370064583648
run_heuristic_dara_42,147,6,relay,117.50646871479745,0.0,active,2,50.34863696888415,167.25468482645738
run_heuristic_dara_42,147,7,relay,145.02542164423764,0.0,active,2,50.348706885303,167.25491708163327
run_heuristic_dara_42,147,8,relay,172.48233331351034,0.0,active,2,53.539797955687476,177.85544082794675
run_heuristic_dara_42,148,0,ground_a,0.0,0.0,active,0,0.0,0.0
run_heuristic_dara_42,148,1,ground_b,200.0,0.0,active,1,50.3386015116247,167.22134806690076
run_heuristic_dara_42,148,2,relay,31.272694448553736,0.0,active,0,0.0,0.0
run_heuristic_dara_42,148,3,relay,50.0,0.0,failed,0,0.0,0.0
run_heuristic_dara_42,148,4,relay,62.38888888888861,0.0,active,1,50.34730180593344,167.2502495519288
run_heuristic_dara_42,148,5,relay,89.88347555986886,0.0,active,2,50.34036044905678,167.22719107670724
run_heuristic_dara_42,148,6,relay,117.44350938051328,0.0,active,2,50.33952729339861,167.22442341907333
run_heuristic_dara_42,148,7,relay,144.9459610907069,0.0,active,2,50.34394358960541,167.23909390179273
run_heuristic_dara_42,148,8,relay,172.46437644841538,0.0,active,2,53.5301693530996,177.82345552415632
run_heuristic_dara_42,149,0,ground_a,0.0,0.0,active,0,0.0,0.0
run_heuristic_dara_42,149,1,ground_b,200.0,0.0,active,1,50.34539631797206,167.24391971638175
run_heuristic_dara_42,149,2,relay,31.136395968098874,0.0,active,0,0.0,0.0
run_heuristic_dara_42,149,3,relay,50.0,0.0,failed,0,0.0,0.0
run_heuristic_dara_42,149,4,relay,62.22222222222204,0.0,active,1,50.33643464205741,167.21414994860612
run_heuristic_dara_42,149,5,relay,89.76805524112355,0.0,active,2,50.33265844951898,167.20160582471254
run_heuristic_dara_42,149,6,relay,117.34943784651436,0.0,active,2,50.330404047131296,167.19411693142627
run_heuristic_dara_42,149,7,relay,144.91650053717618,0.0,active,2,50.33055962313406,167.19463373892972
run_heuristic_dara_42,149,8,relay,172.49641958332043,0.0,active,2,53.52920271364792,177.82024457886968
