scenario_idx,desc,seed,d_ab,fail_id,tick,connected,solver_status,min_slack,min_slack_u,min_slack_v,max_speed,chain_order,max_chain_dist,max_chain_link,chain_dists_str
1,"N=9, d=185m (margin 1.57m), Fail 5@t=10",2051,185,5,0,True,SOLVED,-157.0,0,1,0.386463187711986,"[np.int64(0), np.int64(2), np.int64(3), np.int64(4), np.int64(5), np.int64(6), np.int64(7), np.int64(8), np.int64(1)]",23.13924164091593,"(np.int64(7), np.int64(8))",0-2:23.13;2-3:23.12;3-4:23.13;4-5:23.12;5-6:23.12;6-7:23.13;7-8:23.14;8-1:23.10
1,"N=9, d=185m (margin 1.57m), Fail 5@t=10",2051,185,5,1,True,SOLVED,-157.0,0,1,0.698172575412788,"[np.int64(0), np.int64(2), np.int64(3), np.int64(4), np.int64(5), np.int64(6), np.int64(7), np.int64(8), np.int64(1)]",23.15545056602974,"(np.int64(5), np.int64(6))",0-2:23.13;2-3:23.12;3-4:23.12;4-5:23.12;5-6:23.16;6-7:23.13;7-8:23.12;8-1:23.09
1,"N=9, d=185m (margin 1.57m), Fail 5@t=10",2051,185,5,2,True,SOLVED,-157.0,0,1,0.5924503908903587,"[np.int64(0), np.int64(2), np.int64(3), np.int64(4), np.int64(5), np.int64(6), np.int64(7), np.int64(8), np.int64(1)]",23.18557218120646,"(np.int64(4), np.int64(5))",0-2:23.13;2-3:23.12;3-4:23.11;4-5:23.19;5-6:23.15;6-7:23.14;7-8:23.07;8-1:23.10
1,"N=9, d=185m (margin 1.57m), Fail 5@t=10",2051,185,5,3,True,SOLVED,-157.0,0,1,0.4813287447183983,"[np.int64(0), np.int64(2), np.int64(3), np.int64(4), np.int64(5), np.int64(6), np.int64(7), np.int64(8), np.int64(1)]",23.18836475134786,"(np.int64(4), np.int64(5))",0-2:23.13;2-3:23.10;3-4:23.16;4-5:23.19;5-6:23.15;6-7:23.11;7-8:23.09;8-1:23.07
1,"N=9, d=185m (margin 1.57m), Fail 5@t=10",2051,185,5,4,True,SOLVED,-157.0,0,1,0.5887313763807086,"[np.int64(0), np.int64(2), np.int64(3), np.int64(4), np.int64(5), np.int64(6), np.int64(7), np.int64(8), np.int64(1)]",23.173171716526003,"(np.int64(3), np.int64(4))",0-2:23.11;2-3:23.15;3-4:23.17;4-5:23.16;5-6:23.16;6-7:23.08;7-8:23.11;8-1:23.05
1,"N=9, d=185m (margin 1.57m), Fail 5@t=10",2051,185,5,5,True,SOLVED,-157.0,0,1,0.3551242115283446,"[np.int64(0), np.int64(2), np.int64(3), np.int64(4), np.int64(5), np.int64(6), np.int64(7), np.int64(8), np.int64(1)]",23.16614565591775,"(np.int64(3), np.int64(4))",0-2:23.14;2-3:23.16;3-4:23.17;4-5:23.15;5-6:23.14;6-7:23.11;7-8:23.08;8-1:23.07
1,"N=9, d=185m (margin 1.57m), Fail 5@t=10",2051,185,5,6,True,SOLVED,-157.0,0,1,0.49183399166898584,"[np.int64(0), np.int64(2), np.int64(3), np.int64(4), np.int64(5), np.int64(6), np.int64(7), np.int64(8), np.int64(1)]",23.17126751194796,"(np.int64(0), np.int64(2))",0-2:23.17;2-3:23.16;3-4:23.13;4-5:23.14;5-6:23.15;6-7:23.11;7-8:23.08;8-1:23.07
1,"N=9, d=185m (margin 1.57m), Fail 5@t=10",2051,185,5,7,True,SOLVED,-157.0,0,1,0.5244961066931445,"[np.int64(0), np.int64(2), np.int64(3), np.int64(4), np.int64(5), np.int64(6), np.int64(7), np.int64(8), np.int64(1)]",23.22275767917402,"(np.int64(0), np.int64(2))",0-2:23.22;2-3:23.11;3-4:23.11;4-5:23.16;5-6:23.12;6-7:23.11;7-8:23.10;8-1:23.07
1,"N=9, d=185m (margin 1.57m), Fail 5@t=10",2051,185,5,8,True,SOLVED,-157.0,0,1,0.518976572886764,"[np.int64(0), np.int64(2), np.int64(3), np.int64(4), np.int64(5), np.int64(6), np.int64(7), np.int64(8), np.int64(1)]",23.228218049757338,"(np.int64(0), np.int64(2))",0-2:23.23;2-3:23.12;3-4:23.14;4-5:23.12;5-6:23.08;6-7:23.14;7-8:23.10;8-1:23.07
1,"N=9, d=185m (margin 1.57m), Fail 5@t=10",2051,185,5,9,True,SOLVED,-157.0,0,1,0.33667624769338544,"[np.int64(0), np.int64(2), np.int64(3), np.int64(4), np.int64(5), np.int64(6), np.int64(7), np.int64(8), np.int64(1)]",23.21786711852711,"(np.int64(0), np.int64(2))",0-2:23.22;2-3:23.16;3-4:23.13;4-5:23.07;5-6:23.09;6-7:23.14;7-8:23.09;8-1:23.10
1,"N=9, d=185m (margin 1.57m), Fail 5@t=10",2051,185,5,10,False,DISCONNECTED_BYPASS,-157.0,0,1,0.3991891552667693,"[np.int64(0), np.int64(2), np.int64(3), np.int64(4), np.int64(6), np.int64(7), np.int64(8), np.int64(1)]",46.09607235207972,"(np.int64(4), np.int64(6))",0-2:23.20;2-3:23.21;3-4:23.14;4-6:46.10;6-7:23.15;7-8:23.11;8-1:23.09
1,"N=9, d=185m (margin 1.57m), Fail 5@t=10",2051,185,5,11,False,DISCONNECTED_BYPASS,-157.0,0,1,0.5387584040304164,"[np.int64(0), np.int64(2), np.int64(3), np.int64(4), np.int64(6), np.int64(7), np.int64(8), np.int64(1)]",45.99178205941608,"(np.int64(4), np.int64(6))",0-2:23.22;2-3:23.18;3-4:23.20;4-6:45.99;6-7:23.19;7-8:23.14;8-1:23.08
1,"N=9, d=185m (margin 1.57m), Fail 5@t=10",2051,185,5,12,False,DISCONNECTED_BYPASS,-157.0,0,1,0.8116146355560684,"[np.int64(0), np.int64(2), np.int64(3), np.int64(4), np.int64(6), np.int64(7), np.int64(8), np.int64(1)]",45.847840206563426,"(np.int64(4), np.int64(6))",0-2:23.23;2-3:23.19;3-4:23.25;4-6:45.85;6-7:23.27;7-8:23.12;8-1:23.09
1,"N=9, d=185m (margin 1.57m), Fail 5@t=10",2051,185,5,13,False,DISCONNECTED_BYPASS,-157.0,0,1,1.083984569633338,"[np.int64(0), np.int64(2), np.int64(3), np.int64(4), np.int64(6), np.int64(7), np.int64(8), np.int64(1)]",45.662747634895204,"(np.int64(4), np.int64(6))",0-2:23.24;2-3:23.23;3-4:23.28;4-6:45.66;6-7:23.33;7-8:23.17;8-1:23.10
1,"N=9, d=185m (margin 1.57m), Fail 5@t=10",2051,185,5,14,False,DISCONNECTED_BYPASS,-157.0,0,1,1.3236369470067963,"[np.int64(0), np.int64(2), np.int64(3), np.int64(4), np.int64(6), np.int64(7), np.int64(8), np.int64(1)]",45.44216676531651,"(np.int64(4), np.int64(6))",0-2:23.27;2-3:23.27;3-4:23.29;4-6:45.44;6-7:23.38;7-8:23.22;8-1:23.12
1,"N=9, d=185m (margin 1.57m), Fail 5@t=10",2051,185,5,15,False,DISCONNECTED_BYPASS,-157.0,0,1,1.5176420926977046,"[np.int64(0), np.int64(2), np.int64(3), np.int64(4), np.int64(6), np.int64(7), np.int64(8), np.int64(1)]",45.19235964930652,"(np.int64(4), np.int64(6))",0-2:23.31;2-3:23.32;3-4:23.30;4-6:45.19;6-7:23.42;7-8:23.28;8-1:23.18
1,"N=9, d=185m (margin 1.57m), Fail 5@t=10",2051,185,5,16,False,DISCONNECTED_BYPASS,-157.0,0,1,1.6571774570922677,"[np.int64(0), np.int64(2), np.int64(3), np.int64(4), np.int64(6), np.int64(7), np.int64(8), np.int64(1)]",44.91973201345755,"(np.int64(4), np.int64(6))",0-2:23.38;2-3:23.34;3-4:23.32;4-6:44.92;6-7:23.46;7-8:23.33;8-1:23.26
1,"N=9, d=185m (margin 1.57m), Fail 5@t=10",2051,185,5,17,False,DISCONNECTED_BYPASS,-157.0,0,1,1.7634241821945966,"[np.int64(0), np.int64(2), np.int64(3), np.int64(4), np.int64(6), np.int64(7), np.int64(8), np.int64(1)]",44.62907772127219,"(np.int64(4), np.int64(6))",0-2:23.43;2-3:23.39;3-4:23.33;4-6:44.63;6-7:23.48;7-8:23.40;8-1:23.34
1,"N=9, d=185m (margin 1.57m), Fail 5@t=10",2051,185,5,18,False,DISCONNECTED_BYPASS,-157.0,0,1,1.8451724935664555,"[np.int64(0), np.int64(2), np.int64(3), np.int64(4), np.int64(6), np.int64(7), np.int64(8), np.int64(1)]",44.323267100898384,"(np.int64(4), np.int64(6))",0-2:23.46;2-3:23.43;3-4:23.38;4-6:44.32;6-7:23.50;7-8:23.50;8-1:23.40
1,"N=9, d=185m (margin 1.57m), Fail 5@t=10",2051,185,5,19,False,DISCONNECTED_BYPASS,-157.0,0,1,1.9101131116187238,"[np.int64(0), np.int64(2), np.int64(3), np.int64(4), np.int64(6), np.int64(7), np.int64(8), np.int64(1)]",44.00417550426146,"(np.int64(4), np.int64(6))",0-2:23.47;2-3:23.48;3-4:23.45;4-6:44.00;6-7:23.58;7-8:23.53;8-1:23.48
1,"N=9, d=185m (margin 1.57m), Fail 5@t=10",2051,185,5,20,False,DISCONNECTED_BYPASS,-157.0,0,1,1.9539444038789004,"[np.int64(0), np.int64(2), np.int64(3), np.int64(4), np.int64(6), np.int64(7), np.int64(8), np.int64(1)]",43.674370818151914,"(np.int64(4), np.int64(6))",0-2:23.50;2-3:23.53;3-4:23.51;4-6:43.67;6-7:23.65;7-8:23.60;8-1:23.54
1,"N=9, d=185m (margin 1.57m), Fail 5@t=10",2051,185,5,21,False,DISCONNECTED_BYPASS,-157.0,0,1,1.9784957271912196,"[np.int64(0), np.int64(2), np.int64(3), np.int64(4), np.int64(6), np.int64(7), np.int64(8), np.int64(1)]",43.33601393195954,"(np.int64(4), np.int64(6))",0-2:23.56;2-3:23.56;3-4:23.56;4-6:43.34;6-7:23.71;7-8:23.66;8-1:23.61
1,"N=9, d=185m (margin 1.57m), Fail 5@t=10",2051,185,5,22,False,DISCONNECTED_BYPASS,-157.0,0,1,1.9952668100036655,"[np.int64(0), np.int64(2), np.int64(3), np.int64(4), np.int64(6), np.int64(7), np.int64(8), np.int64(1)]",42.99036802860566,"(np.int64(4), np.int64(6))",0-2:23.63;2-3:23.58;3-4:23.61;4-6:42.99;6-7:23.78;7-8:23.72;8-1:23.69
1,"N=9, d=185m (margin 1.57m), Fail 5@t=10",2051,185,5,23,False,DISCONNECTED_BYPASS,-157.0,0,1,2.004011930010874,"[np.int64(0), np.int64(2), np.int64(3), np.int64(4), np.int64(6), np.int64(7), np.int64(8), np.int64(1)]",42.638903393071374,"(np.int64(4), np.int64(6))",0-2:23.69;2-3:23.63;3-4:23.66;4-6:42.64;6-7:23.83;7-8:23.82;8-1:23.73
1,"N=9, d=185m (margin 1.57m), Fail 5@t=10",2051,185,5,24,False,DISCONNECTED_BYPASS,-157.0,0,1,2.020844898102585,"[np.int64(0), np.int64(2), np.int64(3), np.int64(4), np.int64(6), np.int64(7), np.int64(8), np.int64(1)]",42.28189691900008,"(np.int64(4), np.int64(6))",0-2:23.72;2-3:23.70;3-4:23.71;4-6:42.28;6-7:23.90;7-8:23.89;8-1:23.80
1,"N=9, d=185m (margin 1.57m), Fail 5@t=10",2051,185,5,25,False,DISCONNECTED_BYPASS,-157.0,0,1,2.0462536746202673,"[np.int64(0), np.int64(2), np.int64(3), np.int64(4), np.int64(6), np.int64(7), np.int64(8), np.int64(1)]",41.91998498702357,"(np.int64(4), np.int64(6))",0-2:23.75;2-3:23.78;3-4:23.76;4-6:41.92;6-7:23.98;7-8:23.93;8-1:23.89
1,"N=9, d=185m (margin 1.57m), Fail 5@t=10",2051,185,5,26,False,DISCONNECTED_BYPASS,-157.0,0,1,2.055285708682298,"[np.int64(0), np.int64(2), np.int64(3), np.int64(4), np.int64(6), np.int64(7), np.int64(8), np.int64(1)]",41.55440994848165,"(np.int64(4), np.int64(6))",0-2:23.82;2-3:23.81;3-4:23.82;4-6:41.55;6-7:24.06;7-8:24.01;8-1:23.93
1,"N=9, d=185m (margin 1.57m), Fail 5@t=10",2051,185,5,27,False,DISCONNECTED_BYPASS,-157.0,0,1,2.0592926360155817,"[np.int64(0), np.int64(2), np.int64(3), np.int64(4), np.int64(6), np.int64(7), np.int64(8), np.int64(1)]",41.186429580821674,"(np.int64(4), np.int64(6))",0-2:23.88;2-3:23.85;3-4:23.88;4-6:41.19;6-7:24.14;7-8:24.07;8-1:23.99
1,"N=9, d=185m (margin 1.57m), Fail 5@t=10",2051,185,5,28,False,DISCONNECTED_BYPASS,-157.0,0,1,2.063299660685691,"[np.int64(0), np.int64(2), np.int64(3), np.int64(4), np.int64(6), np.int64(7), np.int64(8), np.int64(1)]",40.813771476623295,"(np.int64(4), np.int64(6))",0-2:23.92;2-3:23.91;3-4:23.94;4-6:40.81;6-7:24.20;7-8:24.13;8-1:24.08
1,"N=9, d=185m (margin 1.57m), Fail 5@t=10",2051,185,5,29,False,DISCONNECTED_BYPASS,-157.0,0,1,2.0673067821266273,"[np.int64(0), np.int64(2), np.int64(3), np.int64(4), np.int64(6), np.int64(7), np.int64(8), np.int64(1)]",40.438532083885995,"(np.int64(4), np.int64(6))",0-2:23.97;2-3:23.97;3-4:24.00;4-6:40.44;6-7:24.27;7-8:24.17;8-1:24.17
1,"N=9, d=185m (margin 1.57m), Fail 5@t=10",2051,185,5,30,False,DISCONNECTED_BYPASS,-157.0,0,1,2.071313999776758,"[np.int64(0), np.int64(2), np.int64(3), np.int64(4), np.int64(6), np.int64(7), np.int64(8), np.int64(1)]",40.06111651911105,"(np.int64(4), np.int64(6))",0-2:24.03;2-3:24.03;3-4:24.05;4-6:40.06;6-7:24.34;7-8:24.27;8-1:24.22
1,"N=9, d=185m (margin 1.57m), Fail 5@t=10",2051,185,5,31,False,DISCONNECTED_BYPASS,-157.0,0,1,2.075321313078774,"[np.int64(0), np.int64(2), np.int64(3), np.int64(4), np.int64(6), np.int64(7), np.int64(8), np.int64(1)]",39.681688230224424,"(np.int64(4), np.int64(6))",0-2:24.10;2-3:24.09;3-4:24.10;4-6:39.68;6-7:24.40;7-8:24.36;8-1:24.28
1,"N=9, d=185m (margin 1.57m), Fail 5@t=10",2051,185,5,32,False,DISCONNECTED_BYPASS,-157.0,0,1,2.0883163020927804,"[np.int64(0), np.int64(2), np.int64(3), np.int64(4), np.int64(6), np.int64(7), np.int64(8), np.int64(1)]",39.2997914497367,"(np.int64(4), np.int64(6))",0-2:24.18;2-3:24.14;3-4:24.14;4-6:39.30;6-7:24.47;7-8:24.44;8-1:24.34
1,"N=9, d=185m (margin 1.57m), Fail 5@t=10",2051,185,5,33,False,DISCONNECTED_BYPASS,-157.0,0,1,2.0939163499529787,"[np.int64(0), np.int64(2), np.int64(3), np.int64(4), np.int64(6), np.int64(7), np.int64(8), np.int64(1)]",38.916541907598784,"(np.int64(4), np.int64(6))",0-2:24.26;2-3:24.18;3-4:24.19;4-6:38.92;6-7:24.55;7-8:24.49;8-1:24.41
1,"N=9, d=185m (margin 1.57m), Fail 5@t=10",2051,185,5,34,False,DISCONNECTED_BYPASS,-157.0,0,1,2.097926250928088,"[np.int64(0), np.int64(2), np.int64(3), np.int64(4), np.int64(6), np.int64(7), np.int64(8), np.int64(1)]",38.53222396393111,"(np.int64(4), np.int64(6))",0-2:24.33;2-3:24.24;3-4:24.24;4-6:38.53;6-7:24.65;7-8:24.51;8-1:24.50
1,"N=9, d=185m (margin 1.57m), Fail 5@t=10",2051,185,5,35,False,DISCONNECTED_BYPASS,-157.0,0,1,2.1019362361093012,"[np.int64(0), np.int64(2), np.int64(3), np.int64(4), np.int64(6), np.int64(7), np.int64(8), np.int64(1)]",38.146752423800926,"(np.int64(4), np.int64(6))",0-2:24.36;2-3:24.32;3-4:24.30;4-6:38.15;6-7:24.73;7-8:24.56;8-1:24.58
1,"N=9, d=185m (margin 1.57m), Fail 5@t=10",2051,185,5,36,False,DISCONNECTED_BYPASS,-157.0,0,1,2.1059463050156024,"[np.int64(0), np.int64(2), np.int64(3), np.int64(4), np.int64(6), np.int64(7), np.int64(8), np.int64(1)]",37.75994118554752,"(np.int64(4), np.int64(6))",0-2:24.38;2-3:24.39;3-4:24.39;4-6:37.76;6-7:24.80;7-8:24.63;8-1:24.66
1,"N=9, d=185m (margin 1.57m), Fail 5@t=10",2051,185,5,37,False,DISCONNECTED_BYPASS,-157.0,0,1,2.1099564571696208,"[np.int64(0), np.int64(2), np.int64(3), np.int64(4), np.int64(6), np.int64(7), np.int64(8), np.int64(1)]",37.371832302034974,"(np.int64(4), np.int64(6))",0-2:24.44;2-3:24.40;3-4:24.50;4-6:37.37;6-7:24.89;7-8:24.70;8-1:24.71
1,"N=9, d=185m (margin 1.57m), Fail 5@t=10",2051,185,5,38,False,DISCONNECTED_BYPASS,-157.0,0,1,2.1139666920975997,"[np.int64(0), np.int64(2), np.int64(3), np.int64(4), np.int64(6), np.int64(7), np.int64(8), np.int64(1)]",36.98315653561865,"(np.int64(4), np.int64(6))",0-2:24.48;2-3:24.44;3-4:24.59;4-6:36.98;6-7:24.98;7-8:24.77;8-1:24.75
1,"N=9, d=185m (margin 1.57m), Fail 5@t=10",2051,185,5,39,False,DISCONNECTED_BYPASS,-157.0,0,1,2.1249251822232242,"[np.int64(0), np.int64(2), np.int64(3), np.int64(4), np.int64(6), np.int64(7), np.int64(8), np.int64(1)]",36.59128637112868,"(np.int64(4), np.int64(6))",0-2:24.51;2-3:24.51;3-4:24.67;4-6:36.59;6-7:25.07;7-8:24.86;8-1:24.79
1,"N=9, d=185m (margin 1.57m), Fail 5@t=10",2051,185,5,40,False,DISCONNECTED_BYPASS,-157.0,0,1,2.1072137117500214,"[np.int64(0), np.int64(2), np.int64(3), np.int64(4), np.int64(6), np.int64(7), np.int64(8), np.int64(1)]",36.19968409076452,"(np.int64(4), np.int64(6))",0-2:24.54;2-3:24.59;3-4:24.74;4-6:36.20;6-7:25.15;7-8:24.96;8-1:24.82
1,"N=9, d=185m (margin 1.57m), Fail 5@t=10",2051,185,5,41,False,DISCONNECTED_BYPASS,-157.0,0,1,2.0817541818198024,"[np.int64(0), np.int64(2), np.int64(3), np.int64(4), np.int64(6), np.int64(7), np.int64(8), np.int64(1)]",35.810997813545924,"(np.int64(4), np.int64(6))",0-2:24.61;2-3:24.64;3-4:24.81;4-6:35.81;6-7:25.22;7-8:25.06;8-1:24.86
1,"N=9, d=185m (margin 1.57m), Fail 5@t=10",2051,185,5,42,False,DISCONNECTED_BYPASS,-157.0,0,1,2.044204781050217,"[np.int64(0), np.int64(2), np.int64(3), np.int64(4), np.int64(6), np.int64(7), np.int64(8), np.int64(1)]",35.426642053061535,"(np.int64(4), np.int64(6))",0-2:24.68;2-3:24.69;3-4:24.86;4-6:35.43;6-7:25.29;7-8:25.15;8-1:24.90
1,"N=9, d=185m (margin 1.57m), Fail 5@t=10",2051,185,5,43,False,DISCONNECTED_BYPASS,-157.0,0,1,2.0303828922298752,"[np.int64(0), np.int64(2), np.int64(3), np.int64(4), np.int64(6), np.int64(7), np.int64(8), np.int64(1)]",35.0441956439861,"(np.int64(4), np.int64(6))",0-2:24.75;2-3:24.75;3-4:24.91;4-6:35.04;6-7:25.38;7-8:25.22;8-1:24.94
1,"N=9, d=185m (margin 1.57m), Fail 5@t=10",2051,185,5,44,False,DISCONNECTED_BYPASS,-157.0,0,1,2.03634845692223,"[np.int64(0), np.int64(2), np.int64(3), np.int64(4), np.int64(6), np.int64(7), np.int64(8), np.int64(1)]",34.661560829158695,"(np.int64(4), np.int64(6))",0-2:24.83;2-3:24.81;3-4:24.95;4-6:34.66;6-7:25.48;7-8:25.29;8-1:24.98
1,"N=9, d=185m (margin 1.57m), Fail 5@t=10",2051,185,5,45,False,DISCONNECTED_BYPASS,-157.0,0,1,2.040378500149528,"[np.int64(0), np.int64(2), np.int64(3), np.int64(4), np.int64(6), np.int64(7), np.int64(8), np.int64(1)]",34.27892704423813,"(np.int64(4), np.int64(6))",0-2:24.91;2-3:24.88;3-4:24.99;4-6:34.28;6-7:25.56;7-8:25.35;8-1:25.04
1,"N=9, d=185m (margin 1.57m), Fail 5@t=10",2051,185,5,46,False,DISCONNECTED_BYPASS,-157.0,0,1,2.0444085507399703,"[np.int64(0), np.int64(2), np.int64(3), np.int64(4), np.int64(6), np.int64(7), np.int64(8), np.int64(1)]",33.89629432410231,"(np.int64(4), np.int64(6))",0-2:24.98;2-3:24.96;3-4:25.02;4-6:33.90;6-7:25.63;7-8:25.39;8-1:25.14
1,"N=9, d=185m (margin 1.57m), Fail 5@t=10",2051,185,5,47,False,DISCONNECTED_BYPASS,-157.0,0,1,2.0439522946086788,"[np.int64(0), np.int64(2), np.int64(3), np.int64(4), np.int64(6), np.int64(7), np.int64(8), np.int64(1)]",33.51414834991752,"(np.int64(4), np.int64(6))",0-2:25.03;2-3:25.05;3-4:25.05;4-6:33.51;6-7:25.69;7-8:25.43;8-1:25.25
1,"N=9, d=185m (margin 1.57m), Fail 5@t=10",2051,185,5,48,False,DISCONNECTED_BYPASS,-157.0,0,1,2.0479827133697346,"[np.int64(0), np.int64(2), np.int64(3), np.int64(4), np.int64(6), np.int64(7), np.int64(8), np.int64(1)]",33.13200374868286,"(np.int64(4), np.int64(6))",0-2:25.10;2-3:25.10;3-4:25.10;4-6:33.13;6-7:25.74;7-8:25.46;8-1:25.36
1,"N=9, d=185m (margin 1.57m), Fail 5@t=10",2051,185,5,49,False,DISCONNECTED_BYPASS,-157.0,0,1,2.0520131379915223,"[np.int64(0), np.int64(2), np.int64(3), np.int64(4), np.int64(6), np.int64(7), np.int64(8), np.int64(1)]",32.74986056845948,"(np.int64(4), np.int64(6))",0-2:25.17;2-3:25.13;3-4:25.18;4-6:32.75;6-7:25.80;7-8:25.51;8-1:25.46
1,"N=9, d=185m (margin 1.57m), Fail 5@t=10",2051,185,5,50,False,DISCONNECTED_BYPASS,-157.0,0,1,2.0560435684395766,"[np.int64(0), np.int64(2), np.int64(3), np.int64(4), np.int64(6), np.int64(7), np.int64(8), np.int64(1)]",32.367718859578055,"(np.int64(4), np.int64(6))",0-2:25.23;2-3:25.18;3-4:25.25;4-6:32.37;6-7:25.87;7-8:25.57;8-1:25.54
1,"N=9, d=185m (margin 1.57m), Fail 5@t=10",2051,185,5,51,False,DISCONNECTED_BYPASS,-157.0,0,1,2.060374754601093,"[np.int64(0), np.int64(2), np.int64(3), np.int64(4), np.int64(6), np.int64(7), np.int64(8), np.int64(1)]",31.98500378987759,"(np.int64(4), np.int64(6))",0-2:25.28;2-3:25.25;3-4:25.31;4-6:31.99;6-7:25.93;7-8:25.64;8-1:25.61
1,"N=9, d=185m (margin 1.57m), Fail 5@t=10",2051,185,5,52,False,DISCONNECTED_BYPASS,-157.0,0,1,2.064405201967176,"[np.int64(0), np.int64(2), np.int64(3), np.int64(4), np.int64(6), np.int64(7), np.int64(8), np.int64(1)]",31.601503641026163,"(np.int64(4), np.int64(6))",0-2:25.29;2-3:25.35;3-4:25.37;4-6:31.60;6-7:25.99;7-8:25.71;8-1:25.69
1,"N=9, d=185m (margin 1.57m), Fail 5@t=10",2051,185,5,53,False,DISCONNECTED_BYPASS,-157.0,0,1,2.0684356550359837,"[np.int64(0), np.int64(2), np.int64(3), np.int64(4), np.int64(6), np.int64(7), np.int64(8), np.int64(1)]",31.217268753881616,"(np.int64(4), np.int64(6))",0-2:25.34;2-3:25.41;3-4:25.44;4-6:31.22;6-7:26.05;7-8:25.79;8-1:25.76
1,"N=9, d=185m (margin 1.57m), Fail 5@t=10",2051,185,5,54,False,DISCONNECTED_BYPASS,-157.0,0,1,2.072466113774244,"[np.int64(0), np.int64(2), np.int64(3), np.int64(4), np.int64(6), np.int64(7), np.int64(8), np.int64(1)]",30.832715408733602,"(np.int64(4), np.int64(6))",0-2:25.41;2-3:25.44;3-4:25.53;4-6:30.83;6-7:26.11;7-8:25.88;8-1:25.81
1,"N=9, d=185m (margin 1.57m), Fail 5@t=10",2051,185,5,55,False,DISCONNECTED_BYPASS,-157.0,0,1,2.076496578148945,"[np.int64(0), np.int64(2), np.int64(3), np.int64(4), np.int64(6), np.int64(7), np.int64(8), np.int64(1)]",30.448128467599687,"(np.int64(4), np.int64(6))",0-2:25.48;2-3:25.47;3-4:25.60;4-6:30.45;6-7:26.17;7-8:25.98;8-1:25.85
1,"N=9, d=185m (margin 1.57m), Fail 5@t=10",2051,185,5,56,False,DISCONNECTED_BYPASS,-157.0,0,1,2.0805270481273284,"[np.int64(0), np.int64(2), np.int64(3), np.int64(4), np.int64(6), np.int64(7), np.int64(8), np.int64(1)]",30.063543326762733,"(np.int64(4), np.int64(6))",0-2:25.54;2-3:25.52;3-4:25.67;4-6:30.06;6-7:26.23;7-8:26.07;8-1:25.91
1,"N=9, d=185m (margin 1.57m), Fail 5@t=10",2051,185,5,57,False,DISCONNECTED_BYPASS,-157.0,0,1,2.08455752367689,"[np.int64(0), np.int64(2), np.int64(3), np.int64(4), np.int64(6), np.int64(7), np.int64(8), np.int64(1)]",29.678960056208414,"(np.int64(4), np.int64(6))",0-2:25.59;2-3:25.59;3-4:25.72;4-6:29.68;6-7:26.29;7-8:26.14;8-1:25.99
1,"N=9, d=185m (margin 1.57m), Fail 5@t=10",2051,185,5,58,False,DISCONNECTED_BYPASS,-157.0,0,1,2.0885880047653775,"[np.int64(0), np.int64(2), np.int64(3), np.int64(4), np.int64(6), np.int64(7), np.int64(8), np.int64(1)]",29.29437872959723,"(np.int64(4), np.int64(6))",0-2:25.63;2-3:25.68;3-4:25.77;4-6:29.29;6-7:26.35;7-8:26.20;8-1:26.08
1,"N=9, d=185m (margin 1.57m), Fail 5@t=10",2051,185,5,59,False,DISCONNECTED_BYPASS,-157.0,0,1,2.0926184913607857,"[np.int64(0), np.int64(2), np.int64(3), np.int64(4), np.int64(6), np.int64(7), np.int64(8), np.int64(1)]",28.909799424508844,"(np.int64(4), np.int64(6))",0-2:25.67;2-3:25.77;3-4:25.81;4-6:28.91;6-7:26.41;7-8:26.25;8-1:26.18
1,"N=9, d=185m (margin 1.57m), Fail 5@t=10",2051,185,5,60,False,DISCONNECTED_BYPASS,-157.0,0,1,2.0966489834313564,"[np.int64(0), np.int64(2), np.int64(3), np.int64(4), np.int64(6), np.int64(7), np.int64(8), np.int64(1)]",28.52522222270625,"(np.int64(4), np.int64(6))",0-2:25.74;2-3:25.84;3-4:25.85;4-6:28.53;6-7:26.47;7-8:26.30;8-1:26.28
1,"N=9, d=185m (margin 1.57m), Fail 5@t=10",2051,185,5,61,False,DISCONNECTED_BYPASS,-157.0,0,1,2.100679480945574,"[np.int64(0), np.int64(2), np.int64(3), np.int64(4), np.int64(6), np.int64(7), np.int64(8), np.int64(1)]",28.14064721042155,"(np.int64(4), np.int64(6))",0-2:25.83;2-3:25.89;3-4:25.89;4-6:28.14;6-7:26.53;7-8:26.36;8-1:26.38
1,"N=9, d=185m (margin 1.57m), Fail 5@t=10",2051,185,5,62,True,DISCONNECTED_BYPASS,-157.0,0,1,2.104709983872166,"[np.int64(0), np.int64(2), np.int64(3), np.int64(4), np.int64(6), np.int64(7), np.int64(8), np.int64(1)]",27.75607447866552,"(np.int64(4), np.int64(6))",0-2:25.93;2-3:25.92;3-4:25.93;4-6:27.76;6-7:26.58;7-8:26.42;8-1:26.47
1,"N=9, d=185m (margin 1.57m), Fail 5@t=10",2051,185,5,63,True,SOLVED,-157.0,0,1,2.1087404918201385,"[np.int64(0), np.int64(2), np.int64(3), np.int64(4), np.int64(6), np.int64(7), np.int64(8), np.int64(1)]",27.371504119736798,"(np.int64(4), np.int64(6))",0-2:26.03;2-3:25.94;3-4:25.98;4-6:27.37;6-7:26.63;7-8:26.51;8-1:26.54
1,"N=9, d=185m (margin 1.57m), Fail 5@t=10",2051,185,5,64,True,SOLVED,-157.0,0,1,2.1127710026855886,"[np.int64(0), np.int64(2), np.int64(3), np.int64(4), np.int64(6), np.int64(7), np.int64(8), np.int64(1)]",26.986936238981844,"(np.int64(4), np.int64(6))",0-2:26.12;2-3:25.97;3-4:26.03;4-6:26.99;6-7:26.68;7-8:26.61;8-1:26.59
1,"N=9, d=185m (margin 1.57m), Fail 5@t=10",2051,185,5,65,True,SOLVED,-157.0,0,1,2.116801520752299,"[np.int64(0), np.int64(2), np.int64(3), np.int64(4), np.int64(6), np.int64(7), np.int64(8), np.int64(1)]",26.736611271293675,"(np.int64(6), np.int64(7))",0-2:26.19;2-3:26.02;3-4:26.09;4-6:26.60;6-7:26.74;7-8:26.72;8-1:26.65
1,"N=9, d=185m (margin 1.57m), Fail 5@t=10",2051,185,5,66,True,SOLVED,-157.0,0,1,2.1208340645985295,"[np.int64(0), np.int64(2), np.int64(3), np.int64(4), np.int64(6), np.int64(7), np.int64(8), np.int64(1)]",26.808170513902763,"(np.int64(7), np.int64(8))",0-2:26.22;2-3:26.11;3-4:26.14;4-6:26.22;6-7:26.79;7-8:26.81;8-1:26.71
1,"N=9, d=185m (margin 1.57m), Fail 5@t=10",2051,185,5,67,True,SOLVED,-157.0,0,1,2.11713018463927,"[np.int64(0), np.int64(2), np.int64(3), np.int64(4), np.int64(6), np.int64(7), np.int64(8), np.int64(1)]",26.88678521877513,"(np.int64(7), np.int64(8))",0-2:26.24;2-3:26.22;3-4:26.19;4-6:25.83;6-7:26.84;7-8:26.89;8-1:26.80
1,"N=9, d=185m (margin 1.57m), Fail 5@t=10",2051,185,5,68,True,SOLVED,-157.0,0,1,2.009294489178109,"[np.int64(0), np.int64(2), np.int64(3), np.int64(4), np.int64(6), np.int64(7), np.int64(8), np.int64(1)]",26.957682179225515,"(np.int64(7), np.int64(8))",0-2:26.25;2-3:26.33;3-4:26.24;4-6:25.46;6-7:26.88;7-8:26.96;8-1:26.88
1,"N=9, d=185m (margin 1.57m), Fail 5@t=10",2051,185,5,69,True,SOLVED,-157.0,0,1,1.834786429655611,"[np.int64(0), np.int64(2), np.int64(3), np.int64(4), np.int64(6), np.int64(7), np.int64(8), np.int64(1)]",27.02498193132135,"(np.int64(7), np.int64(8))",0-2:26.28;2-3:26.42;3-4:26.29;4-6:25.11;6-7:26.91;7-8:27.02;8-1:26.98
1,"N=9, d=185m (margin 1.57m), Fail 5@t=10",2051,185,5,70,True,SOLVED,-157.0,0,1,1.6377944782990825,"[np.int64(0), np.int64(2), np.int64(3), np.int64(4), np.int64(6), np.int64(7), np.int64(8), np.int64(1)]",27.0901096292865,"(np.int64(7), np.int64(8))",0-2:26.32;2-3:26.49;3-4:26.34;4-6:24.79;6-7:26.90;7-8:27.09;8-1:27.07
1,"N=9, d=185m (margin 1.57m), Fail 5@t=10",2051,185,5,71,True,SOLVED,-157.0,0,1,1.6418023406659332,"[np.int64(0), np.int64(2), np.int64(3), np.int64(4), np.int64(6), np.int64(7), np.int64(8), np.int64(1)]",27.173718313526994,"(np.int64(8), np.int64(1))",0-2:26.37;2-3:26.54;3-4:26.37;4-6:24.55;6-7:26.85;7-8:27.15;8-1:27.17
1,"N=9, d=185m (margin 1.57m), Fail 5@t=10",2051,185,5,72,True,SOLVED,-157.0,0,1,1.6020239335255562,"[np.int64(0), np.int64(2), np.int64(3), np.int64(4), np.int64(6), np.int64(7), np.int64(8), np.int64(1)]",27.278452187562007,"(np.int64(8), np.int64(1))",0-2:26.42;2-3:26.57;3-4:26.39;4-6:24.38;6-7:26.77;7-8:27.21;8-1:27.28
1,"N=9, d=185m (margin 1.57m), Fail 5@t=10",2051,185,5,73,True,SOLVED,-157.0,0,1,1.4987713053180982,"[np.int64(0), np.int64(2), np.int64(3), np.int64(4), np.int64(6), np.int64(7), np.int64(8), np.int64(1)]",27.377041765681874,"(np.int64(8), np.int64(1))",0-2:26.47;2-3:26.58;3-4:26.38;4-6:24.32;6-7:26.64;7-8:27.26;8-1:27.38
1,"N=9, d=185m (margin 1.57m), Fail 5@t=10",2051,185,5,74,True,SOLVED,-157.0,0,1,1.1336188857570375,"[np.int64(0), np.int64(2), np.int64(3), np.int64(4), np.int64(6), np.int64(7), np.int64(8), np.int64(1)]",27.46445255509979,"(np.int64(8), np.int64(1))",0-2:26.51;2-3:26.55;3-4:26.35;4-6:24.33;6-7:26.52;7-8:27.28;8-1:27.46
1,"N=9, d=185m (margin 1.57m), Fail 5@t=10",2051,185,5,75,True,SOLVED,-157.0,0,1,0.8008074666299193,"[np.int64(0), np.int64(2), np.int64(3), np.int64(4), np.int64(6), np.int64(7), np.int64(8), np.int64(1)]",27.542278053440427,"(np.int64(8), np.int64(1))",0-2:26.55;2-3:26.50;3-4:26.32;4-6:24.40;6-7:26.42;7-8:27.28;8-1:27.54
1,"N=9, d=185m (margin 1.57m), Fail 5@t=10",2051,185,5,76,True,SOLVED,-157.0,0,1,0.8137920151697797,"[np.int64(0), np.int64(2), np.int64(3), np.int64(4), np.int64(6), np.int64(7), np.int64(8), np.int64(1)]",27.597762888768766,"(np.int64(8), np.int64(1))",0-2:26.57;2-3:26.42;3-4:26.31;4-6:24.52;6-7:26.35;7-8:27.26;8-1:27.60
1,"N=9, d=185m (margin 1.57m), Fail 5@t=10",2051,185,5,77,True,SOLVED,-157.0,0,1,1.1691360267549642,"[np.int64(0), np.int64(2), np.int64(3), np.int64(4), np.int64(6), np.int64(7), np.int64(8), np.int64(1)]",27.628600917071243,"(np.int64(8), np.int64(1))",0-2:26.55;2-3:26.34;3-4:26.29;4-6:24.68;6-7:26.30;7-8:27.22;8-1:27.63
1,"N=9, d=185m (margin 1.57m), Fail 5@t=10",2051,185,5,78,True,SOLVED,-157.0,0,1,1.4495808617949852,"[np.int64(0), np.int64(2), np.int64(3), np.int64(4), np.int64(6), np.int64(7), np.int64(8), np.int64(1)]",27.636815488803965,"(np.int64(8), np.int64(1))",0-2:26.50;2-3:26.26;3-4:26.27;4-6:24.88;6-7:26.27;7-8:27.19;8-1:27.64
1,"N=9, d=185m (margin 1.57m), Fail 5@t=10",2051,185,5,79,True,SOLVED,-157.0,0,1,1.6329767777265563,"[np.int64(0), np.int64(2), np.int64(3), np.int64(4), np.int64(6), np.int64(7), np.int64(8), np.int64(1)]",27.62075199550154,"(np.int64(8), np.int64(1))",0-2:26.41;2-3:26.21;3-4:26.25;4-6:25.10;6-7:26.25;7-8:27.17;8-1:27.62
1,"N=9, d=185m (margin 1.57m), Fail 5@t=10",2051,185,5,80,True,SOLVED,-157.0,0,1,1.728592832938188,"[np.int64(0), np.int64(2), np.int64(3), np.int64(4), np.int64(6), np.int64(7), np.int64(8), np.int64(1)]",27.59479998397284,"(np.int64(8), np.int64(1))",0-2:26.31;2-3:26.19;3-4:26.21;4-6:25.34;6-7:26.24;7-8:27.13;8-1:27.59
1,"N=9, d=185m (margin 1.57m), Fail 5@t=10",2051,185,5,81,True,SOLVED,-157.0,0,1,1.736003869336665,"[np.int64(0), np.int64(2), np.int64(3), np.int64(4), np.int64(6), np.int64(7), np.int64(8), np.int64(1)]",27.56855581976542,"(np.int64(8), np.int64(1))",0-2:26.19;2-3:26.19;3-4:26.15;4-6:25.58;6-7:26.23;7-8:27.10;8-1:27.57
1,"N=9, d=185m (margin 1.57m), Fail 5@t=10",2051,185,5,82,True,SOLVED,-157.0,0,1,1.7404622659796096,"[np.int64(0), np.int64(2), np.int64(3), np.int64(4), np.int64(6), np.int64(7), np.int64(8), np.int64(1)]",27.542508443352126,"(np.int64(8), np.int64(1))",0-2:26.07;2-3:26.20;3-4:26.09;4-6:25.82;6-7:26.22;7-8:27.07;8-1:27.54
1,"N=9, d=185m (margin 1.57m), Fail 5@t=10",2051,185,5,83,True,SOLVED,-157.0,0,1,1.6844763986453752,"[np.int64(0), np.int64(2), np.int64(3), np.int64(4), np.int64(6), np.int64(7), np.int64(8), np.int64(1)]",27.51686505127346,"(np.int64(8), np.int64(1))",0-2:25.96;2-3:26.21;3-4:26.03;4-6:26.05;6-7:26.21;7-8:27.04;8-1:27.52
1,"N=9, d=185m (margin 1.57m), Fail 5@t=10",2051,185,5,84,True,SOLVED,-157.0,0,1,1.5421067174792698,"[np.int64(0), np.int64(2), np.int64(3), np.int64(4), np.int64(6), np.int64(7), np.int64(8), np.int64(1)]",27.49162567163877,"(np.int64(8), np.int64(1))",0-2:25.86;2-3:26.19;3-4:25.99;4-6:26.26;6-7:26.20;7-8:27.01;8-1:27.49
1,"N=9, d=185m (margin 1.57m), Fail 5@t=10",2051,185,5,85,True,SOLVED,-157.0,0,1,1.2495886932503837,"[np.int64(0), np.int64(2), np.int64(3), np.int64(4), np.int64(6), np.int64(7), np.int64(8), np.int64(1)]",27.466790332974657,"(np.int64(8), np.int64(1))",0-2:25.81;2-3:26.11;3-4:26.01;4-6:26.42;6-7:26.21;7-8:26.98;8-1:27.47
1,"N=9, d=185m (margin 1.57m), Fail 5@t=10",2051,185,5,86,True,SOLVED,-157.0,0,1,1.398386232891853,"[np.int64(0), np.int64(2), np.int64(3), np.int64(4), np.int64(6), np.int64(7), np.int64(8), np.int64(1)]",27.442359061703254,"(np.int64(8), np.int64(1))",0-2:25.80;2-3:25.98;3-4:26.08;4-6:26.50;6-7:26.25;7-8:26.95;8-1:27.44
1,"N=9, d=185m (margin 1.57m), Fail 5@t=10",2051,185,5,87,True,SOLVED,-157.0,0,1,1.437854187262052,"[np.int64(0), np.int64(2), np.int64(3), np.int64(4), np.int64(6), np.int64(7), np.int64(8), np.int64(1)]",27.415517049370372,"(np.int64(8), np.int64(1))",0-2:25.81;2-3:25.83;3-4:26.21;4-6:26.50;6-7:26.33;7-8:26.92;8-1:27.42
1,"N=9, d=185m (margin 1.57m), Fail 5@t=10",2051,185,5,88,True,SOLVED,-157.0,0,1,1.091257042226334,"[np.int64(0), np.int64(2), np.int64(3), np.int64(4), np.int64(6), np.int64(7), np.int64(8), np.int64(1)]",27.38270234960141,"(np.int64(8), np.int64(1))",0-2:25.82;2-3:25.73;3-4:26.31;4-6:26.44;6-7:26.45;7-8:26.88;8-1:27.38
1,"N=9, d=185m (margin 1.57m), Fail 5@t=10",2051,185,5,89,True,SOLVED,-157.0,0,1,0.8161772255237014,"[np.int64(0), np.int64(2), np.int64(3), np.int64(4), np.int64(6), np.int64(7), np.int64(8), np.int64(1)]",27.342304149364253,"(np.int64(8), np.int64(1))",0-2:25.80;2-3:25.69;3-4:26.38;4-6:26.36;6-7:26.59;7-8:26.85;8-1:27.34
1,"N=9, d=185m (margin 1.57m), Fail 5@t=10",2051,185,5,90,True,SOLVED,-157.0,0,1,0.8734538621293545,"[np.int64(0), np.int64(2), np.int64(3), np.int64(4), np.int64(6), np.int64(7), np.int64(8), np.int64(1)]",27.29512019171349,"(np.int64(8), np.int64(1))",0-2:25.79;2-3:25.66;3-4:26.43;4-6:26.30;6-7:26.72;7-8:26.82;8-1:27.30
1,"N=9, d=185m (margin 1.57m), Fail 5@t=10",2051,185,5,91,True,SOLVED,-157.0,0,1,0.9021059831775852,"[np.int64(0), np.int64(2), np.int64(3), np.int64(4), np.int64(6), np.int64(7), np.int64(8), np.int64(1)]",27.247375969437584,"(np.int64(8), np.int64(1))",0-2:25.78;2-3:25.62;3-4:26.47;4-6:26.29;6-7:26.81;7-8:26.79;8-1:27.25
1,"N=9, d=185m (margin 1.57m), Fail 5@t=10",2051,185,5,92,True,SOLVED,-157.0,0,1,0.8618063964156479,"[np.int64(0), np.int64(2), np.int64(3), np.int64(4), np.int64(6), np.int64(7), np.int64(8), np.int64(1)]",27.200174207037232,"(np.int64(8), np.int64(1))",0-2:25.76;2-3:25.59;3-4:26.51;4-6:26.33;6-7:26.85;7-8:26.76;8-1:27.20
1,"N=9, d=185m (margin 1.57m), Fail 5@t=10",2051,185,5,93,True,SOLVED,-157.0,0,1,0.8583361807219143,"[np.int64(0), np.int64(2), np.int64(3), np.int64(4), np.int64(6), np.int64(7), np.int64(8), np.int64(1)]",27.153385136273794,"(np.int64(8), np.int64(1))",0-2:25.75;2-3:25.56;3-4:26.52;4-6:26.42;6-7:26.87;7-8:26.74;8-1:27.15
1,"N=9, d=185m (margin 1.57m), Fail 5@t=10",2051,185,5,94,True,SOLVED,-157.0,0,1,0.8548709067920799,"[np.int64(0), np.int64(2), np.int64(3), np.int64(4), np.int64(6), np.int64(7), np.int64(8), np.int64(1)]",27.107008753663262,"(np.int64(8), np.int64(1))",0-2:25.74;2-3:25.53;3-4:26.53;4-6:26.51;6-7:26.88;7-8:26.72;8-1:27.11
1,"N=9, d=185m (margin 1.57m), Fail 5@t=10",2051,185,5,95,True,SOLVED,-157.0,0,1,0.8021433022642228,"[np.int64(0), np.int64(2), np.int64(3), np.int64(4), np.int64(6), np.int64(7), np.int64(8), np.int64(1)]",27.06104505152265,"(np.int64(8), np.int64(1))",0-2:25.72;2-3:25.49;3-4:26.54;4-6:26.62;6-7:26.88;7-8:26.70;8-1:27.06
1,"N=9, d=185m (margin 1.57m), Fail 5@t=10",2051,185,5,96,True,SOLVED,-157.0,0,1,0.786991867418839,"[np.int64(0), np.int64(2), np.int64(3), np.int64(4), np.int64(6), np.int64(7), np.int64(8), np.int64(1)]",27.015494162541305,"(np.int64(8), np.int64(1))",0-2:25.71;2-3:25.46;3-4:26.55;4-6:26.72;6-7:26.86;7-8:26.69;8-1:27.02
1,"N=9, d=185m (margin 1.57m), Fail 5@t=10",2051,185,5,97,True,SOLVED,-157.0,0,1,0.768914539725854,"[np.int64(0), np.int64(2), np.int64(3), np.int64(4), np.int64(6), np.int64(7), np.int64(8), np.int64(1)]",26.9691992190241,"(np.int64(8), np.int64(1))",0-2:25.69;2-3:25.43;3-4:26.57;4-6:26.82;6-7:26.82;7-8:26.70;8-1:26.97
1,"N=9, d=185m (margin 1.57m), Fail 5@t=10",2051,185,5,98,True,SOLVED,-157.0,0,1,0.7674158706561268,"[np.int64(0), np.int64(2), np.int64(3), np.int64(4), np.int64(6), np.int64(7), np.int64(8), np.int64(1)]",26.928927231769542,"(np.int64(8), np.int64(1))",0-2:25.67;2-3:25.40;3-4:26.61;4-6:26.90;6-7:26.77;7-8:26.73;8-1:26.93
1,"N=9, d=185m (margin 1.57m), Fail 5@t=10",2051,185,5,99,True,SOLVED,-157.0,0,1,0.7699153915907243,"[np.int64(0), np.int64(2), np.int64(3), np.int64(4), np.int64(6), np.int64(7), np.int64(8), np.int64(1)]",26.951108038604417,"(np.int64(4), np.int64(6))",0-2:25.66;2-3:25.37;3-4:26.66;4-6:26.95;6-7:26.72;7-8:26.77;8-1:26.89
1,"N=9, d=185m (margin 1.57m), Fail 5@t=10",2051,185,5,100,True,SOLVED,-157.0,0,1,0.74762255444448,"[np.int64(0), np.int64(2), np.int64(3), np.int64(4), np.int64(6), np.int64(7), np.int64(8), np.int64(1)]",26.9808625568785,"(np.int64(4), np.int64(6))",0-2:25.63;2-3:25.35;3-4:26.71;4-6:26.98;6-7:26.67;7-8:26.81;8-1:26.86
1,"N=9, d=185m (margin 1.57m), Fail 5@t=10",2051,185,5,101,True,SOLVED,-157.0,0,1,0.6970057580906573,"[np.int64(0), np.int64(2), np.int64(3), np.int64(4), np.int64(6), np.int64(7), np.int64(8), np.int64(1)]",27.010637049892324,"(np.int64(4), np.int64(6))",0-2:25.59;2-3:25.35;3-4:26.76;4-6:27.01;6-7:26.63;7-8:26.85;8-1:26.82
1,"N=9, d=185m (margin 1.57m), Fail 5@t=10",2051,185,5,102,True,SOLVED,-157.0,0,1,0.821698440088924,"[np.int64(0), np.int64(2), np.int64(3), np.int64(4), np.int64(6), np.int64(7), np.int64(8), np.int64(1)]",27.040431454696076,"(np.int64(4), np.int64(6))",0-2:25.53;2-3:25.38;3-4:26.80;4-6:27.04;6-7:26.59;7-8:26.89;8-1:26.79
1,"N=9, d=185m (margin 1.57m), Fail 5@t=10",2051,185,5,103,True,SOLVED,-157.0,0,1,0.9900867919102376,"[np.int64(0), np.int64(2), np.int64(3), np.int64(4), np.int64(6), np.int64(7), np.int64(8), np.int64(1)]",27.07024570221133,"(np.int64(4), np.int64(6))",0-2:25.46;2-3:25.42;3-4:26.83;4-6:27.07;6-7:26.55;7-8:26.93;8-1:26.75
1,"N=9, d=185m (margin 1.57m), Fail 5@t=10",2051,185,5,104,True,SOLVED,-157.0,0,1,1.0487094001750108,"[np.int64(0), np.int64(2), np.int64(3), np.int64(4), np.int64(6), np.int64(7), np.int64(8), np.int64(1)]",27.100079725851387,"(np.int64(4), np.int64(6))",0-2:25.39;2-3:25.47;3-4:26.86;4-6:27.10;6-7:26.51;7-8:26.97;8-1:26.72
1,"N=9, d=185m (margin 1.57m), Fail 5@t=10",2051,185,5,105,True,SOLVED,-157.0,0,1,0.8674296713856218,"[np.int64(0), np.int64(2), np.int64(3), np.int64(4), np.int64(6), np.int64(7), np.int64(8), np.int64(1)]",27.12993346028824,"(np.int64(4), np.int64(6))",0-2:25.34;2-3:25.50;3-4:26.88;4-6:27.13;6-7:26.47;7-8:27.01;8-1:26.69
1,"N=9, d=185m (margin 1.57m), Fail 5@t=10",2051,185,5,106,True,SOLVED,-157.0,0,1,0.8699705354353958,"[np.int64(0), np.int64(2), np.int64(3), np.int64(4), np.int64(6), np.int64(7), np.int64(8), np.int64(1)]",27.159806840616262,"(np.int64(4), np.int64(6))",0-2:25.29;2-3:25.53;3-4:26.90;4-6:27.16;6-7:26.43;7-8:27.05;8-1:26.65
1,"N=9, d=185m (margin 1.57m), Fail 5@t=10",2051,185,5,107,True,SOLVED,-157.0,0,1,0.8725226318249122,"[np.int64(0), np.int64(2), np.int64(3), np.int64(4), np.int64(6), np.int64(7), np.int64(8), np.int64(1)]",27.189699802080643,"(np.int64(4), np.int64(6))",0-2:25.25;2-3:25.57;3-4:26.92;4-6:27.19;6-7:26.38;7-8:27.09;8-1:26.62
1,"N=9, d=185m (margin 1.57m), Fail 5@t=10",2051,185,5,108,True,SOLVED,-157.0,0,1,0.8750858622806347,"[np.int64(0), np.int64(2), np.int64(3), np.int64(4), np.int64(6), np.int64(7), np.int64(8), np.int64(1)]",27.219612280168654,"(np.int64(4), np.int64(6))",0-2:25.20;2-3:25.60;3-4:26.94;4-6:27.22;6-7:26.34;7-8:27.13;8-1:26.59
1,"N=9, d=185m (margin 1.57m), Fail 5@t=10",2051,185,5,109,True,SOLVED,-157.0,0,1,0.8776601292508548,"[np.int64(0), np.int64(2), np.int64(3), np.int64(4), np.int64(6), np.int64(7), np.int64(8), np.int64(1)]",27.249544210608864,"(np.int64(4), np.int64(6))",0-2:25.15;2-3:25.63;3-4:26.96;4-6:27.25;6-7:26.30;7-8:27.17;8-1:26.56
1,"N=9, d=185m (margin 1.57m), Fail 5@t=10",2051,185,5,110,True,SOLVED,-157.0,0,1,0.8802453359076716,"[np.int64(0), np.int64(2), np.int64(3), np.int64(4), np.int64(6), np.int64(7), np.int64(8), np.int64(1)]",27.279495529370198,"(np.int64(4), np.int64(6))",0-2:25.10;2-3:25.66;3-4:26.98;4-6:27.28;6-7:26.26;7-8:27.22;8-1:26.53
1,"N=9, d=185m (margin 1.57m), Fail 5@t=10",2051,185,5,111,True,SOLVED,-157.0,0,1,0.8828413861485223,"[np.int64(0), np.int64(2), np.int64(3), np.int64(4), np.int64(6), np.int64(7), np.int64(8), np.int64(1)]",27.309466172661157,"(np.int64(4), np.int64(6))",0-2:25.06;2-3:25.70;3-4:27.00;4-6:27.31;6-7:26.22;7-8:27.26;8-1:26.49
1,"N=9, d=185m (margin 1.57m), Fail 5@t=10",2051,185,5,112,True,SOLVED,-157.0,0,1,0.8854481845965874,"[np.int64(0), np.int64(2), np.int64(3), np.int64(4), np.int64(6), np.int64(7), np.int64(8), np.int64(1)]",27.339456076928894,"(np.int64(4), np.int64(6))",0-2:25.01;2-3:25.73;3-4:27.02;4-6:27.34;6-7:26.18;7-8:27.30;8-1:26.46
1,"N=9, d=185m (margin 1.57m), Fail 5@t=10",2051,185,5,113,True,SOLVED,-157.0,0,1,0.8880656366023504,"[np.int64(0), np.int64(2), np.int64(3), np.int64(4), np.int64(6), np.int64(7), np.int64(8), np.int64(1)]",27.369465178858345,"(np.int64(4), np.int64(6))",0-2:24.96;2-3:25.76;3-4:27.05;4-6:27.37;6-7:26.13;7-8:27.34;8-1:26.43
1,"N=9, d=185m (margin 1.57m), Fail 5@t=10",2051,185,5,114,True,SOLVED,-157.0,0,1,0.8681088824337917,"[np.int64(0), np.int64(2), np.int64(3), np.int64(4), np.int64(6), np.int64(7), np.int64(8), np.int64(1)]",27.399493415328404,"(np.int64(4), np.int64(6))",0-2:24.91;2-3:25.79;3-4:27.07;4-6:27.40;6-7:26.09;7-8:27.38;8-1:26.40
1,"N=9, d=185m (margin 1.57m), Fail 5@t=10",2051,185,5,115,True,SOLVED,-157.0,0,1,0.8328840556651876,"[np.int64(0), np.int64(2), np.int64(3), np.int64(4), np.int64(6), np.int64(7), np.int64(8), np.int64(1)]",27.429540723498288,"(np.int64(4), np.int64(6))",0-2:24.87;2-3:25.82;3-4:27.09;4-6:27.43;6-7:26.05;7-8:27.42;8-1:26.37
1,"N=9, d=185m (margin 1.57m), Fail 5@t=10",2051,185,5,116,True,SOLVED,-157.0,0,1,0.7921433108365384,"[np.int64(0), np.int64(2), np.int64(3), np.int64(4), np.int64(6), np.int64(7), np.int64(8), np.int64(1)]",27.459607040808574,"(np.int64(4), np.int64(6))",0-2:24.82;2-3:25.85;3-4:27.11;4-6:27.46;6-7:26.01;7-8:27.46;8-1:26.35
1,"N=9, d=185m (margin 1.57m), Fail 5@t=10",2051,185,5,117,True,SOLVED,-157.0,0,1,0.76075308351601,"[np.int64(0), np.int64(2), np.int64(3), np.int64(4), np.int64(6), np.int64(7), np.int64(8), np.int64(1)]",27.499535330892403,"(np.int64(7), np.int64(8))",0-2:24.78;2-3:25.88;3-4:27.13;4-6:27.49;6-7:25.97;7-8:27.50;8-1:26.32
1,"N=9, d=185m (margin 1.57m), Fail 5@t=10",2051,185,5,118,True,SOLVED,-157.0,0,1,0.7326822206760397,"[np.int64(0), np.int64(2), np.int64(3), np.int64(4), np.int64(6), np.int64(7), np.int64(8), np.int64(1)]",27.540272219322492,"(np.int64(7), np.int64(8))",0-2:24.74;2-3:25.91;3-4:27.14;4-6:27.52;6-7:25.93;7-8:27.54;8-1:26.29
1,"N=9, d=185m (margin 1.57m), Fail 5@t=10",2051,185,5,119,True,SOLVED,-157.0,0,1,0.42379129601614884,"[np.int64(0), np.int64(2), np.int64(3), np.int64(4), np.int64(6), np.int64(7), np.int64(8), np.int64(1)]",27.581039065534206,"(np.int64(7), np.int64(8))",0-2:24.71;2-3:25.95;3-4:27.14;4-6:27.55;6-7:25.88;7-8:27.58;8-1:26.26
1,"N=9, d=185m (margin 1.57m), Fail 5@t=10",2051,185,5,120,True,SOLVED,-157.0,0,1,0.424217238134346,"[np.int64(0), np.int64(2), np.int64(3), np.int64(4), np.int64(6), np.int64(7), np.int64(8), np.int64(1)]",27.62183573672963,"(np.int64(7), np.int64(8))",0-2:24.69;2-3:25.97;3-4:27.13;4-6:27.58;6-7:25.84;7-8:27.62;8-1:26.23
1,"N=9, d=185m (margin 1.57m), Fail 5@t=10",2051,185,5,121,True,SOLVED,-157.0,0,1,0.5773399705794994,"[np.int64(0), np.int64(2), np.int64(3), np.int64(4), np.int64(6), np.int64(7), np.int64(8), np.int64(1)]",27.66266210093619,"(np.int64(7), np.int64(8))",0-2:24.70;2-3:25.98;3-4:27.11;4-6:27.61;6-7:25.80;7-8:27.66;8-1:26.21
1,"N=9, d=185m (margin 1.57m), Fail 5@t=10",2051,185,5,122,True,SOLVED,-157.0,0,1,0.8674050803428512,"[np.int64(0), np.int64(2), np.int64(3), np.int64(4), np.int64(6), np.int64(7), np.int64(8), np.int64(1)]",27.703518026787133,"(np.int64(7), np.int64(8))",0-2:24.74;2-3:25.97;3-4:27.08;4-6:27.64;6-7:25.76;7-8:27.70;8-1:26.18
1,"N=9, d=185m (margin 1.57m), Fail 5@t=10",2051,185,5,123,True,SOLVED,-157.0,0,1,1.108607986625058,"[np.int64(0), np.int64(2), np.int64(3), np.int64(4), np.int64(6), np.int64(7), np.int64(8), np.int64(1)]",27.744403384146104,"(np.int64(7), np.int64(8))",0-2:24.79;2-3:25.95;3-4:27.04;4-6:27.66;6-7:25.72;7-8:27.74;8-1:26.15
1,"N=9, d=185m (margin 1.57m), Fail 5@t=10",2051,185,5,124,True,SOLVED,-157.0,0,1,1.268233223837067,"[np.int64(0), np.int64(2), np.int64(3), np.int64(4), np.int64(6), np.int64(7), np.int64(8), np.int64(1)]",27.784513241183447,"(np.int64(7), np.int64(8))",0-2:24.87;2-3:25.92;3-4:26.99;4-6:27.68;6-7:25.68;7-8:27.78;8-1:26.13
1,"N=9, d=185m (margin 1.57m), Fail 5@t=10",2051,185,5,125,True,SOLVED,-157.0,0,1,1.3639922605472103,"[np.int64(0), np.int64(2), np.int64(3), np.int64(4), np.int64(6), np.int64(7), np.int64(8), np.int64(1)]",27.822262345130017,"(np.int64(7), np.int64(8))",0-2:24.96;2-3:25.87;3-4:26.95;4-6:27.70;6-7:25.64;7-8:27.82;8-1:26.10
1,"N=9, d=185m (margin 1.57m), Fail 5@t=10",2051,185,5,126,True,SOLVED,-157.0,0,1,1.4410628703955126,"[np.int64(0), np.int64(2), np.int64(3), np.int64(4), np.int64(6), np.int64(7), np.int64(8), np.int64(1)]",27.85665482844606,"(np.int64(7), np.int64(8))",0-2:25.07;2-3:25.82;3-4:26.90;4-6:27.69;6-7:25.62;7-8:27.86;8-1:26.08
1,"N=9, d=185m (margin 1.57m), Fail 5@t=10",2051,185,5,127,True,SOLVED,-157.0,0,1,1.4952793956128412,"[np.int64(0), np.int64(2), np.int64(3), np.int64(4), np.int64(6), np.int64(7), np.int64(8), np.int64(1)]",27.88714984166068,"(np.int64(7), np.int64(8))",0-2:25.19;2-3:25.77;3-4:26.84;4-6:27.67;6-7:25.62;7-8:27.89;8-1:26.06
1,"N=9, d=185m (margin 1.57m), Fail 5@t=10",2051,185,5,128,True,SOLVED,-157.0,0,1,1.5019246204824068,"[np.int64(0), np.int64(2), np.int64(3), np.int64(4), np.int64(6), np.int64(7), np.int64(8), np.int64(1)]",27.913547174029773,"(np.int64(7), np.int64(8))",0-2:25.31;2-3:25.71;3-4:26.79;4-6:27.63;6-7:25.63;7-8:27.91;8-1:26.05
1,"N=9, d=185m (margin 1.57m), Fail 5@t=10",2051,185,5,129,True,SOLVED,-157.0,0,1,1.492098149001553,"[np.int64(0), np.int64(2), np.int64(3), np.int64(4), np.int64(6), np.int64(7), np.int64(8), np.int64(1)]",27.935892399904198,"(np.int64(7), np.int64(8))",0-2:25.44;2-3:25.66;3-4:26.74;4-6:27.57;6-7:25.66;7-8:27.94;8-1:26.03
1,"N=9, d=185m (margin 1.57m), Fail 5@t=10",2051,185,5,130,True,SOLVED,-157.0,0,1,1.481057394197335,"[np.int64(0), np.int64(2), np.int64(3), np.int64(4), np.int64(6), np.int64(7), np.int64(8), np.int64(1)]",27.954400006790372,"(np.int64(7), np.int64(8))",0-2:25.57;2-3:25.60;3-4:26.70;4-6:27.48;6-7:25.71;7-8:27.95;8-1:26.02
1,"N=9, d=185m (margin 1.57m), Fail 5@t=10",2051,185,5,131,True,SOLVED,-157.0,0,1,1.433630501450781,"[np.int64(0), np.int64(2), np.int64(3), np.int64(4), np.int64(6), np.int64(7), np.int64(8), np.int64(1)]",27.969392434766835,"(np.int64(7), np.int64(8))",0-2:25.69;2-3:25.55;3-4:26.66;4-6:27.37;6-7:25.78;7-8:27.97;8-1:26.01
1,"N=9, d=185m (margin 1.57m), Fail 5@t=10",2051,185,5,132,True,SOLVED,-157.0,0,1,1.1120784893011482,"[np.int64(0), np.int64(2), np.int64(3), np.int64(4), np.int64(6), np.int64(7), np.int64(8), np.int64(1)]",27.981252885960252,"(np.int64(7), np.int64(8))",0-2:25.78;2-3:25.53;3-4:26.63;4-6:27.24;6-7:25.86;7-8:27.98;8-1:26.00
1,"N=9, d=185m (margin 1.57m), Fail 5@t=10",2051,185,5,133,True,SOLVED,-157.0,0,1,1.067226576465578,"[np.int64(0), np.int64(2), np.int64(3), np.int64(4), np.int64(6), np.int64(7), np.int64(8), np.int64(1)]",27.962190363860515,"(np.int64(7), np.int64(8))",0-2:25.84;2-3:25.55;3-4:26.61;4-6:27.10;6-7:25.96;7-8:27.96;8-1:26.01
1,"N=9, d=185m (margin 1.57m), Fail 5@t=10",2051,185,5,134,True,SOLVED,-157.0,0,1,1.142547773969079,"[np.int64(0), np.int64(2), np.int64(3), np.int64(4), np.int64(6), np.int64(7), np.int64(8), np.int64(1)]",27.927107461775655,"(np.int64(7), np.int64(8))",0-2:25.87;2-3:25.59;3-4:26.59;4-6:26.94;6-7:26.07;7-8:27.93;8-1:26.04
1,"N=9, d=185m (margin 1.57m), Fail 5@t=10",2051,185,5,135,True,SOLVED,-157.0,0,1,1.1947956866107674,"[np.int64(0), np.int64(2), np.int64(3), np.int64(4), np.int64(6), np.int64(7), np.int64(8), np.int64(1)]",27.87510821808068,"(np.int64(7), np.int64(8))",0-2:25.87;2-3:25.66;3-4:26.58;4-6:26.78;6-7:26.18;7-8:27.88;8-1:26.08
1,"N=9, d=185m (margin 1.57m), Fail 5@t=10",2051,185,5,136,True,SOLVED,-157.0,0,1,1.2447543942521269,"[np.int64(0), np.int64(2), np.int64(3), np.int64(4), np.int64(6), np.int64(7), np.int64(8), np.int64(1)]",27.803697566815647,"(np.int64(7), np.int64(8))",0-2:25.86;2-3:25.75;3-4:26.56;4-6:26.61;6-7:26.29;7-8:27.80;8-1:26.15
1,"N=9, d=185m (margin 1.57m), Fail 5@t=10",2051,185,5,137,True,SOLVED,-157.0,0,1,1.4726132852556049,"[np.int64(0), np.int64(2), np.int64(3), np.int64(4), np.int64(6), np.int64(7), np.int64(8), np.int64(1)]",27.712265333192445,"(np.int64(7), np.int64(8))",0-2:25.84;2-3:25.86;3-4:26.54;4-6:26.44;6-7:26.40;7-8:27.71;8-1:26.23
1,"N=9, d=185m (margin 1.57m), Fail 5@t=10",2051,185,5,138,True,SOLVED,-157.0,0,1,1.774757990449033,"[np.int64(0), np.int64(2), np.int64(3), np.int64(4), np.int64(6), np.int64(7), np.int64(8), np.int64(1)]",27.606539052832893,"(np.int64(7), np.int64(8))",0-2:25.81;2-3:25.97;3-4:26.50;4-6:26.29;6-7:26.50;7-8:27.61;8-1:26.33
1,"N=9, d=185m (margin 1.57m), Fail 5@t=10",2051,185,5,139,True,SOLVED,-157.0,0,1,1.945980772339921,"[np.int64(0), np.int64(2), np.int64(3), np.int64(4), np.int64(6), np.int64(7), np.int64(8), np.int64(1)]",27.489512711825693,"(np.int64(7), np.int64(8))",0-2:25.82;2-3:26.06;3-4:26.45;4-6:26.15;6-7:26.60;7-8:27.49;8-1:26.45
1,"N=9, d=185m (margin 1.57m), Fail 5@t=10",2051,185,5,140,True,SOLVED,-157.0,0,1,1.9639450062142514,"[np.int64(0), np.int64(2), np.int64(3), np.int64(4), np.int64(6), np.int64(7), np.int64(8), np.int64(1)]",27.369675691473088,"(np.int64(7), np.int64(8))",0-2:25.87;2-3:26.11;3-4:26.38;4-6:26.05;6-7:26.68;7-8:27.37;8-1:26.57
1,"N=9, d=185m (margin 1.57m), Fail 5@t=10",2051,185,5,141,True,SOLVED,-157.0,0,1,1.915590097949928,"[np.int64(0), np.int64(2), np.int64(3), np.int64(4), np.int64(6), np.int64(7), np.int64(8), np.int64(1)]",27.243904617713447,"(np.int64(7), np.int64(8))",0-2:25.91;2-3:26.16;3-4:26.27;4-6:26.03;6-7:26.72;7-8:27.24;8-1:26.69
1,"N=9, d=185m (margin 1.57m), Fail 5@t=10",2051,185,5,142,True,SOLVED,-157.0,0,1,1.7722138459832373,"[np.int64(0), np.int64(2), np.int64(3), np.int64(4), np.int64(6), np.int64(7), np.int64(8), np.int64(1)]",27.1114803287722,"(np.int64(7), np.int64(8))",0-2:25.96;2-3:26.20;3-4:26.14;4-6:26.06;6-7:26.74;7-8:27.11;8-1:26.82
1,"N=9, d=185m (margin 1.57m), Fail 5@t=10",2051,185,5,143,True,SOLVED,-157.0,0,1,1.406504723234115,"[np.int64(0), np.int64(2), np.int64(3), np.int64(4), np.int64(6), np.int64(7), np.int64(8), np.int64(1)]",26.98044284731688,"(np.int64(7), np.int64(8))",0-2:26.00;2-3:26.23;3-4:26.02;4-6:26.10;6-7:26.76;7-8:26.98;8-1:26.94
1,"N=9, d=185m (margin 1.57m), Fail 5@t=10",2051,185,5,144,True,SOLVED,-157.0,0,1,1.1377385134136608,"[np.int64(0), np.int64(2), np.int64(3), np.int64(4), np.int64(6), np.int64(7), np.int64(8), np.int64(1)]",27.048752021463745,"(np.int64(8), np.int64(1))",0-2:26.05;2-3:26.24;3-4:25.91;4-6:26.17;6-7:26.75;7-8:26.86;8-1:27.05
1,"N=9, d=185m (margin 1.57m), Fail 5@t=10",2051,185,5,145,True,SOLVED,-157.0,0,1,0.9695252010546741,"[np.int64(0), np.int64(2), np.int64(3), np.int64(4), np.int64(6), np.int64(7), np.int64(8), np.int64(1)]",27.145682019586275,"(np.int64(8), np.int64(1))",0-2:26.10;2-3:26.22;3-4:25.84;4-6:26.24;6-7:26.73;7-8:26.77;8-1:27.15
1,"N=9, d=185m (margin 1.57m), Fail 5@t=10",2051,185,5,146,True,SOLVED,-157.0,0,1,0.900592842972089,"[np.int64(0), np.int64(2), np.int64(3), np.int64(4), np.int64(6), np.int64(7), np.int64(8), np.int64(1)]",27.229895390922874,"(np.int64(8), np.int64(1))",0-2:26.15;2-3:26.15;3-4:25.86;4-6:26.27;6-7:26.68;7-8:26.69;8-1:27.23
1,"N=9, d=185m (margin 1.57m), Fail 5@t=10",2051,185,5,147,True,SOLVED,-157.0,0,1,0.9298904147575944,"[np.int64(0), np.int64(2), np.int64(3), np.int64(4), np.int64(6), np.int64(7), np.int64(8), np.int64(1)]",27.299671238000727,"(np.int64(8), np.int64(1))",0-2:26.20;2-3:26.06;3-4:25.94;4-6:26.29;6-7:26.60;7-8:26.64;8-1:27.30
1,"N=9, d=185m (margin 1.57m), Fail 5@t=10",2051,185,5,148,True,SOLVED,-157.0,0,1,1.0141431134841594,"[np.int64(0), np.int64(2), np.int64(3), np.int64(4), np.int64(6), np.int64(7), np.int64(8), np.int64(1)]",27.35657662910301,"(np.int64(8), np.int64(1))",0-2:26.21;2-3:25.99;3-4:26.04;4-6:26.30;6-7:26.50;7-8:26.62;8-1:27.36
1,"N=9, d=185m (margin 1.57m), Fail 5@t=10",2051,185,5,149,True,SOLVED,-157.0,0,1,1.0759048786330032,"[np.int64(0), np.int64(2), np.int64(3), np.int64(4), np.int64(6), np.int64(7), np.int64(8), np.int64(1)]",27.397565598177778,"(np.int64(8), np.int64(1))",0-2:26.19;2-3:25.96;3-4:26.15;4-6:26.30;6-7:26.39;7-8:26.63;8-1:27.40
1,"N=9, d=185m (margin 1.57m), Fail 5@t=10",2051,185,5,150,True,SOLVED,-157.0,0,1,1.2759799753884553,"[np.int64(0), np.int64(2), np.int64(3), np.int64(4), np.int64(6), np.int64(7), np.int64(8), np.int64(1)]",27.431925870913325,"(np.int64(8), np.int64(1))",0-2:26.14;2-3:26.01;3-4:26.21;4-6:26.29;6-7:26.31;7-8:26.62;8-1:27.43
1,"N=9, d=185m (margin 1.57m), Fail 5@t=10",2051,185,5,151,True,SOLVED,-157.0,0,1,1.1382614351759508,"[np.int64(0), np.int64(2), np.int64(3), np.int64(4), np.int64(6), np.int64(7), np.int64(8), np.int64(1)]",27.45294750279911,"(np.int64(8), np.int64(1))",0-2:26.07;2-3:26.12;3-4:26.22;4-6:26.28;6-7:26.28;7-8:26.59;8-1:27.45
1,"N=9, d=185m (margin 1.57m), Fail 5@t=10",2051,185,5,152,True,SOLVED,-157.0,0,1,0.9992159799023334,"[np.int64(0), np.int64(2), np.int64(3), np.int64(4), np.int64(6), np.int64(7), np.int64(8), np.int64(1)]",27.451933518007177,"(np.int64(8), np.int64(1))",0-2:26.00;2-3:26.24;3-4:26.20;4-6:26.28;6-7:26.28;7-8:26.55;8-1:27.45
1,"N=9, d=185m (margin 1.57m), Fail 5@t=10",2051,185,5,153,True,SOLVED,-157.0,0,1,0.8548597198629564,"[np.int64(0), np.int64(2), np.int64(3), np.int64(4), np.int64(6), np.int64(7), np.int64(8), np.int64(1)]",27.41705194001743,"(np.int64(8), np.int64(1))",0-2:25.97;2-3:26.31;3-4:26.17;4-6:26.28;6-7:26.31;7-8:26.55;8-1:27.42
1,"N=9, d=185m (margin 1.57m), Fail 5@t=10",2051,185,5,154,True,SOLVED,-157.0,0,1,0.7354258976340017,"[np.int64(0), np.int64(2), np.int64(3), np.int64(4), np.int64(6), np.int64(7), np.int64(8), np.int64(1)]",27.3669864663089,"(np.int64(8), np.int64(1))",0-2:25.99;2-3:26.30;3-4:26.17;4-6:26.27;6-7:26.35;7-8:26.55;8-1:27.37
1,"N=9, d=185m (margin 1.57m), Fail 5@t=10",2051,185,5,155,True,SOLVED,-157.0,0,1,0.7264136161667646,"[np.int64(0), np.int64(2), np.int64(3), np.int64(4), np.int64(6), np.int64(7), np.int64(8), np.int64(1)]",27.3113983452398,"(np.int64(8), np.int64(1))",0-2:26.01;2-3:26.29;3-4:26.17;4-6:26.26;6-7:26.40;7-8:26.57;8-1:27.31
1,"N=9, d=185m (margin 1.57m), Fail 5@t=10",2051,185,5,156,True,SOLVED,-157.0,0,1,0.7231440727573848,"[np.int64(0), np.int64(2), np.int64(3), np.int64(4), np.int64(6), np.int64(7), np.int64(8), np.int64(1)]",27.256292403523396,"(np.int64(8), np.int64(1))",0-2:26.03;2-3:26.29;3-4:26.17;4-6:26.25;6-7:26.44;7-8:26.58;8-1:27.26
1,"N=9, d=185m (margin 1.57m), Fail 5@t=10",2051,185,5,157,True,SOLVED,-157.0,0,1,0.7198822620292828,"[np.int64(0), np.int64(2), np.int64(3), np.int64(4), np.int64(6), np.int64(7), np.int64(8), np.int64(1)]",27.201668966984975,"(np.int64(8), np.int64(1))",0-2:26.05;2-3:26.28;3-4:26.16;4-6:26.24;6-7:26.48;7-8:26.60;8-1:27.20
1,"N=9, d=185m (margin 1.57m), Fail 5@t=10",2051,185,5,158,True,SOLVED,-157.0,0,1,0.7186874783912255,"[np.int64(0), np.int64(2), np.int64(3), np.int64(4), np.int64(6), np.int64(7), np.int64(8), np.int64(1)]",27.14724660473871,"(np.int64(8), np.int64(1))",0-2:26.07;2-3:26.27;3-4:26.16;4-6:26.22;6-7:26.52;7-8:26.61;8-1:27.15
1,"N=9, d=185m (margin 1.57m), Fail 5@t=10",2051,185,5,159,True,SOLVED,-157.0,0,1,0.7154350180876724,"[np.int64(0), np.int64(2), np.int64(3), np.int64(4), np.int64(6), np.int64(7), np.int64(8), np.int64(1)]",27.09330734766398,"(np.int64(8), np.int64(1))",0-2:26.09;2-3:26.26;3-4:26.16;4-6:26.21;6-7:26.56;7-8:26.63;8-1:27.09
1,"N=9, d=185m (margin 1.57m), Fail 5@t=10",2051,185,5,160,True,SOLVED,-157.0,0,1,0.7121905301131572,"[np.int64(0), np.int64(2), np.int64(3), np.int64(4), np.int64(6), np.int64(7), np.int64(8), np.int64(1)]",27.039851508353568,"(np.int64(8), np.int64(1))",0-2:26.11;2-3:26.26;3-4:26.16;4-6:26.20;6-7:26.60;7-8:26.64;8-1:27.04
1,"N=9, d=185m (margin 1.57m), Fail 5@t=10",2051,185,5,161,True,SOLVED,-157.0,0,1,0.7089541239224455,"[np.int64(0), np.int64(2), np.int64(3), np.int64(4), np.int64(6), np.int64(7), np.int64(8), np.int64(1)]",26.986879393981027,"(np.int64(8), np.int64(1))",0-2:26.13;2-3:26.25;3-4:26.16;4-6:26.19;6-7:26.64;7-8:26.66;8-1:26.99
1,"N=9, d=185m (margin 1.57m), Fail 5@t=10",2051,185,5,162,True,SOLVED,-157.0,0,1,0.7016841078877307,"[np.int64(0), np.int64(2), np.int64(3), np.int64(4), np.int64(6), np.int64(7), np.int64(8), np.int64(1)]",26.934421114157,"(np.int64(8), np.int64(1))",0-2:26.15;2-3:26.24;3-4:26.16;4-6:26.17;6-7:26.68;7-8:26.67;8-1:26.93
1,"N=9, d=185m (margin 1.57m), Fail 5@t=10",2051,185,5,163,True,SOLVED,-157.0,0,1,0.6869406968077519,"[np.int64(0), np.int64(2), np.int64(3), np.int64(4), np.int64(6), np.int64(7), np.int64(8), np.int64(1)]",26.88252796655385,"(np.int64(8), np.int64(1))",0-2:26.17;2-3:26.23;3-4:26.16;4-6:26.16;6-7:26.72;7-8:26.68;8-1:26.88
1,"N=9, d=185m (margin 1.57m), Fail 5@t=10",2051,185,5,164,True,SOLVED,-157.0,0,1,0.6791088455421038,"[np.int64(0), np.int64(2), np.int64(3), np.int64(4), np.int64(6), np.int64(7), np.int64(8), np.int64(1)]",26.831143860382014,"(np.int64(8), np.int64(1))",0-2:26.18;2-3:26.23;3-4:26.15;4-6:26.15;6-7:26.76;7-8:26.70;8-1:26.83
1,"N=9, d=185m (margin 1.57m), Fail 5@t=10",2051,185,5,165,True,SOLVED,-157.0,0,1,0.6705497144389263,"[np.int64(0), np.int64(2), np.int64(3), np.int64(4), np.int64(6), np.int64(7), np.int64(8), np.int64(1)]",26.80421147940946,"(np.int64(6), np.int64(7))",0-2:26.20;2-3:26.22;3-4:26.15;4-6:26.14;6-7:26.80;7-8:26.71;8-1:26.78
1,"N=9, d=185m (margin 1.57m), Fail 5@t=10",2051,185,5,166,True,SOLVED,-157.0,0,1,0.6617817079246142,"[np.int64(0), np.int64(2), np.int64(3), np.int64(4), np.int64(6), np.int64(7), np.int64(8), np.int64(1)]",26.845242658692648,"(np.int64(6), np.int64(7))",0-2:26.22;2-3:26.21;3-4:26.15;4-6:26.12;6-7:26.85;7-8:26.73;8-1:26.73
1,"N=9, d=185m (margin 1.57m), Fail 5@t=10",2051,185,5,167,True,SOLVED,-157.0,0,1,0.650487676840138,"[np.int64(0), np.int64(2), np.int64(3), np.int64(4), np.int64(6), np.int64(7), np.int64(8), np.int64(1)]",26.886300305071,"(np.int64(6), np.int64(7))",0-2:26.23;2-3:26.21;3-4:26.15;4-6:26.11;6-7:26.89;7-8:26.74;8-1:26.68
1,"N=9, d=185m (margin 1.57m), Fail 5@t=10",2051,185,5,168,True,SOLVED,-157.0,0,1,0.6471676920633895,"[np.int64(0), np.int64(2), np.int64(3), np.int64(4), np.int64(6), np.int64(7), np.int64(8), np.int64(1)]",26.92738429748696,"(np.int64(6), np.int64(7))",0-2:26.25;2-3:26.20;3-4:26.15;4-6:26.10;6-7:26.93;7-8:26.76;8-1:26.63
1,"N=9, d=185m (margin 1.57m), Fail 5@t=10",2051,185,5,169,True,SOLVED,-157.0,0,1,0.6438558364768971,"[np.int64(0), np.int64(2), np.int64(3), np.int64(4), np.int64(6), np.int64(7), np.int64(8), np.int64(1)]",26.968494515533536,"(np.int64(6), np.int64(7))",0-2:26.26;2-3:26.19;3-4:26.15;4-6:26.09;6-7:26.97;7-8:26.77;8-1:26.58
1,"N=9, d=185m (margin 1.57m), Fail 5@t=10",2051,185,5,170,True,SOLVED,-157.0,0,1,0.6362169625147228,"[np.int64(0), np.int64(2), np.int64(3), np.int64(4), np.int64(6), np.int64(7), np.int64(8), np.int64(1)]",27.00963083945298,"(np.int64(6), np.int64(7))",0-2:26.28;2-3:26.18;3-4:26.14;4-6:26.08;6-7:27.01;7-8:26.78;8-1:26.53
1,"N=9, d=185m (margin 1.57m), Fail 5@t=10",2051,185,5,171,True,SOLVED,-157.0,0,1,0.6293588488836724,"[np.int64(0), np.int64(2), np.int64(3), np.int64(4), np.int64(6), np.int64(7), np.int64(8), np.int64(1)]",27.050793150155336,"(np.int64(6), np.int64(7))",0-2:26.29;2-3:26.18;3-4:26.14;4-6:26.06;6-7:27.05;7-8:26.80;8-1:26.49
1,"N=9, d=185m (margin 1.57m), Fail 5@t=10",2051,185,5,172,True,SOLVED,-157.0,0,1,0.6136801664828836,"[np.int64(0), np.int64(2), np.int64(3), np.int64(4), np.int64(6), np.int64(7), np.int64(8), np.int64(1)]",27.091981329190485,"(np.int64(6), np.int64(7))",0-2:26.30;2-3:26.17;3-4:26.14;4-6:26.05;6-7:27.09;7-8:26.81;8-1:26.44
1,"N=9, d=185m (margin 1.57m), Fail 5@t=10",2051,185,5,173,True,SOLVED,-157.0,0,1,0.6103996568069218,"[np.int64(0), np.int64(2), np.int64(3), np.int64(4), np.int64(6), np.int64(7), np.int64(8), np.int64(1)]",27.13319525875456,"(np.int64(6), np.int64(7))",0-2:26.32;2-3:26.16;3-4:26.14;4-6:26.04;6-7:27.13;7-8:26.82;8-1:26.39
1,"N=9, d=185m (margin 1.57m), Fail 5@t=10",2051,185,5,174,True,SOLVED,-157.0,0,1,0.60712819726412,"[np.int64(0), np.int64(2), np.int64(3), np.int64(4), np.int64(6), np.int64(7), np.int64(8), np.int64(1)]",27.174434821684695,"(np.int64(6), np.int64(7))",0-2:26.33;2-3:26.16;3-4:26.14;4-6:26.03;6-7:27.17;7-8:26.84;8-1:26.35
1,"N=9, d=185m (margin 1.57m), Fail 5@t=10",2051,185,5,175,True,SOLVED,-157.0,0,1,0.6029416424007831,"[np.int64(0), np.int64(2), np.int64(3), np.int64(4), np.int64(6), np.int64(7), np.int64(8), np.int64(1)]",27.215699901456258,"(np.int64(6), np.int64(7))",0-2:26.34;2-3:26.15;3-4:26.14;4-6:26.01;6-7:27.22;7-8:26.85;8-1:26.30
1,"N=9, d=185m (margin 1.57m), Fail 5@t=10",2051,185,5,176,True,SOLVED,-157.0,0,1,0.5982928280750117,"[np.int64(0), np.int64(2), np.int64(3), np.int64(4), np.int64(6), np.int64(7), np.int64(8), np.int64(1)]",27.256990382177964,"(np.int64(6), np.int64(7))",0-2:26.36;2-3:26.14;3-4:26.14;4-6:26.00;6-7:27.26;7-8:26.86;8-1:26.26
1,"N=9, d=185m (margin 1.57m), Fail 5@t=10",2051,185,5,177,True,SOLVED,-157.0,0,1,0.5946729305608055,"[np.int64(0), np.int64(2), np.int64(3), np.int64(4), np.int64(6), np.int64(7), np.int64(8), np.int64(1)]",27.298306148587415,"(np.int64(6), np.int64(7))",0-2:26.37;2-3:26.13;3-4:26.13;4-6:25.99;6-7:27.30;7-8:26.88;8-1:26.22
1,"N=9, d=185m (margin 1.57m), Fail 5@t=10",2051,185,5,178,True,SOLVED,-157.0,0,1,0.5879416871644387,"[np.int64(0), np.int64(2), np.int64(3), np.int64(4), np.int64(6), np.int64(7), np.int64(8), np.int64(1)]",27.339647086051507,"(np.int64(6), np.int64(7))",0-2:26.38;2-3:26.13;3-4:26.13;4-6:25.98;6-7:27.34;7-8:26.89;8-1:26.17
1,"N=9, d=185m (margin 1.57m), Fail 5@t=10",2051,185,5,179,True,SOLVED,-157.0,0,1,0.5830487652906969,"[np.int64(0), np.int64(2), np.int64(3), np.int64(4), np.int64(6), np.int64(7), np.int64(8), np.int64(1)]",27.3810130805564,"(np.int64(6), np.int64(7))",0-2:26.39;2-3:26.12;3-4:26.13;4-6:25.97;6-7:27.38;7-8:26.90;8-1:26.13
1,"N=9, d=185m (margin 1.57m), Fail 5@t=10",2051,185,5,180,True,SOLVED,-157.0,0,1,0.5783185251713887,"[np.int64(0), np.int64(2), np.int64(3), np.int64(4), np.int64(6), np.int64(7), np.int64(8), np.int64(1)]",27.422404018708438,"(np.int64(6), np.int64(7))",0-2:26.40;2-3:26.11;3-4:26.13;4-6:25.95;6-7:27.42;7-8:26.91;8-1:26.09
1,"N=9, d=185m (margin 1.57m), Fail 5@t=10",2051,185,5,181,True,SOLVED,-157.0,0,1,0.568172214400264,"[np.int64(0), np.int64(2), np.int64(3), np.int64(4), np.int64(6), np.int64(7), np.int64(8), np.int64(1)]",27.463819787732497,"(np.int64(6), np.int64(7))",0-2:26.41;2-3:26.11;3-4:26.13;4-6:25.94;6-7:27.46;7-8:26.92;8-1:26.05
1,"N=9, d=185m (margin 1.57m), Fail 5@t=10",2051,185,5,182,True,SOLVED,-157.0,0,1,0.5614589685962581,"[np.int64(0), np.int64(2), np.int64(3), np.int64(4), np.int64(6), np.int64(7), np.int64(8), np.int64(1)]",27.505260275460287,"(np.int64(6), np.int64(7))",0-2:26.42;2-3:26.10;3-4:26.13;4-6:25.93;6-7:27.51;7-8:26.93;8-1:26.01
1,"N=9, d=185m (margin 1.57m), Fail 5@t=10",2051,185,5,183,True,SOLVED,-157.0,0,1,0.55261220111853,"[np.int64(0), np.int64(2), np.int64(3), np.int64(4), np.int64(6), np.int64(7), np.int64(8), np.int64(1)]",27.546725370334684,"(np.int64(6), np.int64(7))",0-2:26.43;2-3:26.09;3-4:26.13;4-6:25.92;6-7:27.55;7-8:26.94;8-1:25.97
1,"N=9, d=185m (margin 1.57m), Fail 5@t=10",2051,185,5,184,True,SOLVED,-157.0,0,1,0.5473490309032594,"[np.int64(0), np.int64(2), np.int64(3), np.int64(4), np.int64(6), np.int64(7), np.int64(8), np.int64(1)]",27.58821496140049,"(np.int64(6), np.int64(7))",0-2:26.44;2-3:26.08;3-4:26.12;4-6:25.90;6-7:27.59;7-8:26.95;8-1:25.93
1,"N=9, d=185m (margin 1.57m), Fail 5@t=10",2051,185,5,185,True,SOLVED,-157.0,0,1,0.5389300600966411,"[np.int64(0), np.int64(2), np.int64(3), np.int64(4), np.int64(6), np.int64(7), np.int64(8), np.int64(1)]",27.62972893830656,"(np.int64(6), np.int64(7))",0-2:26.45;2-3:26.08;3-4:26.12;4-6:25.89;6-7:27.63;7-8:26.96;8-1:25.90
1,"N=9, d=185m (margin 1.57m), Fail 5@t=10",2051,185,5,186,True,SOLVED,-157.0,0,1,0.5321692669573663,"[np.int64(0), np.int64(2), np.int64(3), np.int64(4), np.int64(6), np.int64(7), np.int64(8), np.int64(1)]",27.671267191297332,"(np.int64(6), np.int64(7))",0-2:26.46;2-3:26.07;3-4:26.12;4-6:25.88;6-7:27.67;7-8:26.97;8-1:25.86
1,"N=9, d=185m (margin 1.57m), Fail 5@t=10",2051,185,5,187,True,SOLVED,-157.0,0,1,0.5253471098443495,"[np.int64(0), np.int64(2), np.int64(3), np.int64(4), np.int64(6), np.int64(7), np.int64(8), np.int64(1)]",27.712829611211948,"(np.int64(6), np.int64(7))",0-2:26.47;2-3:26.06;3-4:26.12;4-6:25.87;6-7:27.71;7-8:26.98;8-1:25.83
1,"N=9, d=185m (margin 1.57m), Fail 5@t=10",2051,185,5,188,True,SOLVED,-157.0,0,1,0.5187078390243817,"[np.int64(0), np.int64(2), np.int64(3), np.int64(4), np.int64(6), np.int64(7), np.int64(8), np.int64(1)]",27.754416089480046,"(np.int64(6), np.int64(7))",0-2:26.47;2-3:26.06;3-4:26.12;4-6:25.86;6-7:27.75;7-8:26.99;8-1:25.79
1,"N=9, d=185m (margin 1.57m), Fail 5@t=10",2051,185,5,189,True,SOLVED,-157.0,0,1,0.5121249232608522,"[np.int64(0), np.int64(2), np.int64(3), np.int64(4), np.int64(6), np.int64(7), np.int64(8), np.int64(1)]",27.794561174939602,"(np.int64(6), np.int64(7))",0-2:26.48;2-3:26.05;3-4:26.12;4-6:25.84;6-7:27.79;7-8:27.00;8-1:25.76
1,"N=9, d=185m (margin 1.57m), Fail 5@t=10",2051,185,5,190,True,SOLVED,-157.0,0,1,0.5091214708222154,"[np.int64(0), np.int64(2), np.int64(3), np.int64(4), np.int64(6), np.int64(7), np.int64(8), np.int64(1)]",27.83188067703665,"(np.int64(6), np.int64(7))",0-2:26.49;2-3:26.04;3-4:26.12;4-6:25.83;6-7:27.83;7-8:27.01;8-1:25.73
1,"N=9, d=185m (margin 1.57m), Fail 5@t=10",2051,185,5,191,True,SOLVED,-157.0,0,1,0.5061323006524644,"[np.int64(0), np.int64(2), np.int64(3), np.int64(4), np.int64(6), np.int64(7), np.int64(8), np.int64(1)]",27.86553971820193,"(np.int64(6), np.int64(7))",0-2:26.49;2-3:26.03;3-4:26.11;4-6:25.83;6-7:27.87;7-8:27.02;8-1:25.69
1,"N=9, d=185m (margin 1.57m), Fail 5@t=10",2051,185,5,192,True,SOLVED,-157.0,0,1,0.5031576754087104,"[np.int64(0), np.int64(2), np.int64(3), np.int64(4), np.int64(6), np.int64(7), np.int64(8), np.int64(1)]",27.89512301847935,"(np.int64(6), np.int64(7))",0-2:26.50;2-3:26.03;3-4:26.11;4-6:25.82;6-7:27.90;7-8:27.04;8-1:25.66
1,"N=9, d=185m (margin 1.57m), Fail 5@t=10",2051,185,5,193,True,SOLVED,-157.0,0,1,0.488598382134392,"[np.int64(0), np.int64(2), np.int64(3), np.int64(4), np.int64(6), np.int64(7), np.int64(8), np.int64(1)]",27.920525044794832,"(np.int64(6), np.int64(7))",0-2:26.50;2-3:26.02;3-4:26.11;4-6:25.82;6-7:27.92;7-8:27.05;8-1:25.63
1,"N=9, d=185m (margin 1.57m), Fail 5@t=10",2051,185,5,194,True,SOLVED,-157.0,0,1,0.4553328054710556,"[np.int64(0), np.int64(2), np.int64(3), np.int64(4), np.int64(6), np.int64(7), np.int64(8), np.int64(1)]",27.94186126404424,"(np.int64(6), np.int64(7))",0-2:26.51;2-3:26.01;3-4:26.11;4-6:25.81;6-7:27.94;7-8:27.07;8-1:25.60
1,"N=9, d=185m (margin 1.57m), Fail 5@t=10",2051,185,5,195,True,SOLVED,-157.0,0,1,0.4298704318856833,"[np.int64(0), np.int64(2), np.int64(3), np.int64(4), np.int64(6), np.int64(7), np.int64(8), np.int64(1)]",27.959395751988115,"(np.int64(6), np.int64(7))",0-2:26.51;2-3:26.01;3-4:26.11;4-6:25.81;6-7:27.96;7-8:27.08;8-1:25.58
1,"N=9, d=185m (margin 1.57m), Fail 5@t=10",2051,185,5,196,True,SOLVED,-157.0,0,1,0.4012117635955449,"[np.int64(0), np.int64(2), np.int64(3), np.int64(4), np.int64(6), np.int64(7), np.int64(8), np.int64(1)]",27.973483885873932,"(np.int64(6), np.int64(7))",0-2:26.52;2-3:26.00;3-4:26.11;4-6:25.81;6-7:27.97;7-8:27.09;8-1:25.56
1,"N=9, d=185m (margin 1.57m), Fail 5@t=10",2051,185,5,197,True,SOLVED,-157.0,0,1,0.37162601745200174,"[np.int64(0), np.int64(2), np.int64(3), np.int64(4), np.int64(6), np.int64(7), np.int64(8), np.int64(1)]",27.984528754441804,"(np.int64(6), np.int64(7))",0-2:26.52;2-3:25.99;3-4:26.11;4-6:25.82;6-7:27.98;7-8:27.11;8-1:25.54
1,"N=9, d=185m (margin 1.57m), Fail 5@t=10",2051,185,5,198,True,SOLVED,-157.0,0,1,0.3197715844481608,"[np.int64(0), np.int64(2), np.int64(3), np.int64(4), np.int64(6), np.int64(7), np.int64(8), np.int64(1)]",27.99294868686182,"(np.int64(6), np.int64(7))",0-2:26.53;2-3:25.98;3-4:26.10;4-6:25.82;6-7:27.99;7-8:27.12;8-1:25.52
1,"N=9, d=185m (margin 1.57m), Fail 5@t=10",2051,185,5,199,True,SOLVED,-157.0,0,1,0.30762418269077857,"[np.int64(0), np.int64(2), np.int64(3), np.int64(4), np.int64(6), np.int64(7), np.int64(8), np.int64(1)]",27.99915444183524,"(np.int64(6), np.int64(7))",0-2:26.53;2-3:25.98;3-4:26.10;4-6:25.83;6-7:28.00;7-8:27.13;8-1:25.50
1,"N=9, d=185m (margin 1.57m), Fail 5@t=10",2051,185,5,200,False,SOLVED,-157.0,0,1,0.25846240075380367,"[np.int64(0), np.int64(2), np.int64(3), np.int64(4), np.int64(6), np.int64(7), np.int64(8), np.int64(1)]",28.003531640404212,"(np.int64(6), np.int64(7))",0-2:26.53;2-3:25.97;3-4:26.10;4-6:25.83;6-7:28.00;7-8:27.14;8-1:25.49
1,"N=9, d=185m (margin 1.57m), Fail 5@t=10",2051,185,5,201,True,DISCONNECTED_BYPASS,-157.0,0,1,0.3907013889068514,"[np.int64(0), np.int64(2), np.int64(3), np.int64(4), np.int64(6), np.int64(7), np.int64(8), np.int64(1)]",27.942770194778575,"(np.int64(6), np.int64(7))",0-2:26.53;2-3:25.96;3-4:26.10;4-6:25.88;6-7:27.94;7-8:27.17;8-1:25.48
1,"N=9, d=185m (margin 1.57m), Fail 5@t=10",2051,185,5,202,True,SOLVED,-157.0,0,1,0.5017596000294855,"[np.int64(0), np.int64(2), np.int64(3), np.int64(4), np.int64(6), np.int64(7), np.int64(8), np.int64(1)]",27.86928090147242,"(np.int64(6), np.int64(7))",0-2:26.54;2-3:25.96;3-4:26.09;4-6:25.93;6-7:27.87;7-8:27.21;8-1:25.48
1,"N=9, d=185m (margin 1.57m), Fail 5@t=10",2051,185,5,203,True,SOLVED,-157.0,0,1,0.6053356493687025,"[np.int64(0), np.int64(2), np.int64(3), np.int64(4), np.int64(6), np.int64(7), np.int64(8), np.int64(1)]",27.793631617731844,"(np.int64(6), np.int64(7))",0-2:26.54;2-3:25.95;3-4:26.08;4-6:25.99;6-7:27.79;7-8:27.24;8-1:25.48
1,"N=9, d=185m (margin 1.57m), Fail 5@t=10",2051,185,5,204,True,SOLVED,-157.0,0,1,0.7223801008729622,"[np.int64(0), np.int64(2), np.int64(3), np.int64(4), np.int64(6), np.int64(7), np.int64(8), np.int64(1)]",27.714310149912357,"(np.int64(6), np.int64(7))",0-2:26.54;2-3:25.94;3-4:26.06;4-6:26.05;6-7:27.71;7-8:27.26;8-1:25.49
1,"N=9, d=185m (margin 1.57m), Fail 5@t=10",2051,185,5,205,True,SOLVED,-157.0,0,1,0.7973494201411049,"[np.int64(0), np.int64(2), np.int64(3), np.int64(4), np.int64(6), np.int64(7), np.int64(8), np.int64(1)]",27.631961970717075,"(np.int64(6), np.int64(7))",0-2:26.54;2-3:25.93;3-4:26.05;4-6:26.12;6-7:27.63;7-8:27.27;8-1:25.51
1,"N=9, d=185m (margin 1.57m), Fail 5@t=10",2051,185,5,206,True,SOLVED,-157.0,0,1,0.845829706196808,"[np.int64(0), np.int64(2), np.int64(3), np.int64(4), np.int64(6), np.int64(7), np.int64(8), np.int64(1)]",27.545922723563255,"(np.int64(6), np.int64(7))",0-2:26.54;2-3:25.93;3-4:26.05;4-6:26.18;6-7:27.55;7-8:27.28;8-1:25.54
1,"N=9, d=185m (margin 1.57m), Fail 5@t=10",2051,185,5,207,True,SOLVED,-157.0,0,1,0.8802624549321308,"[np.int64(0), np.int64(2), np.int64(3), np.int64(4), np.int64(6), np.int64(7), np.int64(8), np.int64(1)]",27.455215600199683,"(np.int64(6), np.int64(7))",0-2:26.54;2-3:25.92;3-4:26.04;4-6:26.24;6-7:27.46;7-8:27.28;8-1:25.57
1,"N=9, d=185m (margin 1.57m), Fail 5@t=10",2051,185,5,208,True,SOLVED,-157.0,0,1,0.9187617633057151,"[np.int64(0), np.int64(2), np.int64(3), np.int64(4), np.int64(6), np.int64(7), np.int64(8), np.int64(1)]",27.358049442679274,"(np.int64(6), np.int64(7))",0-2:26.54;2-3:25.91;3-4:26.04;4-6:26.31;6-7:27.36;7-8:27.27;8-1:25.61
1,"N=9, d=185m (margin 1.57m), Fail 5@t=10",2051,185,5,209,True,SOLVED,-157.0,0,1,0.9668625349637402,"[np.int64(0), np.int64(2), np.int64(3), np.int64(4), np.int64(6), np.int64(7), np.int64(8), np.int64(1)]",27.260736346869262,"(np.int64(7), np.int64(8))",0-2:26.54;2-3:25.91;3-4:26.05;4-6:26.38;6-7:27.25;7-8:27.26;8-1:25.65
1,"N=9, d=185m (margin 1.57m), Fail 5@t=10",2051,185,5,210,True,SOLVED,-157.0,0,1,1.3093848530080388,"[np.int64(0), np.int64(2), np.int64(3), np.int64(4), np.int64(6), np.int64(7), np.int64(8), np.int64(1)]",27.255435358057422,"(np.int64(7), np.int64(8))",0-2:26.54;2-3:25.90;3-4:26.05;4-6:26.46;6-7:27.13;7-8:27.26;8-1:25.70
1,"N=9, d=185m (margin 1.57m), Fail 5@t=10",2051,185,5,211,True,SOLVED,-157.0,0,1,1.6460399309831977,"[np.int64(0), np.int64(2), np.int64(3), np.int64(4), np.int64(6), np.int64(7), np.int64(8), np.int64(1)]",27.25618714961304,"(np.int64(7), np.int64(8))",0-2:26.54;2-3:25.90;3-4:26.05;4-6:26.54;6-7:26.98;7-8:27.26;8-1:25.75
1,"N=9, d=185m (margin 1.57m), Fail 5@t=10",2051,185,5,212,True,SOLVED,-157.0,0,1,1.9188171942014849,"[np.int64(0), np.int64(2), np.int64(3), np.int64(4), np.int64(6), np.int64(7), np.int64(8), np.int64(1)]",27.22162641929042,"(np.int64(7), np.int64(8))",0-2:26.53;2-3:25.91;3-4:26.05;4-6:26.63;6-7:26.86;7-8:27.22;8-1:25.82
1,"N=9, d=185m (margin 1.57m), Fail 5@t=10",2051,185,5,213,True,SOLVED,-157.0,0,1,2.109086373542696,"[np.int64(0), np.int64(2), np.int64(3), np.int64(4), np.int64(6), np.int64(7), np.int64(8), np.int64(1)]",27.12835350757478,"(np.int64(7), np.int64(8))",0-2:26.53;2-3:25.91;3-4:26.06;4-6:26.70;6-7:26.77;7-8:27.13;8-1:25.90
1,"N=9, d=185m (margin 1.57m), Fail 5@t=10",2051,185,5,214,True,SOLVED,-157.0,0,1,2.321748534987465,"[np.int64(0), np.int64(2), np.int64(3), np.int64(4), np.int64(6), np.int64(7), np.int64(8), np.int64(1)]",27.02476937110619,"(np.int64(7), np.int64(8))",0-2:26.53;2-3:25.92;3-4:26.09;4-6:26.76;6-7:26.68;7-8:27.02;8-1:26.01
1,"N=9, d=185m (margin 1.57m), Fail 5@t=10",2051,185,5,215,True,SOLVED,-157.0,0,1,2.3371265740678564,"[np.int64(0), np.int64(2), np.int64(3), np.int64(4), np.int64(6), np.int64(7), np.int64(8), np.int64(1)]",26.920792357387047,"(np.int64(7), np.int64(8))",0-2:26.52;2-3:25.93;3-4:26.12;4-6:26.79;6-7:26.59;7-8:26.92;8-1:26.13
1,"N=9, d=185m (margin 1.57m), Fail 5@t=10",2051,185,5,216,True,SOLVED,-157.0,0,1,2.24363045032212,"[np.int64(0), np.int64(2), np.int64(3), np.int64(4), np.int64(6), np.int64(7), np.int64(8), np.int64(1)]",26.8211455265956,"(np.int64(7), np.int64(8))",0-2:26.50;2-3:25.99;3-4:26.13;4-6:26.80;6-7:26.51;7-8:26.82;8-1:26.26
1,"N=9, d=185m (margin 1.57m), Fail 5@t=10",2051,185,5,217,True,SOLVED,-157.0,0,1,2.0462141070078164,"[np.int64(0), np.int64(2), np.int64(3), np.int64(4), np.int64(6), np.int64(7), np.int64(8), np.int64(1)]",26.769364768652807,"(np.int64(4), np.int64(6))",0-2:26.47;2-3:26.08;3-4:26.12;4-6:26.77;6-7:26.46;7-8:26.73;8-1:26.39
1,"N=9, d=185m (margin 1.57m), Fail 5@t=10",2051,185,5,218,True,SOLVED,-157.0,0,1,1.8450212470176148,"[np.int64(0), np.int64(2), np.int64(3), np.int64(4), np.int64(6), np.int64(7), np.int64(8), np.int64(1)]",26.72478495041974,"(np.int64(4), np.int64(6))",0-2:26.43;2-3:26.16;3-4:26.13;4-6:26.72;6-7:26.41;7-8:26.64;8-1:26.51
1,"N=9, d=185m (margin 1.57m), Fail 5@t=10",2051,185,5,219,True,SOLVED,-157.0,0,1,1.4670619782632963,"[np.int64(0), np.int64(2), np.int64(3), np.int64(4), np.int64(6), np.int64(7), np.int64(8), np.int64(1)]",26.661034755067323,"(np.int64(4), np.int64(6))",0-2:26.37;2-3:26.24;3-4:26.17;4-6:26.66;6-7:26.37;7-8:26.58;8-1:26.63
1,"N=9, d=185m (margin 1.57m), Fail 5@t=10",2051,185,5,220,True,SOLVED,-157.0,0,1,1.4047407392106066,"[np.int64(0), np.int64(2), np.int64(3), np.int64(4), np.int64(6), np.int64(7), np.int64(8), np.int64(1)]",26.721272929336155,"(np.int64(8), np.int64(1))",0-2:26.30;2-3:26.31;3-4:26.23;4-6:26.55;6-7:26.34;7-8:26.57;8-1:26.72
1,"N=9, d=185m (margin 1.57m), Fail 5@t=10",2051,185,5,221,True,SOLVED,-157.0,0,1,1.4625674193308351,"[np.int64(0), np.int64(2), np.int64(3), np.int64(4), np.int64(6), np.int64(7), np.int64(8), np.int64(1)]",26.808014771584276,"(np.int64(8), np.int64(1))",0-2:26.23;2-3:26.36;3-4:26.32;4-6:26.40;6-7:26.34;7-8:26.56;8-1:26.81
1,"N=9, d=185m (margin 1.57m), Fail 5@t=10",2051,185,5,222,True,SOLVED,-157.0,0,1,1.125342817736385,"[np.int64(0), np.int64(2), np.int64(3), np.int64(4), np.int64(6), np.int64(7), np.int64(8), np.int64(1)]",26.890669804845544,"(np.int64(8), np.int64(1))",0-2:26.19;2-3:26.38;3-4:26.40;4-6:26.24;6-7:26.37;7-8:26.55;8-1:26.89
1,"N=9, d=185m (margin 1.57m), Fail 5@t=10",2051,185,5,223,True,SOLVED,-157.0,0,1,1.0828172821217485,"[np.int64(0), np.int64(2), np.int64(3), np.int64(4), np.int64(6), np.int64(7), np.int64(8), np.int64(1)]",26.96127531289141,"(np.int64(8), np.int64(1))",0-2:26.15;2-3:26.39;3-4:26.46;4-6:26.11;6-7:26.38;7-8:26.55;8-1:26.96
1,"N=9, d=185m (margin 1.57m), Fail 5@t=10",2051,185,5,224,True,SOLVED,-157.0,0,1,0.8738330910663751,"[np.int64(0), np.int64(2), np.int64(3), np.int64(4), np.int64(6), np.int64(7), np.int64(8), np.int64(1)]",26.989084237899544,"(np.int64(8), np.int64(1))",0-2:26.13;2-3:26.41;3-4:26.46;4-6:26.06;6-7:26.37;7-8:26.58;8-1:26.99
1,"N=9, d=185m (margin 1.57m), Fail 5@t=10",2051,185,5,225,True,SOLVED,-157.0,0,1,0.6952975565244537,"[np.int64(0), np.int64(2), np.int64(3), np.int64(4), np.int64(6), np.int64(7), np.int64(8), np.int64(1)]",26.984023212780706,"(np.int64(8), np.int64(1))",0-2:26.14;2-3:26.40;3-4:26.46;4-6:26.03;6-7:26.40;7-8:26.60;8-1:26.98
1,"N=9, d=185m (margin 1.57m), Fail 5@t=10",2051,185,5,226,True,SOLVED,-157.0,0,1,0.6980850607431283,"[np.int64(0), np.int64(2), np.int64(3), np.int64(4), np.int64(6), np.int64(7), np.int64(8), np.int64(1)]",26.964541703991994,"(np.int64(8), np.int64(1))",0-2:26.16;2-3:26.38;3-4:26.46;4-6:25.99;6-7:26.44;7-8:26.62;8-1:26.96
1,"N=9, d=185m (margin 1.57m), Fail 5@t=10",2051,185,5,227,True,SOLVED,-157.0,0,1,0.7008846201917616,"[np.int64(0), np.int64(2), np.int64(3), np.int64(4), np.int64(6), np.int64(7), np.int64(8), np.int64(1)]",26.94547705776923,"(np.int64(8), np.int64(1))",0-2:26.17;2-3:26.36;3-4:26.45;4-6:25.95;6-7:26.48;7-8:26.65;8-1:26.95
1,"N=9, d=185m (margin 1.57m), Fail 5@t=10",2051,185,5,228,True,SOLVED,-157.0,0,1,0.7036961450242495,"[np.int64(0), np.int64(2), np.int64(3), np.int64(4), np.int64(6), np.int64(7), np.int64(8), np.int64(1)]",26.926829235726156,"(np.int64(8), np.int64(1))",0-2:26.19;2-3:26.34;3-4:26.45;4-6:25.92;6-7:26.52;7-8:26.67;8-1:26.93
1,"N=9, d=185m (margin 1.57m), Fail 5@t=10",2051,185,5,229,True,SOLVED,-157.0,0,1,0.7065194908237609,"[np.int64(0), np.int64(2), np.int64(3), np.int64(4), np.int64(6), np.int64(7), np.int64(8), np.int64(1)]",26.908598198006608,"(np.int64(8), np.int64(1))",0-2:26.20;2-3:26.32;3-4:26.45;4-6:25.88;6-7:26.56;7-8:26.69;8-1:26.91
1,"N=9, d=185m (margin 1.57m), Fail 5@t=10",2051,185,5,230,True,SOLVED,-157.0,0,1,0.709354516385788,"[np.int64(0), np.int64(2), np.int64(3), np.int64(4), np.int64(6), np.int64(7), np.int64(8), np.int64(1)]",26.890783903397885,"(np.int64(8), np.int64(1))",0-2:26.21;2-3:26.31;3-4:26.44;4-6:25.84;6-7:26.60;7-8:26.71;8-1:26.89
1,"N=9, d=185m (margin 1.57m), Fail 5@t=10",2051,185,5,231,True,SOLVED,-157.0,0,1,0.7122010822596109,"[np.int64(0), np.int64(2), np.int64(3), np.int64(4), np.int64(6), np.int64(7), np.int64(8), np.int64(1)]",26.87338630933815,"(np.int64(8), np.int64(1))",0-2:26.22;2-3:26.29;3-4:26.44;4-6:25.81;6-7:26.64;7-8:26.73;8-1:26.87
1,"N=9, d=185m (margin 1.57m), Fail 5@t=10",2051,185,5,232,True,SOLVED,-157.0,0,1,0.7150590506266858,"[np.int64(0), np.int64(2), np.int64(3), np.int64(4), np.int64(6), np.int64(7), np.int64(8), np.int64(1)]",26.856405371916907,"(np.int64(8), np.int64(1))",0-2:26.24;2-3:26.27;3-4:26.44;4-6:25.77;6-7:26.69;7-8:26.76;8-1:26.86
1,"N=9, d=185m (margin 1.57m), Fail 5@t=10",2051,185,5,233,True,SOLVED,-157.0,0,1,0.7179282847420003,"[np.int64(0), np.int64(2), np.int64(3), np.int64(4), np.int64(6), np.int64(7), np.int64(8), np.int64(1)]",26.839929828245996,"(np.int64(8), np.int64(1))",0-2:26.25;2-3:26.26;3-4:26.43;4-6:25.73;6-7:26.73;7-8:26.78;8-1:26.84
1,"N=9, d=185m (margin 1.57m), Fail 5@t=10",2051,185,5,234,True,SOLVED,-157.0,0,1,0.7208086512028434,"[np.int64(0), np.int64(2), np.int64(3), np.int64(4), np.int64(6), np.int64(7), np.int64(8), np.int64(1)]",26.823868671851816,"(np.int64(8), np.int64(1))",0-2:26.26;2-3:26.24;3-4:26.43;4-6:25.70;6-7:26.77;7-8:26.80;8-1:26.82
1,"N=9, d=185m (margin 1.57m), Fail 5@t=10",2051,185,5,235,True,SOLVED,-157.0,0,1,0.7237000166234793,"[np.int64(0), np.int64(2), np.int64(3), np.int64(4), np.int64(6), np.int64(7), np.int64(8), np.int64(1)]",26.822413642188643,"(np.int64(7), np.int64(8))",0-2:26.27;2-3:26.22;3-4:26.43;4-6:25.66;6-7:26.81;7-8:26.82;8-1:26.81
1,"N=9, d=185m (margin 1.57m), Fail 5@t=10",2051,185,5,236,True,SOLVED,-157.0,0,1,0.72660224951184,"[np.int64(0), np.int64(2), np.int64(3), np.int64(4), np.int64(6), np.int64(7), np.int64(8), np.int64(1)]",26.85126611781102,"(np.int64(6), np.int64(7))",0-2:26.28;2-3:26.21;3-4:26.42;4-6:25.63;6-7:26.85;7-8:26.84;8-1:26.79
1,"N=9, d=185m (margin 1.57m), Fail 5@t=10",2051,185,5,237,True,SOLVED,-157.0,0,1,0.729515220407613,"[np.int64(0), np.int64(2), np.int64(3), np.int64(4), np.int64(6), np.int64(7), np.int64(8), np.int64(1)]",26.89268280304677,"(np.int64(6), np.int64(7))",0-2:26.29;2-3:26.19;3-4:26.42;4-6:25.59;6-7:26.89;7-8:26.87;8-1:26.78
1,"N=9, d=185m (margin 1.57m), Fail 5@t=10",2051,185,5,238,True,SOLVED,-157.0,0,1,0.732438800906292,"[np.int64(0), np.int64(2), np.int64(3), np.int64(4), np.int64(6), np.int64(7), np.int64(8), np.int64(1)]",26.934132579994234,"(np.int64(6), np.int64(7))",0-2:26.30;2-3:26.17;3-4:26.42;4-6:25.55;6-7:26.93;7-8:26.89;8-1:26.76
1,"N=9, d=185m (margin 1.57m), Fail 5@t=10",2051,185,5,239,True,SOLVED,-157.0,0,1,0.7353728646093656,"[np.int64(0), np.int64(2), np.int64(3), np.int64(4), np.int64(6), np.int64(7), np.int64(8), np.int64(1)]",26.975615296111336,"(np.int64(6), np.int64(7))",0-2:26.31;2-3:26.16;3-4:26.41;4-6:25.52;6-7:26.98;7-8:26.91;8-1:26.75
1,"N=9, d=185m (margin 1.57m), Fail 5@t=10",2051,185,5,240,True,SOLVED,-157.0,0,1,0.7383172865358338,"[np.int64(0), np.int64(2), np.int64(3), np.int64(4), np.int64(6), np.int64(7), np.int64(8), np.int64(1)]",27.01713079967201,"(np.int64(6), np.int64(7))",0-2:26.32;2-3:26.14;3-4:26.41;4-6:25.48;6-7:27.02;7-8:26.93;8-1:26.74
1,"N=9, d=185m (margin 1.57m), Fail 5@t=10",2051,185,5,241,True,SOLVED,-157.0,0,1,0.7412719433427246,"[np.int64(0), np.int64(2), np.int64(3), np.int64(4), np.int64(6), np.int64(7), np.int64(8), np.int64(1)]",27.058678939758213,"(np.int64(6), np.int64(7))",0-2:26.33;2-3:26.12;3-4:26.41;4-6:25.45;6-7:27.06;7-8:26.96;8-1:26.72
1,"N=9, d=185m (margin 1.57m), Fail 5@t=10",2051,185,5,242,True,SOLVED,-157.0,0,1,0.7442367130116483,"[np.int64(0), np.int64(2), np.int64(3), np.int64(4), np.int64(6), np.int64(7), np.int64(8), np.int64(1)]",27.100259566263816,"(np.int64(6), np.int64(7))",0-2:26.34;2-3:26.11;3-4:26.40;4-6:25.41;6-7:27.10;7-8:26.98;8-1:26.71
1,"N=9, d=185m (margin 1.57m), Fail 5@t=10",2051,185,5,243,True,SOLVED,-157.0,0,1,0.7472114750154641,"[np.int64(0), np.int64(2), np.int64(3), np.int64(4), np.int64(6), np.int64(7), np.int64(8), np.int64(1)]",27.141872529864013,"(np.int64(6), np.int64(7))",0-2:26.35;2-3:26.09;3-4:26.40;4-6:25.38;6-7:27.14;7-8:27.00;8-1:26.70
1,"N=9, d=185m (margin 1.57m), Fail 5@t=10",2051,185,5,244,True,SOLVED,-157.0,0,1,0.7501961107841351,"[np.int64(0), np.int64(2), np.int64(3), np.int64(4), np.int64(6), np.int64(7), np.int64(8), np.int64(1)]",27.183517682075465,"(np.int64(6), np.int64(7))",0-2:26.35;2-3:26.08;3-4:26.40;4-6:25.34;6-7:27.18;7-8:27.02;8-1:26.69
1,"N=9, d=185m (margin 1.57m), Fail 5@t=10",2051,185,5,245,True,SOLVED,-157.0,0,1,0.7531905028192014,"[np.int64(0), np.int64(2), np.int64(3), np.int64(4), np.int64(6), np.int64(7), np.int64(8), np.int64(1)]",27.225194875186236,"(np.int64(6), np.int64(7))",0-2:26.36;2-3:26.06;3-4:26.39;4-6:25.30;6-7:27.23;7-8:27.05;8-1:26.67
1,"N=9, d=185m (margin 1.57m), Fail 5@t=10",2051,185,5,246,True,SOLVED,-157.0,0,1,0.7561945350671828,"[np.int64(0), np.int64(2), np.int64(3), np.int64(4), np.int64(6), np.int64(7), np.int64(8), np.int64(1)]",27.266903962259068,"(np.int64(6), np.int64(7))",0-2:26.37;2-3:26.04;3-4:26.39;4-6:25.27;6-7:27.27;7-8:27.07;8-1:26.66
1,"N=9, d=185m (margin 1.57m), Fail 5@t=10",2051,185,5,247,True,SOLVED,-157.0,0,1,0.7592080934013158,"[np.int64(0), np.int64(2), np.int64(3), np.int64(4), np.int64(6), np.int64(7), np.int64(8), np.int64(1)]",27.3086447971725,"(np.int64(6), np.int64(7))",0-2:26.37;2-3:26.03;3-4:26.39;4-6:25.23;6-7:27.31;7-8:27.10;8-1:26.65
1,"N=9, d=185m (margin 1.57m), Fail 5@t=10",2051,185,5,248,True,SOLVED,-157.0,0,1,0.7622310643387351,"[np.int64(0), np.int64(2), np.int64(3), np.int64(4), np.int64(6), np.int64(7), np.int64(8), np.int64(1)]",27.350417234531644,"(np.int64(6), np.int64(7))",0-2:26.38;2-3:26.01;3-4:26.38;4-6:25.20;6-7:27.35;7-8:27.12;8-1:26.64
1,"N=9, d=185m (margin 1.57m), Fail 5@t=10",2051,185,5,249,True,SOLVED,-157.0,0,1,0.7652633370158679,"[np.int64(0), np.int64(2), np.int64(3), np.int64(4), np.int64(6), np.int64(7), np.int64(8), np.int64(1)]",27.3922211297975,"(np.int64(6), np.int64(7))",0-2:26.39;2-3:26.00;3-4:26.38;4-6:25.16;6-7:27.39;7-8:27.14;8-1:26.63
1,"N=9, d=185m (margin 1.57m), Fail 5@t=10",2051,185,5,250,True,SOLVED,-157.0,0,1,0.7683048009599468,"[np.int64(0), np.int64(2), np.int64(3), np.int64(4), np.int64(6), np.int64(7), np.int64(8), np.int64(1)]",27.434056339164258,"(np.int64(6), np.int64(7))",0-2:26.39;2-3:25.98;3-4:26.38;4-6:25.13;6-7:27.43;7-8:27.17;8-1:26.61
1,"N=9, d=185m (margin 1.57m), Fail 5@t=10",2051,185,5,251,True,SOLVED,-157.0,0,1,0.771355346377707,"[np.int64(0), np.int64(2), np.int64(3), np.int64(4), np.int64(6), np.int64(7), np.int64(8), np.int64(1)]",27.475922719481638,"(np.int64(6), np.int64(7))",0-2:26.40;2-3:25.97;3-4:26.37;4-6:25.09;6-7:27.48;7-8:27.20;8-1:26.60
1,"N=9, d=185m (margin 1.57m), Fail 5@t=10",2051,185,5,252,True,SOLVED,-157.0,0,1,0.7744148681395676,"[np.int64(0), np.int64(2), np.int64(3), np.int64(4), np.int64(6), np.int64(7), np.int64(8), np.int64(1)]",27.517820128591843,"(np.int64(6), np.int64(7))",0-2:26.40;2-3:25.95;3-4:26.37;4-6:25.06;6-7:27.52;7-8:27.22;8-1:26.59
1,"N=9, d=185m (margin 1.57m), Fail 5@t=10",2051,185,5,253,True,SOLVED,-157.0,0,1,0.7774832561478613,"[np.int64(0), np.int64(2), np.int64(3), np.int64(4), np.int64(6), np.int64(7), np.int64(8), np.int64(1)]",27.559748424891897,"(np.int64(6), np.int64(7))",0-2:26.40;2-3:25.94;3-4:26.37;4-6:25.02;6-7:27.56;7-8:27.25;8-1:26.58
1,"N=9, d=185m (margin 1.57m), Fail 5@t=10",2051,185,5,254,True,SOLVED,-157.0,0,1,0.7805604084415212,"[np.int64(0), np.int64(2), np.int64(3), np.int64(4), np.int64(6), np.int64(7), np.int64(8), np.int64(1)]",27.60170746762211,"(np.int64(6), np.int64(7))",0-2:26.39;2-3:25.94;3-4:26.36;4-6:24.99;6-7:27.60;7-8:27.28;8-1:26.57
1,"N=9, d=185m (margin 1.57m), Fail 5@t=10",2051,185,5,255,True,SOLVED,-157.0,0,1,0.7836462240873177,"[np.int64(0), np.int64(2), np.int64(3), np.int64(4), np.int64(6), np.int64(7), np.int64(8), np.int64(1)]",27.643697116728216,"(np.int64(6), np.int64(7))",0-2:26.38;2-3:25.94;3-4:26.36;4-6:24.95;6-7:27.64;7-8:27.31;8-1:26.55
1,"N=9, d=185m (margin 1.57m), Fail 5@t=10",2051,185,5,256,True,SOLVED,-157.0,0,1,0.7867405968212761,"[np.int64(0), np.int64(2), np.int64(3), np.int64(4), np.int64(6), np.int64(7), np.int64(8), np.int64(1)]",27.685717232973413,"(np.int64(6), np.int64(7))",0-2:26.37;2-3:25.94;3-4:26.36;4-6:24.92;6-7:27.69;7-8:27.34;8-1:26.54
1,"N=9, d=185m (margin 1.57m), Fail 5@t=10",2051,185,5,257,True,SOLVED,-157.0,0,1,0.7898434287992693,"[np.int64(0), np.int64(2), np.int64(3), np.int64(4), np.int64(6), np.int64(7), np.int64(8), np.int64(1)]",27.72776767788468,"(np.int64(6), np.int64(7))",0-2:26.34;2-3:25.96;3-4:26.35;4-6:24.88;6-7:27.73;7-8:27.36;8-1:26.53
1,"N=9, d=185m (margin 1.57m), Fail 5@t=10",2051,185,5,258,True,SOLVED,-157.0,0,1,0.7914881429629063,"[np.int64(0), np.int64(2), np.int64(3), np.int64(4), np.int64(6), np.int64(7), np.int64(8), np.int64(1)]",27.769445228462136,"(np.int64(6), np.int64(7))",0-2:26.30;2-3:25.98;3-4:26.35;4-6:24.85;6-7:27.77;7-8:27.39;8-1:26.51
1,"N=9, d=185m (margin 1.57m), Fail 5@t=10",2051,185,5,259,True,SOLVED,-157.0,0,1,0.7866731588470215,"[np.int64(0), np.int64(2), np.int64(3), np.int64(4), np.int64(6), np.int64(7), np.int64(8), np.int64(1)]",27.808970436708314,"(np.int64(6), np.int64(7))",0-2:26.26;2-3:26.01;3-4:26.35;4-6:24.82;6-7:27.81;7-8:27.43;8-1:26.50
1,"N=9, d=185m (margin 1.57m), Fail 5@t=10",2051,185,5,260,True,SOLVED,-157.0,0,1,0.7777921602877238,"[np.int64(0), np.int64(2), np.int64(3), np.int64(4), np.int64(6), np.int64(7), np.int64(8), np.int64(1)]",27.845204153375263,"(np.int64(6), np.int64(7))",0-2:26.22;2-3:26.03;3-4:26.34;4-6:24.78;6-7:27.85;7-8:27.46;8-1:26.49
1,"N=9, d=185m (margin 1.57m), Fail 5@t=10",2051,185,5,261,True,SOLVED,-157.0,0,1,0.7667238322305708,"[np.int64(0), np.int64(2), np.int64(3), np.int64(4), np.int64(6), np.int64(7), np.int64(8), np.int64(1)]",27.877502368453996,"(np.int64(6), np.int64(7))",0-2:26.17;2-3:26.05;3-4:26.34;4-6:24.75;6-7:27.88;7-8:27.50;8-1:26.47
1,"N=9, d=185m (margin 1.57m), Fail 5@t=10",2051,185,5,262,True,SOLVED,-157.0,0,1,0.754864840623737,"[np.int64(0), np.int64(2), np.int64(3), np.int64(4), np.int64(6), np.int64(7), np.int64(8), np.int64(1)]",27.905593710134678,"(np.int64(6), np.int64(7))",0-2:26.13;2-3:26.08;3-4:26.34;4-6:24.73;6-7:27.91;7-8:27.53;8-1:26.46
1,"N=9, d=185m (margin 1.57m), Fail 5@t=10",2051,185,5,263,True,SOLVED,-157.0,0,1,0.7432047532773399,"[np.int64(0), np.int64(2), np.int64(3), np.int64(4), np.int64(6), np.int64(7), np.int64(8), np.int64(1)]",27.92948036539984,"(np.int64(6), np.int64(7))",0-2:26.09;2-3:26.10;3-4:26.33;4-6:24.70;6-7:27.93;7-8:27.57;8-1:26.45
1,"N=9, d=185m (margin 1.57m), Fail 5@t=10",2051,185,5,264,True,SOLVED,-157.0,0,1,0.7324320896950417,"[np.int64(0), np.int64(2), np.int64(3), np.int64(4), np.int64(6), np.int64(7), np.int64(8), np.int64(1)]",27.949353532329877,"(np.int64(6), np.int64(7))",0-2:26.05;2-3:26.13;3-4:26.33;4-6:24.68;6-7:27.95;7-8:27.61;8-1:26.44
1,"N=9, d=185m (margin 1.57m), Fail 5@t=10",2051,185,5,265,True,SOLVED,-157.0,0,1,0.72288490727195,"[np.int64(0), np.int64(2), np.int64(3), np.int64(4), np.int64(6), np.int64(7), np.int64(8), np.int64(1)]",27.965527392908765,"(np.int64(6), np.int64(7))",0-2:26.00;2-3:26.15;3-4:26.33;4-6:24.66;6-7:27.97;7-8:27.65;8-1:26.43
1,"N=9, d=185m (margin 1.57m), Fail 5@t=10",2051,185,5,266,True,SOLVED,-157.0,0,1,0.7953491957821417,"[np.int64(0), np.int64(2), np.int64(3), np.int64(4), np.int64(6), np.int64(7), np.int64(8), np.int64(1)]",27.97838740345849,"(np.int64(6), np.int64(7))",0-2:25.96;2-3:26.17;3-4:26.33;4-6:24.64;6-7:27.98;7-8:27.67;8-1:26.44
1,"N=9, d=185m (margin 1.57m), Fail 5@t=10",2051,185,5,267,True,SOLVED,-157.0,0,1,1.1702044278614263,"[np.int64(0), np.int64(2), np.int64(3), np.int64(4), np.int64(6), np.int64(7), np.int64(8), np.int64(1)]",27.98835026291098,"(np.int64(6), np.int64(7))",0-2:25.92;2-3:26.20;3-4:26.32;4-6:24.62;6-7:27.99;7-8:27.67;8-1:26.47
1,"N=9, d=185m (margin 1.57m), Fail 5@t=10",2051,185,5,268,True,SOLVED,-157.0,0,1,1.5135132871733397,"[np.int64(0), np.int64(2), np.int64(3), np.int64(4), np.int64(6), np.int64(7), np.int64(8), np.int64(1)]",27.990784608072588,"(np.int64(6), np.int64(7))",0-2:25.87;2-3:26.22;3-4:26.32;4-6:24.60;6-7:27.99;7-8:27.67;8-1:26.51
1,"N=9, d=185m (margin 1.57m), Fail 5@t=10",2051,185,5,269,True,SOLVED,-157.0,0,1,1.7904374113437505,"[np.int64(0), np.int64(2), np.int64(3), np.int64(4), np.int64(6), np.int64(7), np.int64(8), np.int64(1)]",27.971717846543267,"(np.int64(6), np.int64(7))",0-2:25.83;2-3:26.25;3-4:26.32;4-6:24.58;6-7:27.97;7-8:27.67;8-1:26.57
1,"N=9, d=185m (margin 1.57m), Fail 5@t=10",2051,185,5,270,True,SOLVED,-157.0,0,1,1.848784378889931,"[np.int64(0), np.int64(2), np.int64(3), np.int64(4), np.int64(6), np.int64(7), np.int64(8), np.int64(1)]",27.913402204705545,"(np.int64(6), np.int64(7))",0-2:25.78;2-3:26.27;3-4:26.31;4-6:24.58;6-7:27.91;7-8:27.69;8-1:26.64
1,"N=9, d=185m (margin 1.57m), Fail 5@t=10",2051,185,5,271,True,SOLVED,-157.0,0,1,1.873707902719063,"[np.int64(0), np.int64(2), np.int64(3), np.int64(4), np.int64(6), np.int64(7), np.int64(8), np.int64(1)]",27.82693632733149,"(np.int64(6), np.int64(7))",0-2:25.74;2-3:26.29;3-4:26.31;4-6:24.58;6-7:27.83;7-8:27.72;8-1:26.71
1,"N=9, d=185m (margin 1.57m), Fail 5@t=10",2051,185,5,272,True,SOLVED,-157.0,0,1,1.879995510545913,"[np.int64(0), np.int64(2), np.int64(3), np.int64(4), np.int64(6), np.int64(7), np.int64(8), np.int64(1)]",27.748682504884016,"(np.int64(7), np.int64(8))",0-2:25.69;2-3:26.32;3-4:26.30;4-6:24.60;6-7:27.72;7-8:27.75;8-1:26.79
1,"N=9, d=185m (margin 1.57m), Fail 5@t=10",2051,185,5,273,True,SOLVED,-157.0,0,1,1.8033188525177286,"[np.int64(0), np.int64(2), np.int64(3), np.int64(4), np.int64(6), np.int64(7), np.int64(8), np.int64(1)]",27.781765947640363,"(np.int64(7), np.int64(8))",0-2:25.65;2-3:26.34;3-4:26.30;4-6:24.63;6-7:27.59;7-8:27.78;8-1:26.88
1,"N=9, d=185m (margin 1.57m), Fail 5@t=10",2051,185,5,274,True,SOLVED,-157.0,0,1,1.6590324647181922,"[np.int64(0), np.int64(2), np.int64(3), np.int64(4), np.int64(6), np.int64(7), np.int64(8), np.int64(1)]",27.808284592502705,"(np.int64(7), np.int64(8))",0-2:25.60;2-3:26.36;3-4:26.29;4-6:24.67;6-7:27.45;7-8:27.81;8-1:26.97
1,"N=9, d=185m (margin 1.57m), Fail 5@t=10",2051,185,5,275,True,SOLVED,-157.0,0,1,1.489243610541915,"[np.int64(0), np.int64(2), np.int64(3), np.int64(4), np.int64(6), np.int64(7), np.int64(8), np.int64(1)]",27.81894321329278,"(np.int64(7), np.int64(8))",0-2:25.56;2-3:26.38;3-4:26.29;4-6:24.73;6-7:27.30;7-8:27.82;8-1:27.07
1,"N=9, d=185m (margin 1.57m), Fail 5@t=10",2051,185,5,276,True,SOLVED,-157.0,0,1,1.2599756778869644,"[np.int64(0), np.int64(2), np.int64(3), np.int64(4), np.int64(6), np.int64(7), np.int64(8), np.int64(1)]",27.813159678802958,"(np.int64(7), np.int64(8))",0-2:25.51;2-3:26.40;3-4:26.29;4-6:24.80;6-7:27.16;7-8:27.81;8-1:27.17
1,"N=9, d=185m (margin 1.57m), Fail 5@t=10",2051,185,5,277,True,SOLVED,-157.0,0,1,1.0732606263704905,"[np.int64(0), np.int64(2), np.int64(3), np.int64(4), np.int64(6), np.int64(7), np.int64(8), np.int64(1)]",27.786704495699077,"(np.int64(7), np.int64(8))",0-2:25.47;2-3:26.42;3-4:26.28;4-6:24.87;6-7:27.03;7-8:27.79;8-1:27.27
1,"N=9, d=185m (margin 1.57m), Fail 5@t=10",2051,185,5,278,True,SOLVED,-157.0,0,1,1.0202601190530105,"[np.int64(0), np.int64(2), np.int64(3), np.int64(4), np.int64(6), np.int64(7), np.int64(8), np.int64(1)]",27.73781539127928,"(np.int64(7), np.int64(8))",0-2:25.43;2-3:26.44;3-4:26.28;4-6:24.96;6-7:26.92;7-8:27.74;8-1:27.37
1,"N=9, d=185m (margin 1.57m), Fail 5@t=10",2051,185,5,279,True,SOLVED,-157.0,0,1,1.0869840064532583,"[np.int64(0), np.int64(2), np.int64(3), np.int64(4), np.int64(6), np.int64(7), np.int64(8), np.int64(1)]",27.665263109055246,"(np.int64(7), np.int64(8))",0-2:25.38;2-3:26.46;3-4:26.27;4-6:25.05;6-7:26.82;7-8:27.67;8-1:27.46
1,"N=9, d=185m (margin 1.57m), Fail 5@t=10",2051,185,5,280,True,SOLVED,-157.0,0,1,1.1995205254152146,"[np.int64(0), np.int64(2), np.int64(3), np.int64(4), np.int64(6), np.int64(7), np.int64(8), np.int64(1)]",27.574479099183645,"(np.int64(7), np.int64(8))",0-2:25.34;2-3:26.48;3-4:26.27;4-6:25.15;6-7:26.74;7-8:27.57;8-1:27.56
1,"N=9, d=185m (margin 1.57m), Fail 5@t=10",2051,185,5,281,True,SOLVED,-157.0,0,1,1.2232878919017065,"[np.int64(0), np.int64(2), np.int64(3), np.int64(4), np.int64(6), np.int64(7), np.int64(8), np.int64(1)]",27.63983924408209,"(np.int64(8), np.int64(1))",0-2:25.29;2-3:26.50;3-4:26.26;4-6:25.25;6-7:26.67;7-8:27.48;8-1:27.64
1,"N=9, d=185m (margin 1.57m), Fail 5@t=10",2051,185,5,282,True,SOLVED,-157.0,0,1,1.2958443297151805,"[np.int64(0), np.int64(2), np.int64(3), np.int64(4), np.int64(6), np.int64(7), np.int64(8), np.int64(1)]",27.71479200406111,"(np.int64(8), np.int64(1))",0-2:25.25;2-3:26.52;3-4:26.26;4-6:25.37;6-7:26.60;7-8:27.39;8-1:27.71
1,"N=9, d=185m (margin 1.57m), Fail 5@t=10",2051,185,5,283,True,SOLVED,-157.0,0,1,1.3601863025498786,"[np.int64(0), np.int64(2), np.int64(3), np.int64(4), np.int64(6), np.int64(7), np.int64(8), np.int64(1)]",27.76028038887864,"(np.int64(8), np.int64(1))",0-2:25.20;2-3:26.54;3-4:26.26;4-6:25.49;6-7:26.53;7-8:27.32;8-1:27.76
1,"N=9, d=185m (margin 1.57m), Fail 5@t=10",2051,185,5,284,True,SOLVED,-157.0,0,1,1.417436694249051,"[np.int64(0), np.int64(2), np.int64(3), np.int64(4), np.int64(6), np.int64(7), np.int64(8), np.int64(1)]",27.77858033202083,"(np.int64(8), np.int64(1))",0-2:25.16;2-3:26.55;3-4:26.25;4-6:25.61;6-7:26.46;7-8:27.27;8-1:27.78
1,"N=9, d=185m (margin 1.57m), Fail 5@t=10",2051,185,5,285,True,SOLVED,-157.0,0,1,1.4624728341727475,"[np.int64(0), np.int64(2), np.int64(3), np.int64(4), np.int64(6), np.int64(7), np.int64(8), np.int64(1)]",27.77765901812125,"(np.int64(8), np.int64(1))",0-2:25.11;2-3:26.57;3-4:26.25;4-6:25.74;6-7:26.39;7-8:27.23;8-1:27.78
1,"N=9, d=185m (margin 1.57m), Fail 5@t=10",2051,185,5,286,True,SOLVED,-157.0,0,1,1.4690260459117108,"[np.int64(0), np.int64(2), np.int64(3), np.int64(4), np.int64(6), np.int64(7), np.int64(8), np.int64(1)]",27.765120620218756,"(np.int64(8), np.int64(1))",0-2:25.07;2-3:26.59;3-4:26.24;4-6:25.87;6-7:26.34;7-8:27.20;8-1:27.77
1,"N=9, d=185m (margin 1.57m), Fail 5@t=10",2051,185,5,287,True,SOLVED,-157.0,0,1,1.3370173205257985,"[np.int64(0), np.int64(2), np.int64(3), np.int64(4), np.int64(6), np.int64(7), np.int64(8), np.int64(1)]",27.754738988508244,"(np.int64(8), np.int64(1))",0-2:25.02;2-3:26.61;3-4:26.24;4-6:26.01;6-7:26.28;7-8:27.16;8-1:27.75
1,"N=9, d=185m (margin 1.57m), Fail 5@t=10",2051,185,5,288,True,SOLVED,-157.0,0,1,1.198891365371996,"[np.int64(0), np.int64(2), np.int64(3), np.int64(4), np.int64(6), np.int64(7), np.int64(8), np.int64(1)]",27.74420690516839,"(np.int64(8), np.int64(1))",0-2:24.97;2-3:26.62;3-4:26.24;4-6:26.15;6-7:26.23;7-8:27.11;8-1:27.74
1,"N=9, d=185m (margin 1.57m), Fail 5@t=10",2051,185,5,289,True,SOLVED,-157.0,0,1,1.157079807360696,"[np.int64(0), np.int64(2), np.int64(3), np.int64(4), np.int64(6), np.int64(7), np.int64(8), np.int64(1)]",27.729031321095327,"(np.int64(8), np.int64(1))",0-2:24.93;2-3:26.64;3-4:26.23;4-6:26.28;6-7:26.19;7-8:27.07;8-1:27.73
1,"N=9, d=185m (margin 1.57m), Fail 5@t=10",2051,185,5,290,True,SOLVED,-157.0,0,1,1.2453337246431377,"[np.int64(0), np.int64(2), np.int64(3), np.int64(4), np.int64(6), np.int64(7), np.int64(8), np.int64(1)]",27.7041656166616,"(np.int64(8), np.int64(1))",0-2:24.88;2-3:26.66;3-4:26.23;4-6:26.39;6-7:26.18;7-8:27.03;8-1:27.70
1,"N=9, d=185m (margin 1.57m), Fail 5@t=10",2051,185,5,291,True,SOLVED,-157.0,0,1,1.3037821913714622,"[np.int64(0), np.int64(2), np.int64(3), np.int64(4), np.int64(6), np.int64(7), np.int64(8), np.int64(1)]",27.668357215521638,"(np.int64(8), np.int64(1))",0-2:24.83;2-3:26.67;3-4:26.22;4-6:26.45;6-7:26.22;7-8:26.99;8-1:27.67
1,"N=9, d=185m (margin 1.57m), Fail 5@t=10",2051,185,5,292,True,SOLVED,-157.0,0,1,1.217223974195766,"[np.int64(0), np.int64(2), np.int64(3), np.int64(4), np.int64(6), np.int64(7), np.int64(8), np.int64(1)]",27.634512237476265,"(np.int64(8), np.int64(1))",0-2:24.79;2-3:26.69;3-4:26.22;4-6:26.47;6-7:26.32;7-8:26.94;8-1:27.63
1,"N=9, d=185m (margin 1.57m), Fail 5@t=10",2051,185,5,293,True,SOLVED,-157.0,0,1,1.1840676124834697,"[np.int64(0), np.int64(2), np.int64(3), np.int64(4), np.int64(6), np.int64(7), np.int64(8), np.int64(1)]",27.600784747140192,"(np.int64(8), np.int64(1))",0-2:24.74;2-3:26.71;3-4:26.21;4-6:26.50;6-7:26.42;7-8:26.87;8-1:27.60
1,"N=9, d=185m (margin 1.57m), Fail 5@t=10",2051,185,5,294,True,SOLVED,-157.0,0,1,1.2169292224698316,"[np.int64(0), np.int64(2), np.int64(3), np.int64(4), np.int64(6), np.int64(7), np.int64(8), np.int64(1)]",27.561812223589037,"(np.int64(8), np.int64(1))",0-2:24.69;2-3:26.73;3-4:26.21;4-6:26.53;6-7:26.54;7-8:26.80;8-1:27.56
1,"N=9, d=185m (margin 1.57m), Fail 5@t=10",2051,185,5,295,True,SOLVED,-157.0,0,1,1.235245780581448,"[np.int64(0), np.int64(2), np.int64(3), np.int64(4), np.int64(6), np.int64(7), np.int64(8), np.int64(1)]",27.509957911669407,"(np.int64(8), np.int64(1))",0-2:24.64;2-3:26.74;3-4:26.21;4-6:26.57;6-7:26.65;7-8:26.73;8-1:27.51
1,"N=9, d=185m (margin 1.57m), Fail 5@t=10",2051,185,5,296,True,SOLVED,-157.0,0,1,1.139255652747592,"[np.int64(0), np.int64(2), np.int64(3), np.int64(4), np.int64(6), np.int64(7), np.int64(8), np.int64(1)]",27.448786728765363,"(np.int64(8), np.int64(1))",0-2:24.59;2-3:26.76;3-4:26.20;4-6:26.62;6-7:26.75;7-8:26.68;8-1:27.45
1,"N=9, d=185m (margin 1.57m), Fail 5@t=10",2051,185,5,297,True,SOLVED,-157.0,0,1,0.9729468165785257,"[np.int64(0), np.int64(2), np.int64(3), np.int64(4), np.int64(6), np.int64(7), np.int64(8), np.int64(1)]",27.383149053825694,"(np.int64(8), np.int64(1))",0-2:24.54;2-3:26.77;3-4:26.20;4-6:26.68;6-7:26.83;7-8:26.65;8-1:27.38
1,"N=9, d=185m (margin 1.57m), Fail 5@t=10",2051,185,5,298,True,SOLVED,-157.0,0,1,0.7392560882613672,"[np.int64(0), np.int64(2), np.int64(3), np.int64(4), np.int64(6), np.int64(7), np.int64(8), np.int64(1)]",27.316012940139643,"(np.int64(8), np.int64(1))",0-2:24.49;2-3:26.79;3-4:26.19;4-6:26.74;6-7:26.88;7-8:26.64;8-1:27.32
1,"N=9, d=185m (margin 1.57m), Fail 5@t=10",2051,185,5,299,True,SOLVED,-157.0,0,1,0.735275241672752,"[np.int64(0), np.int64(2), np.int64(3), np.int64(4), np.int64(6), np.int64(7), np.int64(8), np.int64(1)]",27.250651310331044,"(np.int64(8), np.int64(1))",0-2:24.45;2-3:26.81;3-4:26.19;4-6:26.80;6-7:26.93;7-8:26.63;8-1:27.25
2,"N=9, d=189m (margin 1.00m), Fail 4@t=10",2052,189,4,0,True,SOLVED,-161.0,0,1,0.44629870414661954,"[np.int64(0), np.int64(2), np.int64(3), np.int64(4), np.int64(5), np.int64(6), np.int64(7), np.int64(8), np.int64(1)]",23.649761321023032,"(np.int64(6), np.int64(7))",0-2:23.62;2-3:23.62;3-4:23.62;4-5:23.62;5-6:23.62;6-7:23.65;7-8:23.63;8-1:23.60
2,"N=9, d=189m (margin 1.00m), Fail 4@t=10",2052,189,4,1,True,SOLVED,-161.0,0,1,0.7248589798818883,"[np.int64(0), np.int64(2), np.int64(3), np.int64(4), np.int64(5), np.int64(6), np.int64(7), np.int64(8), np.int64(1)]",23.672943499993554,"(np.int64(5), np.int64(6))",0-2:23.62;2-3:23.62;3-4:23.62;4-5:23.62;5-6:23.67;6-7:23.63;7-8:23.61;8-1:23.59
2,"N=9, d=189m (margin 1.00m), Fail 4@t=10",2052,189,4,2,True,SOLVED,-161.0,0,1,0.6587979333757027,"[np.int64(0), np.int64(2), np.int64(3), np.int64(4), np.int64(5), np.int64(6), np.int64(7), np.int64(8), np.int64(1)]",23.683976313317277,"(np.int64(4), np.int64(5))",0-2:23.62;2-3:23.62;3-4:23.61;4-5:23.68;5-6:23.64;6-7:23.63;7-8:23.60;8-1:23.59
2,"N=9, d=189m (margin 1.00m), Fail 4@t=10",2052,189,4,3,True,SOLVED,-161.0,0,1,0.383090667381304,"[np.int64(0), np.int64(2), np.int64(3), np.int64(4), np.int64(5), np.int64(6), np.int64(7), np.int64(8), np.int64(1)]",23.675315913869504,"(np.int64(4), np.int64(5))",0-2:23.63;2-3:23.60;3-4:23.65;4-5:23.68;5-6:23.63;6-7:23.63;7-8:23.56;8-1:23.62
2,"N=9, d=189m (margin 1.00m), Fail 4@t=10",2052,189,4,4,True,SOLVED,-161.0,0,1,0.41108419905129445,"[np.int64(0), np.int64(2), np.int64(3), np.int64(4), np.int64(5), np.int64(6), np.int64(7), np.int64(8), np.int64(1)]",23.675403014393478,"(np.int64(3), np.int64(4))",0-2:23.63;2-3:23.60;3-4:23.68;4-5:23.64;5-6:23.64;6-7:23.60;7-8:23.61;8-1:23.59
2,"N=9, d=189m (margin 1.00m), Fail 4@t=10",2052,189,4,5,True,SOLVED,-161.0,0,1,0.5137239874192643,"[np.int64(0), np.int64(2), np.int64(3), np.int64(4), np.int64(5), np.int64(6), np.int64(7), np.int64(8), np.int64(1)]",23.64564388082555,"(np.int64(0), np.int64(2))",0-2:23.65;2-3:23.64;3-4:23.64;4-5:23.63;5-6:23.62;6-7:23.64;7-8:23.61;8-1:23.58
2,"N=9, d=189m (margin 1.00m), Fail 4@t=10",2052,189,4,6,True,SOLVED,-161.0,0,1,0.5618571935421809,"[np.int64(0), np.int64(2), np.int64(3), np.int64(4), np.int64(5), np.int64(6), np.int64(7), np.int64(8), np.int64(1)]",23.69338795426841,"(np.int64(0), np.int64(2))",0-2:23.69;2-3:23.63;3-4:23.60;4-5:23.61;5-6:23.63;6-7:23.65;7-8:23.60;8-1:23.59
2,"N=9, d=189m (margin 1.00m), Fail 4@t=10",2052,189,4,7,True,SOLVED,-161.0,0,1,0.6337821264909009,"[np.int64(0), np.int64(2), np.int64(3), np.int64(4), np.int64(5), np.int64(6), np.int64(7), np.int64(8), np.int64(1)]",23.71889687182978,"(np.int64(0), np.int64(2))",0-2:23.72;2-3:23.63;3-4:23.58;4-5:23.62;5-6:23.65;6-7:23.61;7-8:23.61;8-1:23.58
2,"N=9, d=189m (margin 1.00m), Fail 4@t=10",2052,189,4,8,True,SOLVED,-161.0,0,1,0.6237258224548947,"[np.int64(0), np.int64(2), np.int64(3), np.int64(4), np.int64(5), np.int64(6), np.int64(7), np.int64(8), np.int64(1)]",23.715609322049815,"(np.int64(0), np.int64(2))",0-2:23.72;2-3:23.61;3-4:23.63;4-5:23.61;5-6:23.63;6-7:23.57;7-8:23.64;8-1:23.59
2,"N=9, d=189m (margin 1.00m), Fail 4@t=10",2052,189,4,9,True,SOLVED,-161.0,0,1,0.482773680083067,"[np.int64(0), np.int64(2), np.int64(3), np.int64(4), np.int64(5), np.int64(6), np.int64(7), np.int64(8), np.int64(1)]",23.686459691938907,"(np.int64(2), np.int64(3))",0-2:23.67;2-3:23.69;3-4:23.63;4-5:23.62;5-6:23.59;6-7:23.58;7-8:23.62;8-1:23.61
2,"N=9, d=189m (margin 1.00m), Fail 4@t=10",2052,189,4,10,False,DISCONNECTED_BYPASS,-161.0,0,1,0.55605369013601,"[np.int64(0), np.int64(2), np.int64(3), np.int64(5), np.int64(6), np.int64(7), np.int64(8), np.int64(1)]",47.21838409922645,"(np.int64(3), np.int64(5))",0-2:23.66;2-3:23.74;3-5:47.22;5-6:23.58;6-7:23.59;7-8:23.60;8-1:23.60
2,"N=9, d=189m (margin 1.00m), Fail 4@t=10",2052,189,4,11,False,DISCONNECTED_BYPASS,-161.0,0,1,0.8066947166471473,"[np.int64(0), np.int64(2), np.int64(3), np.int64(5), np.int64(6), np.int64(7), np.int64(8), np.int64(1)]",47.14743830629228,"(np.int64(3), np.int64(5))",0-2:23.69;2-3:23.78;3-5:47.15;5-6:23.62;6-7:23.57;7-8:23.61;8-1:23.57
2,"N=9, d=189m (margin 1.00m), Fail 4@t=10",2052,189,4,12,False,DISCONNECTED_BYPASS,-161.0,0,1,0.9521704848038005,"[np.int64(0), np.int64(2), np.int64(3), np.int64(5), np.int64(6), np.int64(7), np.int64(8), np.int64(1)]",47.03115633869678,"(np.int64(3), np.int64(5))",0-2:23.76;2-3:23.81;3-5:47.03;5-6:23.68;6-7:23.57;7-8:23.60;8-1:23.55
2,"N=9, d=189m (margin 1.00m), Fail 4@t=10",2052,189,4,13,False,DISCONNECTED_BYPASS,-161.0,0,1,1.0553415086675237,"[np.int64(0), np.int64(2), np.int64(3), np.int64(5), np.int64(6), np.int64(7), np.int64(8), np.int64(1)]",46.87814870609396,"(np.int64(3), np.int64(5))",0-2:23.84;2-3:23.83;3-5:46.88;5-6:23.74;6-7:23.62;7-8:23.52;8-1:23.57
2,"N=9, d=189m (margin 1.00m), Fail 4@t=10",2052,189,4,14,False,DISCONNECTED_BYPASS,-161.0,0,1,1.1496126805458529,"[np.int64(0), np.int64(2), np.int64(3), np.int64(5), np.int64(6), np.int64(7), np.int64(8), np.int64(1)]",46.68978952133291,"(np.int64(3), np.int64(5))",0-2:23.91;2-3:23.86;3-5:46.69;5-6:23.80;6-7:23.68;7-8:23.50;8-1:23.56
2,"N=9, d=189m (margin 1.00m), Fail 4@t=10",2052,189,4,15,False,DISCONNECTED_BYPASS,-161.0,0,1,1.2176934651702553,"[np.int64(0), np.int64(2), np.int64(3), np.int64(5), np.int64(6), np.int64(7), np.int64(8), np.int64(1)]",46.4674865021461,"(np.int64(3), np.int64(5))",0-2:23.98;2-3:23.92;3-5:46.47;5-6:23.86;6-7:23.72;7-8:23.53;8-1:23.53
2,"N=9, d=189m (margin 1.00m), Fail 4@t=10",2052,189,4,16,False,DISCONNECTED_BYPASS,-161.0,0,1,1.292029498049748,"[np.int64(0), np.int64(2), np.int64(3), np.int64(5), np.int64(6), np.int64(7), np.int64(8), np.int64(1)]",46.213190557037386,"(np.int64(3), np.int64(5))",0-2:24.02;2-3:24.00;3-5:46.21;5-6:23.91;6-7:23.75;7-8:23.60;8-1:23.51
2,"N=9, d=189m (margin 1.00m), Fail 4@t=10",2052,189,4,17,False,DISCONNECTED_BYPASS,-161.0,0,1,1.4420195507510154,"[np.int64(0), np.int64(2), np.int64(3), np.int64(5), np.int64(6), np.int64(7), np.int64(8), np.int64(1)]",45.937234075639026,"(np.int64(3), np.int64(5))",0-2:24.07;2-3:24.08;3-5:45.94;5-6:23.95;6-7:23.78;7-8:23.66;8-1:23.52
2,"N=9, d=189m (margin 1.00m), Fail 4@t=10",2052,189,4,18,False,DISCONNECTED_BYPASS,-161.0,0,1,1.5822566199384878,"[np.int64(0), np.int64(2), np.int64(3), np.int64(5), np.int64(6), np.int64(7), np.int64(8), np.int64(1)]",45.64122689316211,"(np.int64(3), np.int64(5))",0-2:24.15;2-3:24.14;3-5:45.64;5-6:23.99;6-7:23.80;7-8:23.71;8-1:23.57
2,"N=9, d=189m (margin 1.00m), Fail 4@t=10",2052,189,4,19,False,DISCONNECTED_BYPASS,-161.0,0,1,1.685770188679096,"[np.int64(0), np.int64(2), np.int64(3), np.int64(5), np.int64(6), np.int64(7), np.int64(8), np.int64(1)]",45.32871344883842,"(np.int64(3), np.int64(5))",0-2:24.23;2-3:24.20;3-5:45.33;5-6:24.02;6-7:23.82;7-8:23.77;8-1:23.63
2,"N=9, d=189m (margin 1.00m), Fail 4@t=10",2052,189,4,20,False,DISCONNECTED_BYPASS,-161.0,0,1,1.747451999985171,"[np.int64(0), np.int64(2), np.int64(3), np.int64(5), np.int64(6), np.int64(7), np.int64(8), np.int64(1)]",45.00409009992936,"(np.int64(3), np.int64(5))",0-2:24.32;2-3:24.26;3-5:45.00;5-6:24.04;6-7:23.85;7-8:23.82;8-1:23.71
2,"N=9, d=189m (margin 1.00m), Fail 4@t=10",2052,189,4,21,False,DISCONNECTED_BYPASS,-161.0,0,1,1.7973597132493102,"[np.int64(0), np.int64(2), np.int64(3), np.int64(5), np.int64(6), np.int64(7), np.int64(8), np.int64(1)]",44.66918581350292,"(np.int64(3), np.int64(5))",0-2:24.40;2-3:24.34;3-5:44.67;5-6:24.07;6-7:23.89;7-8:23.84;8-1:23.79
2,"N=9, d=189m (margin 1.00m), Fail 4@t=10",2052,189,4,22,False,DISCONNECTED_BYPASS,-161.0,0,1,1.844680300251202,"[np.int64(0), np.int64(2), np.int64(3), np.int64(5), np.int64(6), np.int64(7), np.int64(8), np.int64(1)]",44.32496737623003,"(np.int64(3), np.int64(5))",0-2:24.46;2-3:24.44;3-5:44.32;5-6:24.09;6-7:23.94;7-8:23.87;8-1:23.88
2,"N=9, d=189m (margin 1.00m), Fail 4@t=10",2052,189,4,23,False,DISCONNECTED_BYPASS,-161.0,0,1,1.8966297202979734,"[np.int64(0), np.int64(2), np.int64(3), np.int64(5), np.int64(6), np.int64(7), np.int64(8), np.int64(1)]",43.97162478906053,"(np.int64(3), np.int64(5))",0-2:24.53;2-3:24.53;3-5:43.97;5-6:24.11;6-7:24.00;7-8:23.91;8-1:23.95
2,"N=9, d=189m (margin 1.00m), Fail 4@t=10",2052,189,4,24,False,DISCONNECTED_BYPASS,-161.0,0,1,1.9431367340672125,"[np.int64(0), np.int64(2), np.int64(3), np.int64(5), np.int64(6), np.int64(7), np.int64(8), np.int64(1)]",43.608970964271606,"(np.int64(3), np.int64(5))",0-2:24.61;2-3:24.62;3-5:43.61;5-6:24.14;6-7:24.08;7-8:23.95;8-1:24.00
2,"N=9, d=189m (margin 1.00m), Fail 4@t=10",2052,189,4,25,False,DISCONNECTED_BYPASS,-161.0,0,1,1.9574104319546533,"[np.int64(0), np.int64(2), np.int64(3), np.int64(5), np.int64(6), np.int64(7), np.int64(8), np.int64(1)]",43.24020995513285,"(np.int64(3), np.int64(5))",0-2:24.70;2-3:24.71;3-5:43.24;5-6:24.16;6-7:24.15;7-8:24.02;8-1:24.03
2,"N=9, d=189m (margin 1.00m), Fail 4@t=10",2052,189,4,26,False,DISCONNECTED_BYPASS,-161.0,0,1,1.9644017944892953,"[np.int64(0), np.int64(2), np.int64(3), np.int64(5), np.int64(6), np.int64(7), np.int64(8), np.int64(1)]",42.866550557978066,"(np.int64(3), np.int64(5))",0-2:24.79;2-3:24.80;3-5:42.87;5-6:24.22;6-7:24.16;7-8:24.13;8-1:24.04
2,"N=9, d=189m (margin 1.00m), Fail 4@t=10",2052,189,4,27,False,DISCONNECTED_BYPASS,-161.0,0,1,1.9722489301061679,"[np.int64(0), np.int64(2), np.int64(3), np.int64(5), np.int64(6), np.int64(7), np.int64(8), np.int64(1)]",42.48873617632758,"(np.int64(3), np.int64(5))",0-2:24.88;2-3:24.88;3-5:42.49;5-6:24.27;6-7:24.19;7-8:24.22;8-1:24.06
2,"N=9, d=189m (margin 1.00m), Fail 4@t=10",2052,189,4,28,False,DISCONNECTED_BYPASS,-161.0,0,1,1.9784387310339857,"[np.int64(0), np.int64(2), np.int64(3), np.int64(5), np.int64(6), np.int64(7), np.int64(8), np.int64(1)]",42.10796684354873,"(np.int64(3), np.int64(5))",0-2:24.97;2-3:24.98;3-5:42.11;5-6:24.34;6-7:24.24;7-8:24.29;8-1:24.09
2,"N=9, d=189m (margin 1.00m), Fail 4@t=10",2052,189,4,29,False,DISCONNECTED_BYPASS,-161.0,0,1,1.977603443683347,"[np.int64(0), np.int64(2), np.int64(3), np.int64(5), np.int64(6), np.int64(7), np.int64(8), np.int64(1)]",41.72558949663944,"(np.int64(3), np.int64(5))",0-2:25.06;2-3:25.07;3-5:41.73;5-6:24.39;6-7:24.30;7-8:24.34;8-1:24.12
2,"N=9, d=189m (margin 1.00m), Fail 4@t=10",2052,189,4,30,False,DISCONNECTED_BYPASS,-161.0,0,1,1.9537394364696894,"[np.int64(0), np.int64(2), np.int64(3), np.int64(5), np.int64(6), np.int64(7), np.int64(8), np.int64(1)]",41.34452160146115,"(np.int64(3), np.int64(5))",0-2:25.16;2-3:25.16;3-5:41.34;5-6:24.44;6-7:24.39;7-8:24.34;8-1:24.17
2,"N=9, d=189m (margin 1.00m), Fail 4@t=10",2052,189,4,31,False,DISCONNECTED_BYPASS,-161.0,0,1,1.926101015323024,"[np.int64(0), np.int64(2), np.int64(3), np.int64(5), np.int64(6), np.int64(7), np.int64(8), np.int64(1)]",40.965824307363505,"(np.int64(3), np.int64(5))",0-2:25.25;2-3:25.25;3-5:40.97;5-6:24.51;6-7:24.45;7-8:24.33;8-1:24.26
2,"N=9, d=189m (margin 1.00m), Fail 4@t=10",2052,189,4,32,False,DISCONNECTED_BYPASS,-161.0,0,1,1.9110435375825932,"[np.int64(0), np.int64(2), np.int64(3), np.int64(5), np.int64(6), np.int64(7), np.int64(8), np.int64(1)]",40.588747163251384,"(np.int64(3), np.int64(5))",0-2:25.35;2-3:25.34;3-5:40.59;5-6:24.59;6-7:24.50;7-8:24.31;8-1:24.34
2,"N=9, d=189m (margin 1.00m), Fail 4@t=10",2052,189,4,33,False,DISCONNECTED_BYPASS,-161.0,0,1,1.924063892294761,"[np.int64(0), np.int64(2), np.int64(3), np.int64(5), np.int64(6), np.int64(7), np.int64(8), np.int64(1)]",40.210665134074304,"(np.int64(3), np.int64(5))",0-2:25.44;2-3:25.44;3-5:40.21;5-6:24.67;6-7:24.54;7-8:24.30;8-1:24.40
2,"N=9, d=189m (margin 1.00m), Fail 4@t=10",2052,189,4,34,False,DISCONNECTED_BYPASS,-161.0,0,1,1.933264348401324,"[np.int64(0), np.int64(2), np.int64(3), np.int64(5), np.int64(6), np.int64(7), np.int64(8), np.int64(1)]",39.83208247636552,"(np.int64(3), np.int64(5))",0-2:25.53;2-3:25.53;3-5:39.83;5-6:24.75;6-7:24.60;7-8:24.31;8-1:24.46
2,"N=9, d=189m (margin 1.00m), Fail 4@t=10",2052,189,4,35,False,DISCONNECTED_BYPASS,-161.0,0,1,1.9420281893627716,"[np.int64(0), np.int64(2), np.int64(3), np.int64(5), np.int64(6), np.int64(7), np.int64(8), np.int64(1)]",39.45301752509095,"(np.int64(3), np.int64(5))",0-2:25.62;2-3:25.63;3-5:39.45;5-6:24.80;6-7:24.65;7-8:24.36;8-1:24.49
2,"N=9, d=189m (margin 1.00m), Fail 4@t=10",2052,189,4,36,False,DISCONNECTED_BYPASS,-161.0,0,1,1.9517185835220114,"[np.int64(0), np.int64(2), np.int64(3), np.int64(5), np.int64(6), np.int64(7), np.int64(8), np.int64(1)]",39.073374976337114,"(np.int64(3), np.int64(5))",0-2:25.70;2-3:25.73;3-5:39.07;5-6:24.87;6-7:24.68;7-8:24.46;8-1:24.49
2,"N=9, d=189m (margin 1.00m), Fail 4@t=10",2052,189,4,37,False,DISCONNECTED_BYPASS,-161.0,0,1,1.9653411763501198,"[np.int64(0), np.int64(2), np.int64(3), np.int64(5), np.int64(6), np.int64(7), np.int64(8), np.int64(1)]",38.69265179665094,"(np.int64(3), np.int64(5))",0-2:25.79;2-3:25.82;3-5:38.69;5-6:24.95;6-7:24.68;7-8:24.58;8-1:24.48
2,"N=9, d=189m (margin 1.00m), Fail 4@t=10",2052,189,4,38,False,DISCONNECTED_BYPASS,-161.0,0,1,1.9743783636974428,"[np.int64(0), np.int64(2), np.int64(3), np.int64(5), np.int64(6), np.int64(7), np.int64(8), np.int64(1)]",38.31102697726231,"(np.int64(3), np.int64(5))",0-2:25.88;2-3:25.92;3-5:38.31;5-6:25.04;6-7:24.69;7-8:24.69;8-1:24.47
2,"N=9, d=189m (margin 1.00m), Fail 4@t=10",2052,189,4,39,False,DISCONNECTED_BYPASS,-161.0,0,1,1.9961038385857595,"[np.int64(0), np.int64(2), np.int64(3), np.int64(5), np.int64(6), np.int64(7), np.int64(8), np.int64(1)]",37.926996687987234,"(np.int64(3), np.int64(5))",0-2:25.97;2-3:26.01;3-5:37.93;5-6:25.11;6-7:24.71;7-8:24.77;8-1:24.49
2,"N=9, d=189m (margin 1.00m), Fail 4@t=10",2052,189,4,40,False,DISCONNECTED_BYPASS,-161.0,0,1,2.008241226182808,"[np.int64(0), np.int64(2), np.int64(3), np.int64(5), np.int64(6), np.int64(7), np.int64(8), np.int64(1)]",37.54132452324548,"(np.int64(3), np.int64(5))",0-2:26.06;2-3:26.10;3-5:37.54;5-6:25.18;6-7:24.77;7-8:24.80;8-1:24.54
2,"N=9, d=189m (margin 1.00m), Fail 4@t=10",2052,189,4,41,False,DISCONNECTED_BYPASS,-161.0,0,1,2.0122683057820323,"[np.int64(0), np.int64(2), np.int64(3), np.int64(5), np.int64(6), np.int64(7), np.int64(8), np.int64(1)]",37.15468312876273,"(np.int64(3), np.int64(5))",0-2:26.16;2-3:26.20;3-5:37.15;5-6:25.24;6-7:24.85;7-8:24.78;8-1:24.63
2,"N=9, d=189m (margin 1.00m), Fail 4@t=10",2052,189,4,42,False,DISCONNECTED_BYPASS,-161.0,0,1,2.003791830489224,"[np.int64(0), np.int64(2), np.int64(3), np.int64(5), np.int64(6), np.int64(7), np.int64(8), np.int64(1)]",36.76829867904072,"(np.int64(3), np.int64(5))",0-2:26.25;2-3:26.29;3-5:36.77;5-6:25.30;6-7:24.94;7-8:24.74;8-1:24.72
2,"N=9, d=189m (margin 1.00m), Fail 4@t=10",2052,189,4,43,False,DISCONNECTED_BYPASS,-161.0,0,1,2.0043543729154187,"[np.int64(0), np.int64(2), np.int64(3), np.int64(5), np.int64(6), np.int64(7), np.int64(8), np.int64(1)]",36.38114052953768,"(np.int64(3), np.int64(5))",0-2:26.33;2-3:26.39;3-5:36.38;5-6:25.35;6-7:25.03;7-8:24.72;8-1:24.80
2,"N=9, d=189m (margin 1.00m), Fail 4@t=10",2052,189,4,44,False,DISCONNECTED_BYPASS,-161.0,0,1,2.00838342148949,"[np.int64(0), np.int64(2), np.int64(3), np.int64(5), np.int64(6), np.int64(7), np.int64(8), np.int64(1)]",35.99278609305787,"(np.int64(3), np.int64(5))",0-2:26.42;2-3:26.49;3-5:35.99;5-6:25.41;6-7:25.13;7-8:24.71;8-1:24.86
2,"N=9, d=189m (margin 1.00m), Fail 4@t=10",2052,189,4,45,False,DISCONNECTED_BYPASS,-161.0,0,1,2.0124124815270537,"[np.int64(0), np.int64(2), np.int64(3), np.int64(5), np.int64(6), np.int64(7), np.int64(8), np.int64(1)]",35.60320327576694,"(np.int64(3), np.int64(5))",0-2:26.51;2-3:26.60;3-5:35.60;5-6:25.45;6-7:25.20;7-8:24.74;8-1:24.91
2,"N=9, d=189m (margin 1.00m), Fail 4@t=10",2052,189,4,46,False,DISCONNECTED_BYPASS,-161.0,0,1,2.016441552959396,"[np.int64(0), np.int64(2), np.int64(3), np.int64(5), np.int64(6), np.int64(7), np.int64(8), np.int64(1)]",35.21242272265444,"(np.int64(3), np.int64(5))",0-2:26.59;2-3:26.70;3-5:35.21;5-6:25.49;6-7:25.27;7-8:24.84;8-1:24.91
2,"N=9, d=189m (margin 1.00m), Fail 4@t=10",2052,189,4,47,False,DISCONNECTED_BYPASS,-161.0,0,1,2.0204706357183473,"[np.int64(0), np.int64(2), np.int64(3), np.int64(5), np.int64(6), np.int64(7), np.int64(8), np.int64(1)]",34.82048522304533,"(np.int64(3), np.int64(5))",0-2:26.68;2-3:26.81;3-5:34.82;5-6:25.52;6-7:25.32;7-8:24.96;8-1:24.90
2,"N=9, d=189m (margin 1.00m), Fail 4@t=10",2052,189,4,48,False,DISCONNECTED_BYPASS,-161.0,0,1,2.024499729736283,"[np.int64(0), np.int64(2), np.int64(3), np.int64(5), np.int64(6), np.int64(7), np.int64(8), np.int64(1)]",34.42741468749336,"(np.int64(3), np.int64(5))",0-2:26.76;2-3:26.91;3-5:34.43;5-6:25.56;6-7:25.36;7-8:25.10;8-1:24.89
2,"N=9, d=189m (margin 1.00m), Fail 4@t=10",2052,189,4,49,False,DISCONNECTED_BYPASS,-161.0,0,1,2.0285288349461146,"[np.int64(0), np.int64(2), np.int64(3), np.int64(5), np.int64(6), np.int64(7), np.int64(8), np.int64(1)]",34.03322497365652,"(np.int64(3), np.int64(5))",0-2:26.85;2-3:27.01;3-5:34.03;5-6:25.61;6-7:25.38;7-8:25.23;8-1:24.89
2,"N=9, d=189m (margin 1.00m), Fail 4@t=10",2052,189,4,50,False,DISCONNECTED_BYPASS,-161.0,0,1,2.032557951281286,"[np.int64(0), np.int64(2), np.int64(3), np.int64(5), np.int64(6), np.int64(7), np.int64(8), np.int64(1)]",33.63792601580322,"(np.int64(3), np.int64(5))",0-2:26.94;2-3:27.11;3-5:33.64;5-6:25.66;6-7:25.41;7-8:25.32;8-1:24.92
2,"N=9, d=189m (margin 1.00m), Fail 4@t=10",2052,189,4,51,False,DISCONNECTED_BYPASS,-161.0,0,1,2.0365870786757663,"[np.int64(0), np.int64(2), np.int64(3), np.int64(5), np.int64(6), np.int64(7), np.int64(8), np.int64(1)]",33.24155290753975,"(np.int64(3), np.int64(5))",0-2:27.04;2-3:27.21;3-5:33.24;5-6:25.72;6-7:25.43;7-8:25.38;8-1:24.99
2,"N=9, d=189m (margin 1.00m), Fail 4@t=10",2052,189,4,52,False,DISCONNECTED_BYPASS,-161.0,0,1,2.0406162170640476,"[np.int64(0), np.int64(2), np.int64(3), np.int64(5), np.int64(6), np.int64(7), np.int64(8), np.int64(1)]",32.844152389909056,"(np.int64(3), np.int64(5))",0-2:27.14;2-3:27.31;3-5:32.84;5-6:25.77;6-7:25.46;7-8:25.41;8-1:25.09
2,"N=9, d=189m (margin 1.00m), Fail 4@t=10",2052,189,4,53,False,DISCONNECTED_BYPASS,-161.0,0,1,2.044645366381138,"[np.int64(0), np.int64(2), np.int64(3), np.int64(5), np.int64(6), np.int64(7), np.int64(8), np.int64(1)]",32.44578533088245,"(np.int64(3), np.int64(5))",0-2:27.24;2-3:27.40;3-5:32.45;5-6:25.82;6-7:25.50;7-8:25.41;8-1:25.20
2,"N=9, d=189m (margin 1.00m), Fail 4@t=10",2052,189,4,54,False,DISCONNECTED_BYPASS,-161.0,0,1,2.048674526562554,"[np.int64(0), np.int64(2), np.int64(3), np.int64(5), np.int64(6), np.int64(7), np.int64(8), np.int64(1)]",32.0465113092881,"(np.int64(3), np.int64(5))",0-2:27.34;2-3:27.49;3-5:32.05;5-6:25.88;6-7:25.56;7-8:25.38;8-1:25.32
2,"N=9, d=189m (margin 1.00m), Fail 4@t=10",2052,189,4,55,False,DISCONNECTED_BYPASS,-161.0,0,1,2.052703697544323,"[np.int64(0), np.int64(2), np.int64(3), np.int64(5), np.int64(6), np.int64(7), np.int64(8), np.int64(1)]",31.646399797350053,"(np.int64(3), np.int64(5))",0-2:27.44;2-3:27.58;3-5:31.65;5-6:25.93;6-7:25.63;7-8:25.36;8-1:25.41
2,"N=9, d=189m (margin 1.00m), Fail 4@t=10",2052,189,4,56,False,DISCONNECTED_BYPASS,-161.0,0,1,2.0567328792629684,"[np.int64(0), np.int64(2), np.int64(3), np.int64(5), np.int64(6), np.int64(7), np.int64(8), np.int64(1)]",31.245503947343,"(np.int64(3), np.int64(5))",0-2:27.55;2-3:27.67;3-5:31.25;5-6:25.98;6-7:25.70;7-8:25.37;8-1:25.49
2,"N=9, d=189m (margin 1.00m), Fail 4@t=10",2052,189,4,57,False,DISCONNECTED_BYPASS,-161.0,0,1,2.0607620716555135,"[np.int64(0), np.int64(2), np.int64(3), np.int64(5), np.int64(6), np.int64(7), np.int64(8), np.int64(1)]",30.843866654508012,"(np.int64(3), np.int64(5))",0-2:27.66;2-3:27.76;3-5:30.84;5-6:26.01;6-7:25.76;7-8:25.41;8-1:25.56
2,"N=9, d=189m (margin 1.00m), Fail 4@t=10",2052,189,4,58,False,DISCONNECTED_BYPASS,-161.0,0,1,2.0647912746594717,"[np.int64(0), np.int64(2), np.int64(3), np.int64(5), np.int64(6), np.int64(7), np.int64(8), np.int64(1)]",30.44149389991691,"(np.int64(3), np.int64(5))",0-2:27.77;2-3:27.85;3-5:30.44;5-6:26.05;6-7:25.82;7-8:25.49;8-1:25.59
2,"N=9, d=189m (margin 1.00m), Fail 4@t=10",2052,189,4,59,False,DISCONNECTED_BYPASS,-161.0,0,1,2.068820488212843,"[np.int64(0), np.int64(2), np.int64(3), np.int64(5), np.int64(6), np.int64(7), np.int64(8), np.int64(1)]",30.03839369091855,"(np.int64(3), np.int64(5))",0-2:27.88;2-3:27.93;3-5:30.04;5-6:26.09;6-7:25.86;7-8:25.59;8-1:25.61
2,"N=9, d=189m (margin 1.00m), Fail 4@t=10",2052,189,4,60,False,DISCONNECTED_BYPASS,-161.0,0,1,2.0728497122541096,"[np.int64(0), np.int64(2), np.int64(3), np.int64(5), np.int64(6), np.int64(7), np.int64(8), np.int64(1)]",29.634596463213416,"(np.int64(3), np.int64(5))",0-2:27.99;2-3:28.02;3-5:29.63;5-6:26.14;6-7:25.91;7-8:25.70;8-1:25.61
2,"N=9, d=189m (margin 1.00m), Fail 4@t=10",2052,189,4,61,False,DISCONNECTED_BYPASS,-161.0,0,1,2.0768789467222306,"[np.int64(0), np.int64(2), np.int64(3), np.int64(5), np.int64(6), np.int64(7), np.int64(8), np.int64(1)]",29.248710929703126,"(np.int64(3), np.int64(5))",0-2:28.08;2-3:28.11;3-5:29.25;5-6:26.19;6-7:25.97;7-8:25.80;8-1:25.61
2,"N=9, d=189m (margin 1.00m), Fail 4@t=10",2052,189,4,62,False,DISCONNECTED_BYPASS,-161.0,0,1,2.080908191556638,"[np.int64(0), np.int64(2), np.int64(3), np.int64(5), np.int64(6), np.int64(7), np.int64(8), np.int64(1)]",28.876729142379926,"(np.int64(3), np.int64(5))",0-2:28.16;2-3:28.19;3-5:28.88;5-6:26.24;6-7:26.02;7-8:25.87;8-1:25.64
2,"N=9, d=189m (margin 1.00m), Fail 4@t=10",2052,189,4,63,False,DISCONNECTED_BYPASS,-161.0,0,1,2.0849374466972312,"[np.int64(0), np.int64(2), np.int64(3), np.int64(5), np.int64(6), np.int64(7), np.int64(8), np.int64(1)]",28.51902015490216,"(np.int64(3), np.int64(5))",0-2:28.22;2-3:28.28;3-5:28.52;5-6:26.29;6-7:26.07;7-8:25.93;8-1:25.70
2,"N=9, d=189m (margin 1.00m), Fail 4@t=10",2052,189,4,64,False,DISCONNECTED_BYPASS,-161.0,0,1,2.0889667120843742,"[np.int64(0), np.int64(2), np.int64(3), np.int64(5), np.int64(6), np.int64(7), np.int64(8), np.int64(1)]",28.368203220245228,"(np.int64(2), np.int64(3))",0-2:28.27;2-3:28.37;3-5:28.18;5-6:26.34;6-7:26.12;7-8:25.95;8-1:25.78
2,"N=9, d=189m (margin 1.00m), Fail 4@t=10",2052,189,4,65,False,DISCONNECTED_BYPASS,-161.0,0,1,2.0929959876588895,"[np.int64(0), np.int64(2), np.int64(3), np.int64(5), np.int64(6), np.int64(7), np.int64(8), np.int64(1)]",28.443498125995443,"(np.int64(2), np.int64(3))",0-2:28.30;2-3:28.44;3-5:27.86;5-6:26.40;6-7:26.17;7-8:25.97;8-1:25.87
2,"N=9, d=189m (margin 1.00m), Fail 4@t=10",2052,189,4,66,False,DISCONNECTED_BYPASS,-161.0,0,1,2.03956789765027,"[np.int64(0), np.int64(2), np.int64(3), np.int64(5), np.int64(6), np.int64(7), np.int64(8), np.int64(1)]",28.50429035351747,"(np.int64(2), np.int64(3))",0-2:28.32;2-3:28.50;3-5:27.58;5-6:26.46;6-7:26.23;7-8:25.98;8-1:25.94
2,"N=9, d=189m (margin 1.00m), Fail 4@t=10",2052,189,4,67,False,DISCONNECTED_BYPASS,-161.0,0,1,1.9902564579529112,"[np.int64(0), np.int64(2), np.int64(3), np.int64(5), np.int64(6), np.int64(7), np.int64(8), np.int64(1)]",28.55262887542145,"(np.int64(2), np.int64(3))",0-2:28.32;2-3:28.55;3-5:27.33;5-6:26.51;6-7:26.28;7-8:26.01;8-1:26.01
2,"N=9, d=189m (margin 1.00m), Fail 4@t=10",2052,189,4,68,False,DISCONNECTED_BYPASS,-161.0,0,1,1.9030088312323143,"[np.int64(0), np.int64(2), np.int64(3), np.int64(5), np.int64(6), np.int64(7), np.int64(8), np.int64(1)]",28.58075865382907,"(np.int64(2), np.int64(3))",0-2:28.31;2-3:28.58;3-5:27.13;5-6:26.54;6-7:26.32;7-8:26.07;8-1:26.07
2,"N=9, d=189m (margin 1.00m), Fail 4@t=10",2052,189,4,69,False,DISCONNECTED_BYPASS,-161.0,0,1,1.7414291662497803,"[np.int64(0), np.int64(2), np.int64(3), np.int64(5), np.int64(6), np.int64(7), np.int64(8), np.int64(1)]",28.584821495848985,"(np.int64(2), np.int64(3))",0-2:28.29;2-3:28.58;3-5:26.97;5-6:26.57;6-7:26.34;7-8:26.15;8-1:26.11
2,"N=9, d=189m (margin 1.00m), Fail 4@t=10",2052,189,4,70,False,DISCONNECTED_BYPASS,-161.0,0,1,1.6290317708043265,"[np.int64(0), np.int64(2), np.int64(3), np.int64(5), np.int64(6), np.int64(7), np.int64(8), np.int64(1)]",28.562403301955243,"(np.int64(2), np.int64(3))",0-2:28.27;2-3:28.56;3-5:26.87;5-6:26.57;6-7:26.36;7-8:26.24;8-1:26.15
2,"N=9, d=189m (margin 1.00m), Fail 4@t=10",2052,189,4,71,False,DISCONNECTED_BYPASS,-161.0,0,1,1.69216668685997,"[np.int64(0), np.int64(2), np.int64(3), np.int64(5), np.int64(6), np.int64(7), np.int64(8), np.int64(1)]",28.522192506971063,"(np.int64(2), np.int64(3))",0-2:28.23;2-3:28.52;3-5:26.80;5-6:26.57;6-7:26.40;7-8:26.34;8-1:26.17
2,"N=9, d=189m (margin 1.00m), Fail 4@t=10",2052,189,4,72,False,DISCONNECTED_BYPASS,-161.0,0,1,1.7364281932096168,"[np.int64(0), np.int64(2), np.int64(3), np.int64(5), np.int64(6), np.int64(7), np.int64(8), np.int64(1)]",28.471596046242016,"(np.int64(2), np.int64(3))",0-2:28.17;2-3:28.47;3-5:26.75;5-6:26.57;6-7:26.47;7-8:26.40;8-1:26.20
2,"N=9, d=189m (margin 1.00m), Fail 4@t=10",2052,189,4,73,False,DISCONNECTED_BYPASS,-161.0,0,1,1.7753753993394004,"[np.int64(0), np.int64(2), np.int64(3), np.int64(5), np.int64(6), np.int64(7), np.int64(8), np.int64(1)]",28.410279298795416,"(np.int64(2), np.int64(3))",0-2:28.11;2-3:28.41;3-5:26.71;5-6:26.58;6-7:26.52;7-8:26.44;8-1:26.25
2,"N=9, d=189m (margin 1.00m), Fail 4@t=10",2052,189,4,74,False,DISCONNECTED_BYPASS,-161.0,0,1,1.799320688731944,"[np.int64(0), np.int64(2), np.int64(3), np.int64(5), np.int64(6), np.int64(7), np.int64(8), np.int64(1)]",28.339772989974986,"(np.int64(2), np.int64(3))",0-2:28.05;2-3:28.34;3-5:26.68;5-6:26.59;6-7:26.56;7-8:26.48;8-1:26.33
2,"N=9, d=189m (margin 1.00m), Fail 4@t=10",2052,189,4,75,False,DISCONNECTED_BYPASS,-161.0,0,1,1.7982292839719562,"[np.int64(0), np.int64(2), np.int64(3), np.int64(5), np.int64(6), np.int64(7), np.int64(8), np.int64(1)]",28.26077425948649,"(np.int64(2), np.int64(3))",0-2:27.99;2-3:28.26;3-5:26.66;5-6:26.58;6-7:26.61;7-8:26.52;8-1:26.41
2,"N=9, d=189m (margin 1.00m), Fail 4@t=10",2052,189,4,76,False,DISCONNECTED_BYPASS,-161.0,0,1,1.8308096264162652,"[np.int64(0), np.int64(2), np.int64(3), np.int64(5), np.int64(6), np.int64(7), np.int64(8), np.int64(1)]",28.145976039286023,"(np.int64(2), np.int64(3))",0-2:27.96;2-3:28.15;3-5:26.65;5-6:26.57;6-7:26.66;7-8:26.56;8-1:26.49
2,"N=9, d=189m (margin 1.00m), Fail 4@t=10",2052,189,4,77,False,DISCONNECTED_BYPASS,-161.0,0,1,1.6484389750920794,"[np.int64(0), np.int64(2), np.int64(3), np.int64(5), np.int64(6), np.int64(7), np.int64(8), np.int64(1)]",28.00688657392793,"(np.int64(2), np.int64(3))",0-2:27.94;2-3:28.01;3-5:26.66;5-6:26.55;6-7:26.70;7-8:26.60;8-1:26.56
2,"N=9, d=189m (margin 1.00m), Fail 4@t=10",2052,189,4,78,True,DISCONNECTED_BYPASS,-161.0,0,1,1.552794031030044,"[np.int64(0), np.int64(2), np.int64(3), np.int64(5), np.int64(6), np.int64(7), np.int64(8), np.int64(1)]",27.94411988983078,"(np.int64(0), np.int64(2))",0-2:27.94;2-3:27.85;3-5:26.68;5-6:26.56;6-7:26.72;7-8:26.64;8-1:26.63
2,"N=9, d=189m (margin 1.00m), Fail 4@t=10",2052,189,4,79,True,SOLVED,-161.0,0,1,1.5596322765332313,"[np.int64(0), np.int64(2), np.int64(3), np.int64(5), np.int64(6), np.int64(7), np.int64(8), np.int64(1)]",27.913958224299765,"(np.int64(0), np.int64(2))",0-2:27.91;2-3:27.72;3-5:26.71;5-6:26.58;6-7:26.69;7-8:26.70;8-1:26.70
2,"N=9, d=189m (margin 1.00m), Fail 4@t=10",2052,189,4,80,True,SOLVED,-161.0,0,1,1.514134848899826,"[np.int64(0), np.int64(2), np.int64(3), np.int64(5), np.int64(6), np.int64(7), np.int64(8), np.int64(1)]",27.86062299607824,"(np.int64(0), np.int64(2))",0-2:27.86;2-3:27.62;3-5:26.74;5-6:26.62;6-7:26.65;7-8:26.76;8-1:26.76
2,"N=9, d=189m (margin 1.00m), Fail 4@t=10",2052,189,4,81,True,SOLVED,-161.0,0,1,1.4718117322312112,"[np.int64(0), np.int64(2), np.int64(3), np.int64(5), np.int64(6), np.int64(7), np.int64(8), np.int64(1)]",27.787676743758265,"(np.int64(0), np.int64(2))",0-2:27.79;2-3:27.55;3-5:26.76;5-6:26.65;6-7:26.67;7-8:26.81;8-1:26.80
2,"N=9, d=189m (margin 1.00m), Fail 4@t=10",2052,189,4,82,True,SOLVED,-161.0,0,1,1.4679597885691027,"[np.int64(0), np.int64(2), np.int64(3), np.int64(5), np.int64(6), np.int64(7), np.int64(8), np.int64(1)]",27.692798963241895,"(np.int64(0), np.int64(2))",0-2:27.69;2-3:27.51;3-5:26.78;5-6:26.66;6-7:26.70;7-8:26.84;8-1:26.84
2,"N=9, d=189m (margin 1.00m), Fail 4@t=10",2052,189,4,83,True,SOLVED,-161.0,0,1,1.4881079495285137,"[np.int64(0), np.int64(2), np.int64(3), np.int64(5), np.int64(6), np.int64(7), np.int64(8), np.int64(1)]",27.593297971814195,"(np.int64(0), np.int64(2))",0-2:27.59;2-3:27.48;3-5:26.79;5-6:26.68;6-7:26.75;7-8:26.86;8-1:26.87
2,"N=9, d=189m (margin 1.00m), Fail 4@t=10",2052,189,4,84,True,SOLVED,-161.0,0,1,1.5499079711334336,"[np.int64(0), np.int64(2), np.int64(3), np.int64(5), np.int64(6), np.int64(7), np.int64(8), np.int64(1)]",27.49473191177168,"(np.int64(0), np.int64(2))",0-2:27.49;2-3:27.44;3-5:26.79;5-6:26.71;6-7:26.80;7-8:26.88;8-1:26.90
2,"N=9, d=189m (margin 1.00m), Fail 4@t=10",2052,189,4,85,True,SOLVED,-161.0,0,1,1.5241077427373466,"[np.int64(0), np.int64(2), np.int64(3), np.int64(5), np.int64(6), np.int64(7), np.int64(8), np.int64(1)]",27.407852187265203,"(np.int64(2), np.int64(3))",0-2:27.40;2-3:27.41;3-5:26.78;5-6:26.77;6-7:26.85;7-8:26.88;8-1:26.93
2,"N=9, d=189m (margin 1.00m), Fail 4@t=10",2052,189,4,86,True,SOLVED,-161.0,0,1,1.5117894460016514,"[np.int64(0), np.int64(2), np.int64(3), np.int64(5), np.int64(6), np.int64(7), np.int64(8), np.int64(1)]",27.36890612646402,"(np.int64(2), np.int64(3))",0-2:27.31;2-3:27.37;3-5:26.77;5-6:26.83;6-7:26.89;7-8:26.91;8-1:26.95
2,"N=9, d=189m (margin 1.00m), Fail 4@t=10",2052,189,4,87,True,SOLVED,-161.0,0,1,1.5264630109620163,"[np.int64(0), np.int64(2), np.int64(3), np.int64(5), np.int64(6), np.int64(7), np.int64(8), np.int64(1)]",27.318518708951853,"(np.int64(2), np.int64(3))",0-2:27.23;2-3:27.32;3-5:26.77;5-6:26.88;6-7:26.93;7-8:26.93;8-1:26.95
2,"N=9, d=189m (margin 1.00m), Fail 4@t=10",2052,189,4,88,True,SOLVED,-161.0,0,1,1.5688523236506808,"[np.int64(0), np.int64(2), np.int64(3), np.int64(5), np.int64(6), np.int64(7), np.int64(8), np.int64(1)]",27.25087887074276,"(np.int64(2), np.int64(3))",0-2:27.16;2-3:27.25;3-5:26.79;5-6:26.93;6-7:26.96;7-8:26.95;8-1:26.97
2,"N=9, d=189m (margin 1.00m), Fail 4@t=10",2052,189,4,89,True,SOLVED,-161.0,0,1,1.6448077161563874,"[np.int64(0), np.int64(2), np.int64(3), np.int64(5), np.int64(6), np.int64(7), np.int64(8), np.int64(1)]",27.164664326508216,"(np.int64(2), np.int64(3))",0-2:27.10;2-3:27.16;3-5:26.85;5-6:26.95;6-7:26.97;7-8:26.98;8-1:26.99
2,"N=9, d=189m (margin 1.00m), Fail 4@t=10",2052,189,4,90,True,SOLVED,-161.0,0,1,1.6143030216495664,"[np.int64(0), np.int64(2), np.int64(3), np.int64(5), np.int64(6), np.int64(7), np.int64(8), np.int64(1)]",27.074003883158664,"(np.int64(2), np.int64(3))",0-2:27.03;2-3:27.07;3-5:26.93;5-6:26.96;6-7:26.99;7-8:27.00;8-1:27.02
2,"N=9, d=189m (margin 1.00m), Fail 4@t=10",2052,189,4,91,True,SOLVED,-161.0,0,1,1.6400167777433101,"[np.int64(0), np.int64(2), np.int64(3), np.int64(5), np.int64(6), np.int64(7), np.int64(8), np.int64(1)]",27.052879521630615,"(np.int64(8), np.int64(1))",0-2:26.96;2-3:26.99;3-5:27.01;5-6:26.98;6-7:27.01;7-8:27.02;8-1:27.05
2,"N=9, d=189m (margin 1.00m), Fail 4@t=10",2052,189,4,92,True,SOLVED,-161.0,0,1,1.6309762193854414,"[np.int64(0), np.int64(2), np.int64(3), np.int64(5), np.int64(6), np.int64(7), np.int64(8), np.int64(1)]",27.07785129546479,"(np.int64(8), np.int64(1))",0-2:26.88;2-3:26.91;3-5:27.07;5-6:27.00;6-7:27.04;7-8:27.03;8-1:27.08
2,"N=9, d=189m (margin 1.00m), Fail 4@t=10",2052,189,4,93,True,SOLVED,-161.0,0,1,1.4010018264590032,"[np.int64(0), np.int64(2), np.int64(3), np.int64(5), np.int64(6), np.int64(7), np.int64(8), np.int64(1)]",27.10903287843892,"(np.int64(8), np.int64(1))",0-2:26.78;2-3:26.87;3-5:27.11;5-6:27.01;6-7:27.09;7-8:27.04;8-1:27.11
2,"N=9, d=189m (margin 1.00m), Fail 4@t=10",2052,189,4,94,True,SOLVED,-161.0,0,1,1.2145372584018455,"[np.int64(0), np.int64(2), np.int64(3), np.int64(5), np.int64(6), np.int64(7), np.int64(8), np.int64(1)]",27.13884517819742,"(np.int64(8), np.int64(1))",0-2:26.69;2-3:26.86;3-5:27.09;5-6:27.04;6-7:27.12;7-8:27.07;8-1:27.14
2,"N=9, d=189m (margin 1.00m), Fail 4@t=10",2052,189,4,95,True,SOLVED,-161.0,0,1,1.3018706254430636,"[np.int64(0), np.int64(2), np.int64(3), np.int64(5), np.int64(6), np.int64(7), np.int64(8), np.int64(1)]",27.158492151269172,"(np.int64(8), np.int64(1))",0-2:26.60;2-3:26.88;3-5:27.03;5-6:27.08;6-7:27.15;7-8:27.11;8-1:27.16
2,"N=9, d=189m (margin 1.00m), Fail 4@t=10",2052,189,4,96,True,SOLVED,-161.0,0,1,1.2873402453907825,"[np.int64(0), np.int64(2), np.int64(3), np.int64(5), np.int64(6), np.int64(7), np.int64(8), np.int64(1)]",27.16894188593977,"(np.int64(7), np.int64(8))",0-2:26.52;2-3:26.90;3-5:26.96;5-6:27.12;6-7:27.16;7-8:27.17;8-1:27.17
2,"N=9, d=189m (margin 1.00m), Fail 4@t=10",2052,189,4,97,True,SOLVED,-161.0,0,1,1.2077904802040869,"[np.int64(0), np.int64(2), np.int64(3), np.int64(5), np.int64(6), np.int64(7), np.int64(8), np.int64(1)]",27.216533771258355,"(np.int64(7), np.int64(8))",0-2:26.49;2-3:26.89;3-5:26.89;5-6:27.16;6-7:27.17;7-8:27.22;8-1:27.20
2,"N=9, d=189m (margin 1.00m), Fail 4@t=10",2052,189,4,98,True,SOLVED,-161.0,0,1,1.0391995578708166,"[np.int64(0), np.int64(2), np.int64(3), np.int64(5), np.int64(6), np.int64(7), np.int64(8), np.int64(1)]",27.263133893014622,"(np.int64(7), np.int64(8))",0-2:26.49;2-3:26.82;3-5:26.86;5-6:27.16;6-7:27.18;7-8:27.26;8-1:27.24
2,"N=9, d=189m (margin 1.00m), Fail 4@t=10",2052,189,4,99,True,SOLVED,-161.0,0,1,1.182910860212791,"[np.int64(0), np.int64(2), np.int64(3), np.int64(5), np.int64(6), np.int64(7), np.int64(8), np.int64(1)]",27.2965515770813,"(np.int64(7), np.int64(8))",0-2:26.52;2-3:26.72;3-5:26.86;5-6:27.11;6-7:27.21;7-8:27.30;8-1:27.28
2,"N=9, d=189m (margin 1.00m), Fail 4@t=10",2052,189,4,100,True,SOLVED,-161.0,0,1,1.0218515353072624,"[np.int64(0), np.int64(2), np.int64(3), np.int64(5), np.int64(6), np.int64(7), np.int64(8), np.int64(1)]",27.329960003768257,"(np.int64(8), np.int64(1))",0-2:26.54;2-3:26.64;3-5:26.90;5-6:27.03;6-7:27.25;7-8:27.32;8-1:27.33
2,"N=9, d=189m (margin 1.00m), Fail 4@t=10",2052,189,4,101,True,SOLVED,-161.0,0,1,0.8631728428707173,"[np.int64(0), np.int64(2), np.int64(3), np.int64(5), np.int64(6), np.int64(7), np.int64(8), np.int64(1)]",27.39082170359988,"(np.int64(8), np.int64(1))",0-2:26.56;2-3:26.61;3-5:26.89;5-6:26.98;6-7:27.28;7-8:27.31;8-1:27.39
2,"N=9, d=189m (margin 1.00m), Fail 4@t=10",2052,189,4,102,True,SOLVED,-161.0,0,1,0.8966079585243621,"[np.int64(0), np.int64(2), np.int64(3), np.int64(5), np.int64(6), np.int64(7), np.int64(8), np.int64(1)]",27.461023628421604,"(np.int64(8), np.int64(1))",0-2:26.57;2-3:26.58;3-5:26.89;5-6:26.94;6-7:27.26;7-8:27.30;8-1:27.46
2,"N=9, d=189m (margin 1.00m), Fail 4@t=10",2052,189,4,103,True,SOLVED,-161.0,0,1,0.80513244957017,"[np.int64(0), np.int64(2), np.int64(3), np.int64(5), np.int64(6), np.int64(7), np.int64(8), np.int64(1)]",27.5282967369938,"(np.int64(8), np.int64(1))",0-2:26.58;2-3:26.55;3-5:26.90;5-6:26.95;6-7:27.20;7-8:27.31;8-1:27.53
2,"N=9, d=189m (margin 1.00m), Fail 4@t=10",2052,189,4,104,True,SOLVED,-161.0,0,1,0.6086678189917678,"[np.int64(0), np.int64(2), np.int64(3), np.int64(5), np.int64(6), np.int64(7), np.int64(8), np.int64(1)]",27.577220330947046,"(np.int64(8), np.int64(1))",0-2:26.59;2-3:26.51;3-5:26.91;5-6:26.97;6-7:27.13;7-8:27.32;8-1:27.58
2,"N=9, d=189m (margin 1.00m), Fail 4@t=10",2052,189,4,105,True,SOLVED,-161.0,0,1,0.6270680638901067,"[np.int64(0), np.int64(2), np.int64(3), np.int64(5), np.int64(6), np.int64(7), np.int64(8), np.int64(1)]",27.6129837172716,"(np.int64(8), np.int64(1))",0-2:26.61;2-3:26.48;3-5:26.91;5-6:27.00;6-7:27.08;7-8:27.31;8-1:27.61
2,"N=9, d=189m (margin 1.00m), Fail 4@t=10",2052,189,4,106,True,SOLVED,-161.0,0,1,0.7273193683855306,"[np.int64(0), np.int64(2), np.int64(3), np.int64(5), np.int64(6), np.int64(7), np.int64(8), np.int64(1)]",27.616475756066738,"(np.int64(8), np.int64(1))",0-2:26.62;2-3:26.45;3-5:26.92;5-6:27.02;6-7:27.07;7-8:27.31;8-1:27.62
2,"N=9, d=189m (margin 1.00m), Fail 4@t=10",2052,189,4,107,True,SOLVED,-161.0,0,1,0.7836851532668622,"[np.int64(0), np.int64(2), np.int64(3), np.int64(5), np.int64(6), np.int64(7), np.int64(8), np.int64(1)]",27.609949267433205,"(np.int64(8), np.int64(1))",0-2:26.63;2-3:26.42;3-5:26.92;5-6:27.05;6-7:27.08;7-8:27.29;8-1:27.61
2,"N=9, d=189m (margin 1.00m), Fail 4@t=10",2052,189,4,108,True,SOLVED,-161.0,0,1,0.7001386097108556,"[np.int64(0), np.int64(2), np.int64(3), np.int64(5), np.int64(6), np.int64(7), np.int64(8), np.int64(1)]",27.602121887689105,"(np.int64(8), np.int64(1))",0-2:26.64;2-3:26.39;3-5:26.93;5-6:27.07;6-7:27.10;7-8:27.28;8-1:27.60
2,"N=9, d=189m (margin 1.00m), Fail 4@t=10",2052,189,4,109,True,SOLVED,-161.0,0,1,0.567866469181742,"[np.int64(0), np.int64(2), np.int64(3), np.int64(5), np.int64(6), np.int64(7), np.int64(8), np.int64(1)]",27.595914559120377,"(np.int64(8), np.int64(1))",0-2:26.65;2-3:26.36;3-5:26.94;5-6:27.11;6-7:27.11;7-8:27.26;8-1:27.60
2,"N=9, d=189m (margin 1.00m), Fail 4@t=10",2052,189,4,110,True,SOLVED,-161.0,0,1,0.6279752905019901,"[np.int64(0), np.int64(2), np.int64(3), np.int64(5), np.int64(6), np.int64(7), np.int64(8), np.int64(1)]",27.59222276463291,"(np.int64(8), np.int64(1))",0-2:26.66;2-3:26.33;3-5:26.94;5-6:27.14;6-7:27.11;7-8:27.24;8-1:27.59
2,"N=9, d=189m (margin 1.00m), Fail 4@t=10",2052,189,4,111,True,SOLVED,-161.0,0,1,0.6557724897230393,"[np.int64(0), np.int64(2), np.int64(3), np.int64(5), np.int64(6), np.int64(7), np.int64(8), np.int64(1)]",27.587730802815283,"(np.int64(8), np.int64(1))",0-2:26.67;2-3:26.30;3-5:26.95;5-6:27.18;6-7:27.12;7-8:27.22;8-1:27.59
2,"N=9, d=189m (margin 1.00m), Fail 4@t=10",2052,189,4,112,True,SOLVED,-161.0,0,1,0.6000748198046422,"[np.int64(0), np.int64(2), np.int64(3), np.int64(5), np.int64(6), np.int64(7), np.int64(8), np.int64(1)]",27.57739027971596,"(np.int64(8), np.int64(1))",0-2:26.67;2-3:26.27;3-5:26.96;5-6:27.22;6-7:27.13;7-8:27.20;8-1:27.58
2,"N=9, d=189m (margin 1.00m), Fail 4@t=10",2052,189,4,113,True,SOLVED,-161.0,0,1,0.5155054673870973,"[np.int64(0), np.int64(2), np.int64(3), np.int64(5), np.int64(6), np.int64(7), np.int64(8), np.int64(1)]",27.5657985479349,"(np.int64(8), np.int64(1))",0-2:26.68;2-3:26.24;3-5:26.96;5-6:27.25;6-7:27.14;7-8:27.18;8-1:27.57
2,"N=9, d=189m (margin 1.00m), Fail 4@t=10",2052,189,4,114,True,SOLVED,-161.0,0,1,0.5176745387879456,"[np.int64(0), np.int64(2), np.int64(3), np.int64(5), np.int64(6), np.int64(7), np.int64(8), np.int64(1)]",27.556382471734022,"(np.int64(8), np.int64(1))",0-2:26.69;2-3:26.21;3-5:26.97;5-6:27.29;6-7:27.15;7-8:27.17;8-1:27.56
2,"N=9, d=189m (margin 1.00m), Fail 4@t=10",2052,189,4,115,True,SOLVED,-161.0,0,1,0.5198658294179629,"[np.int64(0), np.int64(2), np.int64(3), np.int64(5), np.int64(6), np.int64(7), np.int64(8), np.int64(1)]",27.55057166362591,"(np.int64(8), np.int64(1))",0-2:26.70;2-3:26.18;3-5:26.97;5-6:27.32;6-7:27.16;7-8:27.15;8-1:27.55
2,"N=9, d=189m (margin 1.00m), Fail 4@t=10",2052,189,4,116,True,SOLVED,-161.0,0,1,0.5220790636158475,"[np.int64(0), np.int64(2), np.int64(3), np.int64(5), np.int64(6), np.int64(7), np.int64(8), np.int64(1)]",27.545179944464284,"(np.int64(8), np.int64(1))",0-2:26.70;2-3:26.15;3-5:26.98;5-6:27.36;6-7:27.16;7-8:27.13;8-1:27.55
2,"N=9, d=189m (margin 1.00m), Fail 4@t=10",2052,189,4,117,True,SOLVED,-161.0,0,1,0.5243139607885697,"[np.int64(0), np.int64(2), np.int64(3), np.int64(5), np.int64(6), np.int64(7), np.int64(8), np.int64(1)]",27.540263916428504,"(np.int64(8), np.int64(1))",0-2:26.71;2-3:26.12;3-5:26.99;5-6:27.40;6-7:27.17;7-8:27.11;8-1:27.54
2,"N=9, d=189m (margin 1.00m), Fail 4@t=10",2052,189,4,118,True,SOLVED,-161.0,0,1,0.526570245119735,"[np.int64(0), np.int64(2), np.int64(3), np.int64(5), np.int64(6), np.int64(7), np.int64(8), np.int64(1)]",27.535889197945938,"(np.int64(8), np.int64(1))",0-2:26.72;2-3:26.09;3-5:26.99;5-6:27.43;6-7:27.18;7-8:27.09;8-1:27.54
2,"N=9, d=189m (margin 1.00m), Fail 4@t=10",2052,189,4,119,True,SOLVED,-161.0,0,1,0.528847642296561,"[np.int64(0), np.int64(2), np.int64(3), np.int64(5), np.int64(6), np.int64(7), np.int64(8), np.int64(1)]",27.53165121440867,"(np.int64(8), np.int64(1))",0-2:26.72;2-3:26.06;3-5:27.00;5-6:27.47;6-7:27.19;7-8:27.07;8-1:27.53
2,"N=9, d=189m (margin 1.00m), Fail 4@t=10",2052,189,4,120,True,SOLVED,-161.0,0,1,0.5311520491078009,"[np.int64(0), np.int64(2), np.int64(3), np.int64(5), np.int64(6), np.int64(7), np.int64(8), np.int64(1)]",27.527143414219356,"(np.int64(8), np.int64(1))",0-2:26.73;2-3:26.03;3-5:27.00;5-6:27.50;6-7:27.19;7-8:27.05;8-1:27.53
2,"N=9, d=189m (margin 1.00m), Fail 4@t=10",2052,189,4,121,True,SOLVED,-161.0,0,1,0.5334709260482365,"[np.int64(0), np.int64(2), np.int64(3), np.int64(5), np.int64(6), np.int64(7), np.int64(8), np.int64(1)]",27.539027227395966,"(np.int64(5), np.int64(6))",0-2:26.73;2-3:26.00;3-5:27.01;5-6:27.54;6-7:27.20;7-8:27.04;8-1:27.52
2,"N=9, d=189m (margin 1.00m), Fail 4@t=10",2052,189,4,122,True,SOLVED,-161.0,0,1,0.630791268095806,"[np.int64(0), np.int64(2), np.int64(3), np.int64(5), np.int64(6), np.int64(7), np.int64(8), np.int64(1)]",27.57497695366151,"(np.int64(5), np.int64(6))",0-2:26.74;2-3:25.97;3-5:27.02;5-6:27.57;6-7:27.19;7-8:27.05;8-1:27.51
2,"N=9, d=189m (margin 1.00m), Fail 4@t=10",2052,189,4,123,True,SOLVED,-161.0,0,1,0.9116232762904062,"[np.int64(0), np.int64(2), np.int64(3), np.int64(5), np.int64(6), np.int64(7), np.int64(8), np.int64(1)]",27.610928445870236,"(np.int64(5), np.int64(6))",0-2:26.74;2-3:25.94;3-5:27.02;5-6:27.61;6-7:27.17;7-8:27.07;8-1:27.49
2,"N=9, d=189m (margin 1.00m), Fail 4@t=10",2052,189,4,124,True,SOLVED,-161.0,0,1,0.851704906290216,"[np.int64(0), np.int64(2), np.int64(3), np.int64(5), np.int64(6), np.int64(7), np.int64(8), np.int64(1)]",27.646881695709887,"(np.int64(5), np.int64(6))",0-2:26.75;2-3:25.91;3-5:27.03;5-6:27.65;6-7:27.14;7-8:27.10;8-1:27.46
2,"N=9, d=189m (margin 1.00m), Fail 4@t=10",2052,189,4,125,True,SOLVED,-161.0,0,1,0.5913425844415171,"[np.int64(0), np.int64(2), np.int64(3), np.int64(5), np.int64(6), np.int64(7), np.int64(8), np.int64(1)]",27.67729580829139,"(np.int64(5), np.int64(6))",0-2:26.75;2-3:25.88;3-5:27.04;5-6:27.68;6-7:27.13;7-8:27.13;8-1:27.44
2,"N=9, d=189m (margin 1.00m), Fail 4@t=10",2052,189,4,126,True,SOLVED,-161.0,0,1,0.609046707876147,"[np.int64(0), np.int64(2), np.int64(3), np.int64(5), np.int64(6), np.int64(7), np.int64(8), np.int64(1)]",27.707712509236124,"(np.int64(5), np.int64(6))",0-2:26.75;2-3:25.85;3-5:27.04;5-6:27.71;6-7:27.13;7-8:27.15;8-1:27.42
2,"N=9, d=189m (margin 1.00m), Fail 4@t=10",2052,189,4,127,True,SOLVED,-161.0,0,1,0.6092133883201443,"[np.int64(0), np.int64(2), np.int64(3), np.int64(5), np.int64(6), np.int64(7), np.int64(8), np.int64(1)]",27.738131792803628,"(np.int64(5), np.int64(6))",0-2:26.75;2-3:25.83;3-5:27.05;5-6:27.74;6-7:27.12;7-8:27.15;8-1:27.41
2,"N=9, d=189m (margin 1.00m), Fail 4@t=10",2052,189,4,128,True,SOLVED,-161.0,0,1,0.622082213778693,"[np.int64(0), np.int64(2), np.int64(3), np.int64(5), np.int64(6), np.int64(7), np.int64(8), np.int64(1)]",27.768553649287266,"(np.int64(5), np.int64(6))",0-2:26.76;2-3:25.80;3-5:27.05;5-6:27.77;6-7:27.12;7-8:27.16;8-1:27.41
2,"N=9, d=189m (margin 1.00m), Fail 4@t=10",2052,189,4,129,True,SOLVED,-161.0,0,1,0.7954331742345065,"[np.int64(0), np.int64(2), np.int64(3), np.int64(5), np.int64(6), np.int64(7), np.int64(8), np.int64(1)]",27.79897807079676,"(np.int64(5), np.int64(6))",0-2:26.76;2-3:25.77;3-5:27.06;5-6:27.80;6-7:27.11;7-8:27.15;8-1:27.41
2,"N=9, d=189m (margin 1.00m), Fail 4@t=10",2052,189,4,130,True,SOLVED,-161.0,0,1,0.8859367677535708,"[np.int64(0), np.int64(2), np.int64(3), np.int64(5), np.int64(6), np.int64(7), np.int64(8), np.int64(1)]",27.82932016189493,"(np.int64(5), np.int64(6))",0-2:26.76;2-3:25.74;3-5:27.07;5-6:27.83;6-7:27.12;7-8:27.14;8-1:27.41
2,"N=9, d=189m (margin 1.00m), Fail 4@t=10",2052,189,4,131,True,SOLVED,-161.0,0,1,0.9378204067273553,"[np.int64(0), np.int64(2), np.int64(3), np.int64(5), np.int64(6), np.int64(7), np.int64(8), np.int64(1)]",27.858230304225593,"(np.int64(5), np.int64(6))",0-2:26.76;2-3:25.71;3-5:27.07;5-6:27.86;6-7:27.13;7-8:27.12;8-1:27.41
2,"N=9, d=189m (margin 1.00m), Fail 4@t=10",2052,189,4,132,True,SOLVED,-161.0,0,1,0.7777064959617171,"[np.int64(0), np.int64(2), np.int64(3), np.int64(5), np.int64(6), np.int64(7), np.int64(8), np.int64(1)]",27.88483288737575,"(np.int64(5), np.int64(6))",0-2:26.76;2-3:25.68;3-5:27.08;5-6:27.88;6-7:27.14;7-8:27.12;8-1:27.40
2,"N=9, d=189m (margin 1.00m), Fail 4@t=10",2052,189,4,133,True,SOLVED,-161.0,0,1,0.5627914464153791,"[np.int64(0), np.int64(2), np.int64(3), np.int64(5), np.int64(6), np.int64(7), np.int64(8), np.int64(1)]",27.908622164576467,"(np.int64(5), np.int64(6))",0-2:26.76;2-3:25.66;3-5:27.09;5-6:27.91;6-7:27.15;7-8:27.13;8-1:27.39
2,"N=9, d=189m (margin 1.00m), Fail 4@t=10",2052,189,4,134,True,SOLVED,-161.0,0,1,0.5653594202126889,"[np.int64(0), np.int64(2), np.int64(3), np.int64(5), np.int64(6), np.int64(7), np.int64(8), np.int64(1)]",27.92937265760152,"(np.int64(5), np.int64(6))",0-2:26.76;2-3:25.63;3-5:27.10;5-6:27.93;6-7:27.17;7-8:27.12;8-1:27.38
2,"N=9, d=189m (margin 1.00m), Fail 4@t=10",2052,189,4,135,True,SOLVED,-161.0,0,1,0.5679392287109619,"[np.int64(0), np.int64(2), np.int64(3), np.int64(5), np.int64(6), np.int64(7), np.int64(8), np.int64(1)]",27.947065254563732,"(np.int64(5), np.int64(6))",0-2:26.76;2-3:25.60;3-5:27.11;5-6:27.95;6-7:27.19;7-8:27.12;8-1:27.37
2,"N=9, d=189m (margin 1.00m), Fail 4@t=10",2052,189,4,136,True,SOLVED,-161.0,0,1,0.5705358662730096,"[np.int64(0), np.int64(2), np.int64(3), np.int64(5), np.int64(6), np.int64(7), np.int64(8), np.int64(1)]",27.961823578634025,"(np.int64(5), np.int64(6))",0-2:26.76;2-3:25.57;3-5:27.13;5-6:27.96;6-7:27.20;7-8:27.11;8-1:27.36
2,"N=9, d=189m (margin 1.00m), Fail 4@t=10",2052,189,4,137,True,SOLVED,-161.0,0,1,0.573149105839377,"[np.int64(0), np.int64(2), np.int64(3), np.int64(5), np.int64(6), np.int64(7), np.int64(8), np.int64(1)]",27.97386605857791,"(np.int64(5), np.int64(6))",0-2:26.76;2-3:25.55;3-5:27.14;5-6:27.97;6-7:27.22;7-8:27.11;8-1:27.35
2,"N=9, d=189m (margin 1.00m), Fail 4@t=10",2052,189,4,138,True,SOLVED,-161.0,0,1,0.5757787224414633,"[np.int64(0), np.int64(2), np.int64(3), np.int64(5), np.int64(6), np.int64(7), np.int64(8), np.int64(1)]",27.98346744698239,"(np.int64(5), np.int64(6))",0-2:26.76;2-3:25.52;3-5:27.16;5-6:27.98;6-7:27.24;7-8:27.10;8-1:27.34
2,"N=9, d=189m (margin 1.00m), Fail 4@t=10",2052,189,4,139,True,SOLVED,-161.0,0,1,0.5784244933427022,"[np.int64(0), np.int64(2), np.int64(3), np.int64(5), np.int64(6), np.int64(7), np.int64(8), np.int64(1)]",27.990929491303305,"(np.int64(5), np.int64(6))",0-2:26.75;2-3:25.49;3-5:27.18;5-6:27.99;6-7:27.27;7-8:27.10;8-1:27.33
2,"N=9, d=189m (margin 1.00m), Fail 4@t=10",2052,189,4,140,True,SOLVED,-161.0,0,1,0.5810861981536571,"[np.int64(0), np.int64(2), np.int64(3), np.int64(5), np.int64(6), np.int64(7), np.int64(8), np.int64(1)]",27.996559275050902,"(np.int64(5), np.int64(6))",0-2:26.75;2-3:25.46;3-5:27.20;5-6:28.00;6-7:27.29;7-8:27.10;8-1:27.33
2,"N=9, d=189m (margin 1.00m), Fail 4@t=10",2052,189,4,141,False,SOLVED,-161.0,0,1,0.5837636188879337,"[np.int64(0), np.int64(2), np.int64(3), np.int64(5), np.int64(6), np.int64(7), np.int64(8), np.int64(1)]",28.000653860936,"(np.int64(5), np.int64(6))",0-2:26.75;2-3:25.44;3-5:27.22;5-6:28.00;6-7:27.31;7-8:27.09;8-1:27.32
2,"N=9, d=189m (margin 1.00m), Fail 4@t=10",2052,189,4,142,True,DISCONNECTED_BYPASS,-161.0,0,1,0.43906732911810786,"[np.int64(0), np.int64(2), np.int64(3), np.int64(5), np.int64(6), np.int64(7), np.int64(8), np.int64(1)]",27.932648311347446,"(np.int64(5), np.int64(6))",0-2:26.73;2-3:25.42;3-5:27.27;5-6:27.93;6-7:27.37;7-8:27.09;8-1:27.31
2,"N=9, d=189m (margin 1.00m), Fail 4@t=10",2052,189,4,143,True,SOLVED,-161.0,0,1,0.6925196869083112,"[np.int64(0), np.int64(2), np.int64(3), np.int64(5), np.int64(6), np.int64(7), np.int64(8), np.int64(1)]",27.82500979642309,"(np.int64(5), np.int64(6))",0-2:26.70;2-3:25.43;3-5:27.33;5-6:27.83;6-7:27.43;7-8:27.09;8-1:27.31
2,"N=9, d=189m (margin 1.00m), Fail 4@t=10",2052,189,4,144,True,SOLVED,-161.0,0,1,0.938715624366107,"[np.int64(0), np.int64(2), np.int64(3), np.int64(5), np.int64(6), np.int64(7), np.int64(8), np.int64(1)]",27.689074387076808,"(np.int64(5), np.int64(6))",0-2:26.66;2-3:25.47;3-5:27.36;5-6:27.69;6-7:27.50;7-8:27.11;8-1:27.32
2,"N=9, d=189m (margin 1.00m), Fail 4@t=10",2052,189,4,145,True,SOLVED,-161.0,0,1,1.1343079627722688,"[np.int64(0), np.int64(2), np.int64(3), np.int64(5), np.int64(6), np.int64(7), np.int64(8), np.int64(1)]",27.56231917344143,"(np.int64(6), np.int64(7))",0-2:26.60;2-3:25.55;3-5:27.37;5-6:27.54;6-7:27.56;7-8:27.12;8-1:27.34
2,"N=9, d=189m (margin 1.00m), Fail 4@t=10",2052,189,4,146,True,SOLVED,-161.0,0,1,1.0435957373585345,"[np.int64(0), np.int64(2), np.int64(3), np.int64(5), np.int64(6), np.int64(7), np.int64(8), np.int64(1)]",27.610929643338057,"(np.int64(6), np.int64(7))",0-2:26.53;2-3:25.65;3-5:27.35;5-6:27.41;6-7:27.61;7-8:27.15;8-1:27.37
2,"N=9, d=189m (margin 1.00m), Fail 4@t=10",2052,189,4,147,True,SOLVED,-161.0,0,1,1.1658083226163662,"[np.int64(0), np.int64(2), np.int64(3), np.int64(5), np.int64(6), np.int64(7), np.int64(8), np.int64(1)]",27.620559997931807,"(np.int64(6), np.int64(7))",0-2:26.47;2-3:25.77;3-5:27.30;5-6:27.32;6-7:27.62;7-8:27.18;8-1:27.40
2,"N=9, d=189m (margin 1.00m), Fail 4@t=10",2052,189,4,148,True,SOLVED,-161.0,0,1,1.285770553752486,"[np.int64(0), np.int64(2), np.int64(3), np.int64(5), np.int64(6), np.int64(7), np.int64(8), np.int64(1)]",27.594090806855732,"(np.int64(6), np.int64(7))",0-2:26.41;2-3:25.90;3-5:27.22;5-6:27.27;6-7:27.59;7-8:27.23;8-1:27.43
2,"N=9, d=189m (margin 1.00m), Fail 4@t=10",2052,189,4,149,True,SOLVED,-161.0,0,1,1.5836299022022249,"[np.int64(0), np.int64(2), np.int64(3), np.int64(5), np.int64(6), np.int64(7), np.int64(8), np.int64(1)]",27.54188168014307,"(np.int64(6), np.int64(7))",0-2:26.36;2-3:26.02;3-5:27.11;5-6:27.26;6-7:27.54;7-8:27.30;8-1:27.45
2,"N=9, d=189m (margin 1.00m), Fail 4@t=10",2052,189,4,150,True,SOLVED,-161.0,0,1,1.772101190287643,"[np.int64(0), np.int64(2), np.int64(3), np.int64(5), np.int64(6), np.int64(7), np.int64(8), np.int64(1)]",27.47321540594552,"(np.int64(6), np.int64(7))",0-2:26.31;2-3:26.15;3-5:27.00;5-6:27.25;6-7:27.47;7-8:27.39;8-1:27.47
2,"N=9, d=189m (margin 1.00m), Fail 4@t=10",2052,189,4,151,True,SOLVED,-161.0,0,1,1.460543657983091,"[np.int64(0), np.int64(2), np.int64(3), np.int64(5), np.int64(6), np.int64(7), np.int64(8), np.int64(1)]",27.50598445775134,"(np.int64(8), np.int64(1))",0-2:26.26;2-3:26.29;3-5:26.89;5-6:27.24;6-7:27.41;7-8:27.44;8-1:27.51
2,"N=9, d=189m (margin 1.00m), Fail 4@t=10",2052,189,4,152,True,SOLVED,-161.0,0,1,1.3288581051273582,"[np.int64(0), np.int64(2), np.int64(3), np.int64(5), np.int64(6), np.int64(7), np.int64(8), np.int64(1)]",27.55289222861836,"(np.int64(8), np.int64(1))",0-2:26.22;2-3:26.42;3-5:26.79;5-6:27.21;6-7:27.38;7-8:27.46;8-1:27.55
2,"N=9, d=189m (margin 1.00m), Fail 4@t=10",2052,189,4,153,True,SOLVED,-161.0,0,1,1.3039503879658814,"[np.int64(0), np.int64(2), np.int64(3), np.int64(5), np.int64(6), np.int64(7), np.int64(8), np.int64(1)]",27.60586360039856,"(np.int64(8), np.int64(1))",0-2:26.20;2-3:26.53;3-5:26.72;5-6:27.17;6-7:27.35;7-8:27.47;8-1:27.61
2,"N=9, d=189m (margin 1.00m), Fail 4@t=10",2052,189,4,154,True,SOLVED,-161.0,0,1,1.0832381119341778,"[np.int64(0), np.int64(2), np.int64(3), np.int64(5), np.int64(6), np.int64(7), np.int64(8), np.int64(1)]",27.654018796204873,"(np.int64(8), np.int64(1))",0-2:26.19;2-3:26.62;3-5:26.66;5-6:27.12;6-7:27.33;7-8:27.47;8-1:27.65
2,"N=9, d=189m (margin 1.00m), Fail 4@t=10",2052,189,4,155,True,SOLVED,-161.0,0,1,1.1067401221165496,"[np.int64(0), np.int64(2), np.int64(3), np.int64(5), np.int64(6), np.int64(7), np.int64(8), np.int64(1)]",27.690503879756374,"(np.int64(8), np.int64(1))",0-2:26.20;2-3:26.68;3-5:26.63;5-6:27.06;6-7:27.30;7-8:27.49;8-1:27.69
2,"N=9, d=189m (margin 1.00m), Fail 4@t=10",2052,189,4,156,True,SOLVED,-161.0,0,1,1.0436530370965524,"[np.int64(0), np.int64(2), np.int64(3), np.int64(5), np.int64(6), np.int64(7), np.int64(8), np.int64(1)]",27.717517954218387,"(np.int64(8), np.int64(1))",0-2:26.22;2-3:26.71;3-5:26.62;5-6:27.00;6-7:27.26;7-8:27.50;8-1:27.72
2,"N=9, d=189m (margin 1.00m), Fail 4@t=10",2052,189,4,157,True,SOLVED,-161.0,0,1,1.0523454178053098,"[np.int64(0), np.int64(2), np.int64(3), np.int64(5), np.int64(6), np.int64(7), np.int64(8), np.int64(1)]",27.749274096924864,"(np.int64(8), np.int64(1))",0-2:26.25;2-3:26.71;3-5:26.63;5-6:26.96;6-7:27.24;7-8:27.49;8-1:27.75
2,"N=9, d=189m (margin 1.00m), Fail 4@t=10",2052,189,4,158,True,SOLVED,-161.0,0,1,1.3387746254772062,"[np.int64(0), np.int64(2), np.int64(3), np.int64(5), np.int64(6), np.int64(7), np.int64(8), np.int64(1)]",27.782883529715203,"(np.int64(8), np.int64(1))",0-2:26.30;2-3:26.68;3-5:26.66;5-6:26.92;6-7:27.23;7-8:27.45;8-1:27.78
2,"N=9, d=189m (margin 1.00m), Fail 4@t=10",2052,189,4,159,True,SOLVED,-161.0,0,1,1.1062587862432545,"[np.int64(0), np.int64(2), np.int64(3), np.int64(5), np.int64(6), np.int64(7), np.int64(8), np.int64(1)]",27.815985375809397,"(np.int64(8), np.int64(1))",0-2:26.36;2-3:26.63;3-5:26.70;5-6:26.88;6-7:27.22;7-8:27.40;8-1:27.82
2,"N=9, d=189m (margin 1.00m), Fail 4@t=10",2052,189,4,160,True,SOLVED,-161.0,0,1,1.132208315039905,"[np.int64(0), np.int64(2), np.int64(3), np.int64(5), np.int64(6), np.int64(7), np.int64(8), np.int64(1)]",27.847345378948244,"(np.int64(8), np.int64(1))",0-2:26.43;2-3:26.58;3-5:26.73;5-6:26.86;6-7:27.20;7-8:27.36;8-1:27.85
2,"N=9, d=189m (margin 1.00m), Fail 4@t=10",2052,189,4,161,True,SOLVED,-161.0,0,1,1.1644453890794402,"[np.int64(0), np.int64(2), np.int64(3), np.int64(5), np.int64(6), np.int64(7), np.int64(8), np.int64(1)]",27.872839789568555,"(np.int64(8), np.int64(1))",0-2:26.48;2-3:26.54;3-5:26.77;5-6:26.85;6-7:27.18;7-8:27.31;8-1:27.87
2,"N=9, d=189m (margin 1.00m), Fail 4@t=10",2052,189,4,162,True,SOLVED,-161.0,0,1,1.142824212467386,"[np.int64(0), np.int64(2), np.int64(3), np.int64(5), np.int64(6), np.int64(7), np.int64(8), np.int64(1)]",27.864893002191696,"(np.int64(8), np.int64(1))",0-2:26.52;2-3:26.53;3-5:26.80;5-6:26.83;6-7:27.15;7-8:27.30;8-1:27.86
2,"N=9, d=189m (margin 1.00m), Fail 4@t=10",2052,189,4,163,True,SOLVED,-161.0,0,1,1.0266725471534686,"[np.int64(0), np.int64(2), np.int64(3), np.int64(5), np.int64(6), np.int64(7), np.int64(8), np.int64(1)]",27.83069666995453,"(np.int64(8), np.int64(1))",0-2:26.54;2-3:26.55;3-5:26.82;5-6:26.82;6-7:27.12;7-8:27.31;8-1:27.83
2,"N=9, d=189m (margin 1.00m), Fail 4@t=10",2052,189,4,164,True,SOLVED,-161.0,0,1,1.1184013380401403,"[np.int64(0), np.int64(2), np.int64(3), np.int64(5), np.int64(6), np.int64(7), np.int64(8), np.int64(1)]",27.790101121744033,"(np.int64(8), np.int64(1))",0-2:26.54;2-3:26.60;3-5:26.82;5-6:26.83;6-7:27.09;7-8:27.33;8-1:27.79
2,"N=9, d=189m (margin 1.00m), Fail 4@t=10",2052,189,4,165,True,SOLVED,-161.0,0,1,1.0844082882821031,"[np.int64(0), np.int64(2), np.int64(3), np.int64(5), np.int64(6), np.int64(7), np.int64(8), np.int64(1)]",27.744426619471525,"(np.int64(8), np.int64(1))",0-2:26.52;2-3:26.68;3-5:26.80;5-6:26.86;6-7:27.05;7-8:27.35;8-1:27.74
2,"N=9, d=189m (margin 1.00m), Fail 4@t=10",2052,189,4,166,True,SOLVED,-161.0,0,1,0.9791236752628183,"[np.int64(0), np.int64(2), np.int64(3), np.int64(5), np.int64(6), np.int64(7), np.int64(8), np.int64(1)]",27.693205878751716,"(np.int64(8), np.int64(1))",0-2:26.50;2-3:26.75;3-5:26.75;5-6:26.93;6-7:27.02;7-8:27.36;8-1:27.69
2,"N=9, d=189m (margin 1.00m), Fail 4@t=10",2052,189,4,167,True,SOLVED,-161.0,0,1,1.0428158704140567,"[np.int64(0), np.int64(2), np.int64(3), np.int64(5), np.int64(6), np.int64(7), np.int64(8), np.int64(1)]",27.656106109564032,"(np.int64(8), np.int64(1))",0-2:26.50;2-3:26.80;3-5:26.70;5-6:26.99;6-7:27.02;7-8:27.34;8-1:27.66
2,"N=9, d=189m (margin 1.00m), Fail 4@t=10",2052,189,4,168,True,SOLVED,-161.0,0,1,0.9051664458554585,"[np.int64(0), np.int64(2), np.int64(3), np.int64(5), np.int64(6), np.int64(7), np.int64(8), np.int64(1)]",27.627103227882905,"(np.int64(8), np.int64(1))",0-2:26.53;2-3:26.82;3-5:26.67;5-6:27.03;6-7:27.01;7-8:27.31;8-1:27.63
2,"N=9, d=189m (margin 1.00m), Fail 4@t=10",2052,189,4,169,True,SOLVED,-161.0,0,1,0.6489821114543731,"[np.int64(0), np.int64(2), np.int64(3), np.int64(5), np.int64(6), np.int64(7), np.int64(8), np.int64(1)]",27.60310225020305,"(np.int64(8), np.int64(1))",0-2:26.57;2-3:26.80;3-5:26.70;5-6:27.03;6-7:27.02;7-8:27.28;8-1:27.60
2,"N=9, d=189m (margin 1.00m), Fail 4@t=10",2052,189,4,170,True,SOLVED,-161.0,0,1,0.6453288660457036,"[np.int64(0), np.int64(2), np.int64(3), np.int64(5), np.int64(6), np.int64(7), np.int64(8), np.int64(1)]",27.581381187464306,"(np.int64(8), np.int64(1))",0-2:26.62;2-3:26.73;3-5:26.77;5-6:27.03;6-7:27.03;7-8:27.24;8-1:27.58
2,"N=9, d=189m (margin 1.00m), Fail 4@t=10",2052,189,4,171,True,SOLVED,-161.0,0,1,0.6862041280325234,"[np.int64(0), np.int64(2), np.int64(3), np.int64(5), np.int64(6), np.int64(7), np.int64(8), np.int64(1)]",27.56025099847895,"(np.int64(8), np.int64(1))",0-2:26.67;2-3:26.65;3-5:26.86;5-6:27.00;6-7:27.05;7-8:27.21;8-1:27.56
2,"N=9, d=189m (margin 1.00m), Fail 4@t=10",2052,189,4,172,True,SOLVED,-161.0,0,1,0.7493649635312839,"[np.int64(0), np.int64(2), np.int64(3), np.int64(5), np.int64(6), np.int64(7), np.int64(8), np.int64(1)]",27.539525578554834,"(np.int64(8), np.int64(1))",0-2:26.71;2-3:26.63;3-5:26.92;5-6:26.96;6-7:27.08;7-8:27.18;8-1:27.54
2,"N=9, d=189m (margin 1.00m), Fail 4@t=10",2052,189,4,173,True,SOLVED,-161.0,0,1,0.6382597363035271,"[np.int64(0), np.int64(2), np.int64(3), np.int64(5), np.int64(6), np.int64(7), np.int64(8), np.int64(1)]",27.519635955885025,"(np.int64(8), np.int64(1))",0-2:26.71;2-3:26.65;3-5:26.95;5-6:26.92;6-7:27.10;7-8:27.14;8-1:27.52
2,"N=9, d=189m (margin 1.00m), Fail 4@t=10",2052,189,4,174,True,SOLVED,-161.0,0,1,0.6307620342094342,"[np.int64(0), np.int64(2), np.int64(3), np.int64(5), np.int64(6), np.int64(7), np.int64(8), np.int64(1)]",27.500458728345844,"(np.int64(8), np.int64(1))",0-2:26.69;2-3:26.72;3-5:26.95;5-6:26.91;6-7:27.12;7-8:27.11;8-1:27.50
2,"N=9, d=189m (margin 1.00m), Fail 4@t=10",2052,189,4,175,True,SOLVED,-161.0,0,1,0.6271322547881939,"[np.int64(0), np.int64(2), np.int64(3), np.int64(5), np.int64(6), np.int64(7), np.int64(8), np.int64(1)]",27.48177359962603,"(np.int64(8), np.int64(1))",0-2:26.65;2-3:26.82;3-5:26.93;5-6:26.91;6-7:27.14;7-8:27.07;8-1:27.48
2,"N=9, d=189m (margin 1.00m), Fail 4@t=10",2052,189,4,176,True,SOLVED,-161.0,0,1,0.6235074185050031,"[np.int64(0), np.int64(2), np.int64(3), np.int64(5), np.int64(6), np.int64(7), np.int64(8), np.int64(1)]",27.463601779018088,"(np.int64(8), np.int64(1))",0-2:26.61;2-3:26.92;3-5:26.91;5-6:26.91;6-7:27.15;7-8:27.04;8-1:27.46
2,"N=9, d=189m (margin 1.00m), Fail 4@t=10",2052,189,4,177,True,SOLVED,-161.0,0,1,0.6198876090783382,"[np.int64(0), np.int64(2), np.int64(3), np.int64(5), np.int64(6), np.int64(7), np.int64(8), np.int64(1)]",27.4459989378623,"(np.int64(8), np.int64(1))",0-2:26.62;2-3:26.95;3-5:26.91;5-6:26.91;6-7:27.17;7-8:27.00;8-1:27.45
2,"N=9, d=189m (margin 1.00m), Fail 4@t=10",2052,189,4,178,True,SOLVED,-161.0,0,1,0.6162729124738275,"[np.int64(0), np.int64(2), np.int64(3), np.int64(5), np.int64(6), np.int64(7), np.int64(8), np.int64(1)]",27.429057746194673,"(np.int64(8), np.int64(1))",0-2:26.64;2-3:26.95;3-5:26.92;5-6:26.90;6-7:27.19;7-8:26.97;8-1:27.43
2,"N=9, d=189m (margin 1.00m), Fail 4@t=10",2052,189,4,179,True,SOLVED,-161.0,0,1,0.6126634261482302,"[np.int64(0), np.int64(2), np.int64(3), np.int64(5), np.int64(6), np.int64(7), np.int64(8), np.int64(1)]",27.412884669428976,"(np.int64(8), np.int64(1))",0-2:26.68;2-3:26.92;3-5:26.96;5-6:26.90;6-7:27.21;7-8:26.93;8-1:27.41
2,"N=9, d=189m (margin 1.00m), Fail 4@t=10",2052,189,4,180,True,SOLVED,-161.0,0,1,0.609059242588536,"[np.int64(0), np.int64(2), np.int64(3), np.int64(5), np.int64(6), np.int64(7), np.int64(8), np.int64(1)]",27.397646782967715,"(np.int64(8), np.int64(1))",0-2:26.70;2-3:26.90;3-5:26.99;5-6:26.90;6-7:27.23;7-8:26.90;8-1:27.40
2,"N=9, d=189m (margin 1.00m), Fail 4@t=10",2052,189,4,181,True,SOLVED,-161.0,0,1,0.6054601015505662,"[np.int64(0), np.int64(2), np.int64(3), np.int64(5), np.int64(6), np.int64(7), np.int64(8), np.int64(1)]",27.384051806064377,"(np.int64(8), np.int64(1))",0-2:26.72;2-3:26.88;3-5:27.02;5-6:26.89;6-7:27.25;7-8:26.86;8-1:27.38
2,"N=9, d=189m (margin 1.00m), Fail 4@t=10",2052,189,4,182,True,SOLVED,-161.0,0,1,0.5625445483090746,"[np.int64(0), np.int64(2), np.int64(3), np.int64(5), np.int64(6), np.int64(7), np.int64(8), np.int64(1)]",27.378303496195862,"(np.int64(8), np.int64(1))",0-2:26.73;2-3:26.87;3-5:27.05;5-6:26.89;6-7:27.26;7-8:26.82;8-1:27.38
2,"N=9, d=189m (margin 1.00m), Fail 4@t=10",2052,189,4,183,True,SOLVED,-161.0,0,1,0.7338164887462122,"[np.int64(0), np.int64(2), np.int64(3), np.int64(5), np.int64(6), np.int64(7), np.int64(8), np.int64(1)]",27.346158547752886,"(np.int64(8), np.int64(1))",0-2:26.74;2-3:26.87;3-5:27.08;5-6:26.89;6-7:27.26;7-8:26.82;8-1:27.35
2,"N=9, d=189m (margin 1.00m), Fail 4@t=10",2052,189,4,184,True,SOLVED,-161.0,0,1,0.8424823865939656,"[np.int64(0), np.int64(2), np.int64(3), np.int64(5), np.int64(6), np.int64(7), np.int64(8), np.int64(1)]",27.294219888112696,"(np.int64(8), np.int64(1))",0-2:26.74;2-3:26.88;3-5:27.11;5-6:26.89;6-7:27.24;7-8:26.86;8-1:27.29
2,"N=9, d=189m (margin 1.00m), Fail 4@t=10",2052,189,4,185,True,SOLVED,-161.0,0,1,0.9466417671585349,"[np.int64(0), np.int64(2), np.int64(3), np.int64(5), np.int64(6), np.int64(7), np.int64(8), np.int64(1)]",27.23542170886255,"(np.int64(8), np.int64(1))",0-2:26.74;2-3:26.88;3-5:27.14;5-6:26.88;6-7:27.21;7-8:26.91;8-1:27.24
2,"N=9, d=189m (margin 1.00m), Fail 4@t=10",2052,189,4,186,True,SOLVED,-161.0,0,1,0.8410652583514445,"[np.int64(0), np.int64(2), np.int64(3), np.int64(5), np.int64(6), np.int64(7), np.int64(8), np.int64(1)]",27.172023814660573,"(np.int64(6), np.int64(7))",0-2:26.75;2-3:26.88;3-5:27.17;5-6:26.88;6-7:27.17;7-8:26.98;8-1:27.17
2,"N=9, d=189m (margin 1.00m), Fail 4@t=10",2052,189,4,187,True,SOLVED,-161.0,0,1,0.9378462697562666,"[np.int64(0), np.int64(2), np.int64(3), np.int64(5), np.int64(6), np.int64(7), np.int64(8), np.int64(1)]",27.199491364304656,"(np.int64(3), np.int64(5))",0-2:26.75;2-3:26.88;3-5:27.20;5-6:26.88;6-7:27.12;7-8:27.06;8-1:27.12
2,"N=9, d=189m (margin 1.00m), Fail 4@t=10",2052,189,4,188,True,SOLVED,-161.0,0,1,0.9481006853784154,"[np.int64(0), np.int64(2), np.int64(3), np.int64(5), np.int64(6), np.int64(7), np.int64(8), np.int64(1)]",27.228541131680426,"(np.int64(3), np.int64(5))",0-2:26.75;2-3:26.88;3-5:27.23;5-6:26.89;6-7:27.06;7-8:27.11;8-1:27.08
2,"N=9, d=189m (margin 1.00m), Fail 4@t=10",2052,189,4,189,True,SOLVED,-161.0,0,1,0.9493799856582796,"[np.int64(0), np.int64(2), np.int64(3), np.int64(5), np.int64(6), np.int64(7), np.int64(8), np.int64(1)]",27.257592133421863,"(np.int64(3), np.int64(5))",0-2:26.76;2-3:26.89;3-5:27.26;5-6:26.90;6-7:26.99;7-8:27.16;8-1:27.06
2,"N=9, d=189m (margin 1.00m), Fail 4@t=10",2052,189,4,190,True,SOLVED,-161.0,0,1,0.9506746713991376,"[np.int64(0), np.int64(2), np.int64(3), np.int64(5), np.int64(6), np.int64(7), np.int64(8), np.int64(1)]",27.286644365886673,"(np.int64(3), np.int64(5))",0-2:26.76;2-3:26.89;3-5:27.29;5-6:26.90;6-7:26.93;7-8:27.18;8-1:27.06
2,"N=9, d=189m (margin 1.00m), Fail 4@t=10",2052,189,4,191,True,SOLVED,-161.0,0,1,0.9520308578940841,"[np.int64(0), np.int64(2), np.int64(3), np.int64(5), np.int64(6), np.int64(7), np.int64(8), np.int64(1)]",27.315692182698342,"(np.int64(3), np.int64(5))",0-2:26.76;2-3:26.89;3-5:27.32;5-6:26.91;6-7:26.87;7-8:27.20;8-1:27.06
2,"N=9, d=189m (margin 1.00m), Fail 4@t=10",2052,189,4,192,True,SOLVED,-161.0,0,1,0.849483894078024,"[np.int64(0), np.int64(2), np.int64(3), np.int64(5), np.int64(6), np.int64(7), np.int64(8), np.int64(1)]",27.344741222615237,"(np.int64(3), np.int64(5))",0-2:26.76;2-3:26.89;3-5:27.34;5-6:26.92;6-7:26.82;7-8:27.21;8-1:27.08
2,"N=9, d=189m (margin 1.00m), Fail 4@t=10",2052,189,4,193,True,SOLVED,-161.0,0,1,0.8507902304393218,"[np.int64(0), np.int64(2), np.int64(3), np.int64(5), np.int64(6), np.int64(7), np.int64(8), np.int64(1)]",27.37379148163419,"(np.int64(3), np.int64(5))",0-2:26.76;2-3:26.89;3-5:27.37;5-6:26.93;6-7:26.76;7-8:27.21;8-1:27.09
2,"N=9, d=189m (margin 1.00m), Fail 4@t=10",2052,189,4,194,True,SOLVED,-161.0,0,1,0.8192451274789484,"[np.int64(0), np.int64(2), np.int64(3), np.int64(5), np.int64(6), np.int64(7), np.int64(8), np.int64(1)]",27.402842955901637,"(np.int64(3), np.int64(5))",0-2:26.76;2-3:26.90;3-5:27.40;5-6:26.93;6-7:26.70;7-8:27.22;8-1:27.10
2,"N=9, d=189m (margin 1.00m), Fail 4@t=10",2052,189,4,195,True,SOLVED,-161.0,0,1,0.7597979371267696,"[np.int64(0), np.int64(2), np.int64(3), np.int64(5), np.int64(6), np.int64(7), np.int64(8), np.int64(1)]",27.43189426154085,"(np.int64(3), np.int64(5))",0-2:26.76;2-3:26.90;3-5:27.43;5-6:26.94;6-7:26.65;7-8:27.23;8-1:27.11
2,"N=9, d=189m (margin 1.00m), Fail 4@t=10",2052,189,4,196,True,SOLVED,-161.0,0,1,0.7610938054885908,"[np.int64(0), np.int64(2), np.int64(3), np.int64(5), np.int64(6), np.int64(7), np.int64(8), np.int64(1)]",27.460946774694733,"(np.int64(3), np.int64(5))",0-2:26.76;2-3:26.90;3-5:27.46;5-6:26.95;6-7:26.60;7-8:27.23;8-1:27.13
2,"N=9, d=189m (margin 1.00m), Fail 4@t=10",2052,189,4,197,True,SOLVED,-161.0,0,1,0.6968608415747332,"[np.int64(0), np.int64(2), np.int64(3), np.int64(5), np.int64(6), np.int64(7), np.int64(8), np.int64(1)]",27.48999767049739,"(np.int64(3), np.int64(5))",0-2:26.76;2-3:26.90;3-5:27.49;5-6:26.96;6-7:26.55;7-8:27.23;8-1:27.14
2,"N=9, d=189m (margin 1.00m), Fail 4@t=10",2052,189,4,198,True,SOLVED,-161.0,0,1,0.6981662516778411,"[np.int64(0), np.int64(2), np.int64(3), np.int64(5), np.int64(6), np.int64(7), np.int64(8), np.int64(1)]",27.5190497661636,"(np.int64(3), np.int64(5))",0-2:26.76;2-3:26.90;3-5:27.52;5-6:26.96;6-7:26.50;7-8:27.24;8-1:27.16
2,"N=9, d=189m (margin 1.00m), Fail 4@t=10",2052,189,4,199,True,SOLVED,-161.0,0,1,0.6584433663108002,"[np.int64(0), np.int64(2), np.int64(3), np.int64(5), np.int64(6), np.int64(7), np.int64(8), np.int64(1)]",27.548103012768088,"(np.int64(3), np.int64(5))",0-2:26.75;2-3:26.91;3-5:27.55;5-6:26.97;6-7:26.45;7-8:27.24;8-1:27.18
2,"N=9, d=189m (margin 1.00m), Fail 4@t=10",2052,189,4,200,True,SOLVED,-161.0,0,1,0.6597052821910452,"[np.int64(0), np.int64(2), np.int64(3), np.int64(5), np.int64(6), np.int64(7), np.int64(8), np.int64(1)]",27.57715644396007,"(np.int64(3), np.int64(5))",0-2:26.75;2-3:26.91;3-5:27.58;5-6:26.98;6-7:26.40;7-8:27.24;8-1:27.19
2,"N=9, d=189m (margin 1.00m), Fail 4@t=10",2052,189,4,201,True,SOLVED,-161.0,0,1,0.6609915353656403,"[np.int64(0), np.int64(2), np.int64(3), np.int64(5), np.int64(6), np.int64(7), np.int64(8), np.int64(1)]",27.606211063683368,"(np.int64(3), np.int64(5))",0-2:26.75;2-3:26.91;3-5:27.61;5-6:26.99;6-7:26.35;7-8:27.23;8-1:27.21
2,"N=9, d=189m (margin 1.00m), Fail 4@t=10",2052,189,4,202,True,SOLVED,-161.0,0,1,0.6622998362361386,"[np.int64(0), np.int64(2), np.int64(3), np.int64(5), np.int64(6), np.int64(7), np.int64(8), np.int64(1)]",27.635266868171833,"(np.int64(3), np.int64(5))",0-2:26.75;2-3:26.91;3-5:27.64;5-6:27.00;6-7:26.31;7-8:27.23;8-1:27.23
2,"N=9, d=189m (margin 1.00m), Fail 4@t=10",2052,189,4,203,True,SOLVED,-161.0,0,1,0.6606956664062185,"[np.int64(0), np.int64(2), np.int64(3), np.int64(5), np.int64(6), np.int64(7), np.int64(8), np.int64(1)]",27.66432384775117,"(np.int64(3), np.int64(5))",0-2:26.74;2-3:26.92;3-5:27.66;5-6:27.00;6-7:26.27;7-8:27.23;8-1:27.24
2,"N=9, d=189m (margin 1.00m), Fail 4@t=10",2052,189,4,204,True,SOLVED,-161.0,0,1,0.6593142923407707,"[np.int64(0), np.int64(2), np.int64(3), np.int64(5), np.int64(6), np.int64(7), np.int64(8), np.int64(1)]",27.6933819547018,"(np.int64(3), np.int64(5))",0-2:26.74;2-3:26.92;3-5:27.69;5-6:27.01;6-7:26.22;7-8:27.22;8-1:27.26
2,"N=9, d=189m (margin 1.00m), Fail 4@t=10",2052,189,4,205,True,SOLVED,-161.0,0,1,0.6524170649314066,"[np.int64(0), np.int64(2), np.int64(3), np.int64(5), np.int64(6), np.int64(7), np.int64(8), np.int64(1)]",27.722441235271152,"(np.int64(3), np.int64(5))",0-2:26.74;2-3:26.92;3-5:27.72;5-6:27.02;6-7:26.18;7-8:27.21;8-1:27.28
2,"N=9, d=189m (margin 1.00m), Fail 4@t=10",2052,189,4,206,True,SOLVED,-161.0,0,1,0.6388987686688854,"[np.int64(0), np.int64(2), np.int64(3), np.int64(5), np.int64(6), np.int64(7), np.int64(8), np.int64(1)]",27.751501685768016,"(np.int64(3), np.int64(5))",0-2:26.73;2-3:26.92;3-5:27.75;5-6:27.03;6-7:26.14;7-8:27.21;8-1:27.30
2,"N=9, d=189m (margin 1.00m), Fail 4@t=10",2052,189,4,207,True,SOLVED,-161.0,0,1,0.6312742650986193,"[np.int64(0), np.int64(2), np.int64(3), np.int64(5), np.int64(6), np.int64(7), np.int64(8), np.int64(1)]",27.780563302509435,"(np.int64(3), np.int64(5))",0-2:26.73;2-3:26.92;3-5:27.78;5-6:27.03;6-7:26.10;7-8:27.20;8-1:27.32
2,"N=9, d=189m (margin 1.00m), Fail 4@t=10",2052,189,4,208,True,SOLVED,-161.0,0,1,0.6227916885519651,"[np.int64(0), np.int64(2), np.int64(3), np.int64(5), np.int64(6), np.int64(7), np.int64(8), np.int64(1)]",27.809626081836488,"(np.int64(3), np.int64(5))",0-2:26.72;2-3:26.93;3-5:27.81;5-6:27.04;6-7:26.06;7-8:27.19;8-1:27.34
2,"N=9, d=189m (margin 1.00m), Fail 4@t=10",2052,189,4,209,True,SOLVED,-161.0,0,1,0.6154151372386911,"[np.int64(0), np.int64(2), np.int64(3), np.int64(5), np.int64(6), np.int64(7), np.int64(8), np.int64(1)]",27.838535672067422,"(np.int64(3), np.int64(5))",0-2:26.71;2-3:26.93;3-5:27.84;5-6:27.05;6-7:26.02;7-8:27.19;8-1:27.36
2,"N=9, d=189m (margin 1.00m), Fail 4@t=10",2052,189,4,210,True,SOLVED,-161.0,0,1,0.6083870211086243,"[np.int64(0), np.int64(2), np.int64(3), np.int64(5), np.int64(6), np.int64(7), np.int64(8), np.int64(1)]",27.86602956030398,"(np.int64(3), np.int64(5))",0-2:26.71;2-3:26.93;3-5:27.87;5-6:27.06;6-7:25.98;7-8:27.18;8-1:27.38
2,"N=9, d=189m (margin 1.00m), Fail 4@t=10",2052,189,4,211,True,SOLVED,-161.0,0,1,0.5918987049490003,"[np.int64(0), np.int64(2), np.int64(3), np.int64(5), np.int64(6), np.int64(7), np.int64(8), np.int64(1)]",27.891291142770694,"(np.int64(3), np.int64(5))",0-2:26.70;2-3:26.94;3-5:27.89;5-6:27.07;6-7:25.94;7-8:27.17;8-1:27.40
2,"N=9, d=189m (margin 1.00m), Fail 4@t=10",2052,189,4,212,True,SOLVED,-161.0,0,1,0.5718121464484786,"[np.int64(0), np.int64(2), np.int64(3), np.int64(5), np.int64(6), np.int64(7), np.int64(8), np.int64(1)]",27.91385262892508,"(np.int64(3), np.int64(5))",0-2:26.69;2-3:26.94;3-5:27.91;5-6:27.08;6-7:25.90;7-8:27.16;8-1:27.43
2,"N=9, d=189m (margin 1.00m), Fail 4@t=10",2052,189,4,213,True,SOLVED,-161.0,0,1,0.5542741292184941,"[np.int64(0), np.int64(2), np.int64(3), np.int64(5), np.int64(6), np.int64(7), np.int64(8), np.int64(1)]",27.933509874463237,"(np.int64(3), np.int64(5))",0-2:26.69;2-3:26.95;3-5:27.93;5-6:27.09;6-7:25.85;7-8:27.16;8-1:27.45
2,"N=9, d=189m (margin 1.00m), Fail 4@t=10",2052,189,4,214,True,SOLVED,-161.0,0,1,0.5417778220792384,"[np.int64(0), np.int64(2), np.int64(3), np.int64(5), np.int64(6), np.int64(7), np.int64(8), np.int64(1)]",27.950252019696606,"(np.int64(3), np.int64(5))",0-2:26.68;2-3:26.96;3-5:27.95;5-6:27.11;6-7:25.81;7-8:27.15;8-1:27.47
2,"N=9, d=189m (margin 1.00m), Fail 4@t=10",2052,189,4,215,True,SOLVED,-161.0,0,1,0.5251816906767867,"[np.int64(0), np.int64(2), np.int64(3), np.int64(5), np.int64(6), np.int64(7), np.int64(8), np.int64(1)]",27.964201973324343,"(np.int64(3), np.int64(5))",0-2:26.67;2-3:26.97;3-5:27.96;5-6:27.12;6-7:25.77;7-8:27.14;8-1:27.50
2,"N=9, d=189m (margin 1.00m), Fail 4@t=10",2052,189,4,216,True,SOLVED,-161.0,0,1,0.511825844860083,"[np.int64(0), np.int64(2), np.int64(3), np.int64(5), np.int64(6), np.int64(7), np.int64(8), np.int64(1)]",27.9755719814977,"(np.int64(3), np.int64(5))",0-2:26.66;2-3:26.98;3-5:27.98;5-6:27.14;6-7:25.73;7-8:27.13;8-1:27.52
2,"N=9, d=189m (margin 1.00m), Fail 4@t=10",2052,189,4,217,True,SOLVED,-161.0,0,1,0.49646576266560216,"[np.int64(0), np.int64(2), np.int64(3), np.int64(5), np.int64(6), np.int64(7), np.int64(8), np.int64(1)]",27.984625950042094,"(np.int64(3), np.int64(5))",0-2:26.65;2-3:26.99;3-5:27.98;5-6:27.16;6-7:25.69;7-8:27.13;8-1:27.54
2,"N=9, d=189m (margin 1.00m), Fail 4@t=10",2052,189,4,218,True,SOLVED,-161.0,0,1,0.47214438375448514,"[np.int64(0), np.int64(2), np.int64(3), np.int64(5), np.int64(6), np.int64(7), np.int64(8), np.int64(1)]",27.991652649781468,"(np.int64(3), np.int64(5))",0-2:26.64;2-3:27.01;3-5:27.99;5-6:27.18;6-7:25.65;7-8:27.12;8-1:27.57
2,"N=9, d=189m (margin 1.00m), Fail 4@t=10",2052,189,4,219,True,SOLVED,-161.0,0,1,0.4388672326250164,"[np.int64(0), np.int64(2), np.int64(3), np.int64(5), np.int64(6), np.int64(7), np.int64(8), np.int64(1)]",27.996945091291824,"(np.int64(3), np.int64(5))",0-2:26.63;2-3:27.02;3-5:28.00;5-6:27.20;6-7:25.61;7-8:27.12;8-1:27.59
2,"N=9, d=189m (margin 1.00m), Fail 4@t=10",2052,189,4,220,False,SOLVED,-161.0,0,1,0.4391414933761369,"[np.int64(0), np.int64(2), np.int64(3), np.int64(5), np.int64(6), np.int64(7), np.int64(8), np.int64(1)]",28.000786095537343,"(np.int64(3), np.int64(5))",0-2:26.62;2-3:27.04;3-5:28.00;5-6:27.22;6-7:25.57;7-8:27.12;8-1:27.61
2,"N=9, d=189m (margin 1.00m), Fail 4@t=10",2052,189,4,221,True,DISCONNECTED_BYPASS,-161.0,0,1,0.4367889462770137,"[np.int64(0), np.int64(2), np.int64(3), np.int64(5), np.int64(6), np.int64(7), np.int64(8), np.int64(1)]",27.96247415567827,"(np.int64(3), np.int64(5))",0-2:26.62;2-3:27.05;3-5:27.96;5-6:27.28;6-7:25.53;7-8:27.12;8-1:27.63
2,"N=9, d=189m (margin 1.00m), Fail 4@t=10",2052,189,4,222,True,SOLVED,-161.0,0,1,0.43792297057598056,"[np.int64(0), np.int64(2), np.int64(3), np.int64(5), np.int64(6), np.int64(7), np.int64(8), np.int64(1)]",27.921184209287304,"(np.int64(3), np.int64(5))",0-2:26.61;2-3:27.06;3-5:27.92;5-6:27.32;6-7:25.52;7-8:27.11;8-1:27.64
2,"N=9, d=189m (margin 1.00m), Fail 4@t=10",2052,189,4,223,True,SOLVED,-161.0,0,1,0.5530777619095316,"[np.int64(0), np.int64(2), np.int64(3), np.int64(5), np.int64(6), np.int64(7), np.int64(8), np.int64(1)]",27.876054562601155,"(np.int64(3), np.int64(5))",0-2:26.60;2-3:27.08;3-5:27.88;5-6:27.34;6-7:25.53;7-8:27.10;8-1:27.65
2,"N=9, d=189m (margin 1.00m), Fail 4@t=10",2052,189,4,224,True,SOLVED,-161.0,0,1,0.920520462206245,"[np.int64(0), np.int64(2), np.int64(3), np.int64(5), np.int64(6), np.int64(7), np.int64(8), np.int64(1)]",27.804271059938017,"(np.int64(3), np.int64(5))",0-2:26.59;2-3:27.09;3-5:27.80;5-6:27.37;6-7:25.56;7-8:27.07;8-1:27.66
2,"N=9, d=189m (margin 1.00m), Fail 4@t=10",2052,189,4,225,True,SOLVED,-161.0,0,1,1.3169354816565104,"[np.int64(0), np.int64(2), np.int64(3), np.int64(5), np.int64(6), np.int64(7), np.int64(8), np.int64(1)]",27.7120332824768,"(np.int64(3), np.int64(5))",0-2:26.58;2-3:27.10;3-5:27.71;5-6:27.41;6-7:25.62;7-8:27.01;8-1:27.69
2,"N=9, d=189m (margin 1.00m), Fail 4@t=10",2052,189,4,226,True,SOLVED,-161.0,0,1,1.4880184673947174,"[np.int64(0), np.int64(2), np.int64(3), np.int64(5), np.int64(6), np.int64(7), np.int64(8), np.int64(1)]",27.721502540222446,"(np.int64(8), np.int64(1))",0-2:26.57;2-3:27.11;3-5:27.61;5-6:27.46;6-7:25.69;7-8:26.94;8-1:27.72
2,"N=9, d=189m (margin 1.00m), Fail 4@t=10",2052,189,4,227,True,SOLVED,-161.0,0,1,1.5032014315358084,"[np.int64(0), np.int64(2), np.int64(3), np.int64(5), np.int64(6), np.int64(7), np.int64(8), np.int64(1)]",27.756875238285268,"(np.int64(8), np.int64(1))",0-2:26.56;2-3:27.12;3-5:27.50;5-6:27.51;6-7:25.78;7-8:26.86;8-1:27.76
2,"N=9, d=189m (margin 1.00m), Fail 4@t=10",2052,189,4,228,True,SOLVED,-161.0,0,1,1.5113242743007953,"[np.int64(0), np.int64(2), np.int64(3), np.int64(5), np.int64(6), np.int64(7), np.int64(8), np.int64(1)]",27.792468357721084,"(np.int64(8), np.int64(1))",0-2:26.55;2-3:27.13;3-5:27.37;5-6:27.55;6-7:25.90;7-8:26.76;8-1:27.79
2,"N=9, d=189m (margin 1.00m), Fail 4@t=10",2052,189,4,229,True,SOLVED,-161.0,0,1,1.5042367751843142,"[np.int64(0), np.int64(2), np.int64(3), np.int64(5), np.int64(6), np.int64(7), np.int64(8), np.int64(1)]",27.82659331186085,"(np.int64(8), np.int64(1))",0-2:26.56;2-3:27.12;3-5:27.26;5-6:27.58;6-7:26.05;7-8:26.66;8-1:27.83
2,"N=9, d=189m (margin 1.00m), Fail 4@t=10",2052,189,4,230,True,SOLVED,-161.0,0,1,1.5756416374135802,"[np.int64(0), np.int64(2), np.int64(3), np.int64(5), np.int64(6), np.int64(7), np.int64(8), np.int64(1)]",27.858116619944173,"(np.int64(8), np.int64(1))",0-2:26.59;2-3:27.07;3-5:27.17;5-6:27.58;6-7:26.23;7-8:26.54;8-1:27.86
2,"N=9, d=189m (margin 1.00m), Fail 4@t=10",2052,189,4,231,True,SOLVED,-161.0,0,1,1.7540583970903891,"[np.int64(0), np.int64(2), np.int64(3), np.int64(5), np.int64(6), np.int64(7), np.int64(8), np.int64(1)]",27.88056884123751,"(np.int64(8), np.int64(1))",0-2:26.64;2-3:26.98;3-5:27.10;5-6:27.55;6-7:26.42;7-8:26.45;8-1:27.88
2,"N=9, d=189m (margin 1.00m), Fail 4@t=10",2052,189,4,232,True,SOLVED,-161.0,0,1,1.8789084123900863,"[np.int64(0), np.int64(2), np.int64(3), np.int64(5), np.int64(6), np.int64(7), np.int64(8), np.int64(1)]",27.88645571428326,"(np.int64(8), np.int64(1))",0-2:26.70;2-3:26.89;3-5:27.05;5-6:27.48;6-7:26.61;7-8:26.41;8-1:27.89
2,"N=9, d=189m (margin 1.00m), Fail 4@t=10",2052,189,4,233,True,SOLVED,-161.0,0,1,1.6712352065902925,"[np.int64(0), np.int64(2), np.int64(3), np.int64(5), np.int64(6), np.int64(7), np.int64(8), np.int64(1)]",27.87270411382698,"(np.int64(8), np.int64(1))",0-2:26.75;2-3:26.81;3-5:27.01;5-6:27.39;6-7:26.76;7-8:26.42;8-1:27.87
2,"N=9, d=189m (margin 1.00m), Fail 4@t=10",2052,189,4,234,True,SOLVED,-161.0,0,1,1.7834759690317206,"[np.int64(0), np.int64(2), np.int64(3), np.int64(5), np.int64(6), np.int64(7), np.int64(8), np.int64(1)]",27.838234235759725,"(np.int64(8), np.int64(1))",0-2:26.80;2-3:26.76;3-5:26.98;5-6:27.26;6-7:26.89;7-8:26.48;8-1:27.84
2,"N=9, d=189m (margin 1.00m), Fail 4@t=10",2052,189,4,235,True,SOLVED,-161.0,0,1,1.6861347661478367,"[np.int64(0), np.int64(2), np.int64(3), np.int64(5), np.int64(6), np.int64(7), np.int64(8), np.int64(1)]",27.788948978223072,"(np.int64(8), np.int64(1))",0-2:26.83;2-3:26.72;3-5:26.99;5-6:27.10;6-7:26.99;7-8:26.60;8-1:27.79
2,"N=9, d=189m (margin 1.00m), Fail 4@t=10",2052,189,4,236,True,SOLVED,-161.0,0,1,1.537496188792933,"[np.int64(0), np.int64(2), np.int64(3), np.int64(5), np.int64(6), np.int64(7), np.int64(8), np.int64(1)]",27.731070156764268,"(np.int64(8), np.int64(1))",0-2:26.84;2-3:26.71;3-5:26.98;5-6:26.95;6-7:27.06;7-8:26.74;8-1:27.73
2,"N=9, d=189m (margin 1.00m), Fail 4@t=10",2052,189,4,237,True,SOLVED,-161.0,0,1,1.2826354889063547,"[np.int64(0), np.int64(2), np.int64(3), np.int64(5), np.int64(6), np.int64(7), np.int64(8), np.int64(1)]",27.66834870397585,"(np.int64(8), np.int64(1))",0-2:26.83;2-3:26.75;3-5:26.93;5-6:26.85;6-7:27.10;7-8:26.89;8-1:27.67
2,"N=9, d=189m (margin 1.00m), Fail 4@t=10",2052,189,4,238,True,SOLVED,-161.0,0,1,1.1782265129299434,"[np.int64(0), np.int64(2), np.int64(3), np.int64(5), np.int64(6), np.int64(7), np.int64(8), np.int64(1)]",27.60875277920607,"(np.int64(8), np.int64(1))",0-2:26.80;2-3:26.81;3-5:26.84;5-6:26.79;6-7:27.12;7-8:27.05;8-1:27.61
2,"N=9, d=189m (margin 1.00m), Fail 4@t=10",2052,189,4,239,True,SOLVED,-161.0,0,1,1.166746361640612,"[np.int64(0), np.int64(2), np.int64(3), np.int64(5), np.int64(6), np.int64(7), np.int64(8), np.int64(1)]",27.555813372584968,"(np.int64(8), np.int64(1))",0-2:26.76;2-3:26.88;3-5:26.73;5-6:26.76;6-7:27.12;7-8:27.20;8-1:27.56
2,"N=9, d=189m (margin 1.00m), Fail 4@t=10",2052,189,4,240,True,SOLVED,-161.0,0,1,1.1694820126656065,"[np.int64(0), np.int64(2), np.int64(3), np.int64(5), np.int64(6), np.int64(7), np.int64(8), np.int64(1)]",27.501523062044974,"(np.int64(8), np.int64(1))",0-2:26.73;2-3:26.92;3-5:26.65;5-6:26.74;6-7:27.14;7-8:27.34;8-1:27.50
2,"N=9, d=189m (margin 1.00m), Fail 4@t=10",2052,189,4,241,True,SOLVED,-161.0,0,1,1.137230307875043,"[np.int64(0), np.int64(2), np.int64(3), np.int64(5), np.int64(6), np.int64(7), np.int64(8), np.int64(1)]",27.461972602600685,"(np.int64(8), np.int64(1))",0-2:26.70;2-3:26.91;3-5:26.61;5-6:26.72;6-7:27.17;7-8:27.43;8-1:27.46
2,"N=9, d=189m (margin 1.00m), Fail 4@t=10",2052,189,4,242,True,SOLVED,-161.0,0,1,1.0357880093080347,"[np.int64(0), np.int64(2), np.int64(3), np.int64(5), np.int64(6), np.int64(7), np.int64(8), np.int64(1)]",27.457471135430985,"(np.int64(8), np.int64(1))",0-2:26.69;2-3:26.85;3-5:26.61;5-6:26.71;6-7:27.23;7-8:27.45;8-1:27.46
2,"N=9, d=189m (margin 1.00m), Fail 4@t=10",2052,189,4,243,True,SOLVED,-161.0,0,1,0.8392710290533552,"[np.int64(0), np.int64(2), np.int64(3), np.int64(5), np.int64(6), np.int64(7), np.int64(8), np.int64(1)]",27.478954244209106,"(np.int64(8), np.int64(1))",0-2:26.67;2-3:26.79;3-5:26.63;5-6:26.73;6-7:27.27;7-8:27.43;8-1:27.48
2,"N=9, d=189m (margin 1.00m), Fail 4@t=10",2052,189,4,244,True,SOLVED,-161.0,0,1,0.9073133051182887,"[np.int64(0), np.int64(2), np.int64(3), np.int64(5), np.int64(6), np.int64(7), np.int64(8), np.int64(1)]",27.51761704794171,"(np.int64(8), np.int64(1))",0-2:26.64;2-3:26.73;3-5:26.67;5-6:26.77;6-7:27.28;7-8:27.39;8-1:27.52
2,"N=9, d=189m (margin 1.00m), Fail 4@t=10",2052,189,4,245,True,SOLVED,-161.0,0,1,0.9664563602692009,"[np.int64(0), np.int64(2), np.int64(3), np.int64(5), np.int64(6), np.int64(7), np.int64(8), np.int64(1)]",27.56648168412129,"(np.int64(8), np.int64(1))",0-2:26.60;2-3:26.67;3-5:26.73;5-6:26.82;6-7:27.26;7-8:27.35;8-1:27.57
2,"N=9, d=189m (margin 1.00m), Fail 4@t=10",2052,189,4,246,True,SOLVED,-161.0,0,1,0.9273351832516787,"[np.int64(0), np.int64(2), np.int64(3), np.int64(5), np.int64(6), np.int64(7), np.int64(8), np.int64(1)]",27.620199197607423,"(np.int64(8), np.int64(1))",0-2:26.56;2-3:26.63;3-5:26.80;5-6:26.89;6-7:27.21;7-8:27.31;8-1:27.62
2,"N=9, d=189m (margin 1.00m), Fail 4@t=10",2052,189,4,247,True,SOLVED,-161.0,0,1,0.8388709450650462,"[np.int64(0), np.int64(2), np.int64(3), np.int64(5), np.int64(6), np.int64(7), np.int64(8), np.int64(1)]",27.664100080820067,"(np.int64(8), np.int64(1))",0-2:26.50;2-3:26.61;3-5:26.85;5-6:26.95;6-7:27.13;7-8:27.29;8-1:27.66
2,"N=9, d=189m (margin 1.00m), Fail 4@t=10",2052,189,4,248,True,SOLVED,-161.0,0,1,0.8044203288740377,"[np.int64(0), np.int64(2), np.int64(3), np.int64(5), np.int64(6), np.int64(7), np.int64(8), np.int64(1)]",27.692838454462738,"(np.int64(8), np.int64(1))",0-2:26.45;2-3:26.63;3-5:26.88;5-6:27.02;6-7:27.06;7-8:27.27;8-1:27.69
2,"N=9, d=189m (margin 1.00m), Fail 4@t=10",2052,189,4,249,True,SOLVED,-161.0,0,1,0.5514012425019759,"[np.int64(0), np.int64(2), np.int64(3), np.int64(5), np.int64(6), np.int64(7), np.int64(8), np.int64(1)]",27.689988690526587,"(np.int64(8), np.int64(1))",0-2:26.43;2-3:26.66;3-5:26.90;5-6:27.06;6-7:27.01;7-8:27.27;8-1:27.69
2,"N=9, d=189m (margin 1.00m), Fail 4@t=10",2052,189,4,250,True,SOLVED,-161.0,0,1,0.5978106477521885,"[np.int64(0), np.int64(2), np.int64(3), np.int64(5), np.int64(6), np.int64(7), np.int64(8), np.int64(1)]",27.670568652518135,"(np.int64(8), np.int64(1))",0-2:26.40;2-3:26.68;3-5:26.94;5-6:27.05;6-7:27.00;7-8:27.26;8-1:27.67
2,"N=9, d=189m (margin 1.00m), Fail 4@t=10",2052,189,4,251,True,SOLVED,-161.0,0,1,0.5681263842464235,"[np.int64(0), np.int64(2), np.int64(3), np.int64(5), np.int64(6), np.int64(7), np.int64(8), np.int64(1)]",27.642971538478875,"(np.int64(8), np.int64(1))",0-2:26.38;2-3:26.70;3-5:26.99;5-6:27.04;6-7:27.02;7-8:27.24;8-1:27.64
2,"N=9, d=189m (margin 1.00m), Fail 4@t=10",2052,189,4,252,True,SOLVED,-161.0,0,1,0.5007467793719433,"[np.int64(0), np.int64(2), np.int64(3), np.int64(5), np.int64(6), np.int64(7), np.int64(8), np.int64(1)]",27.612044250259807,"(np.int64(8), np.int64(1))",0-2:26.35;2-3:26.72;3-5:27.03;5-6:27.03;6-7:27.04;7-8:27.22;8-1:27.61
2,"N=9, d=189m (margin 1.00m), Fail 4@t=10",2052,189,4,253,True,SOLVED,-161.0,0,1,0.49672139009623545,"[np.int64(0), np.int64(2), np.int64(3), np.int64(5), np.int64(6), np.int64(7), np.int64(8), np.int64(1)]",27.592018613792973,"(np.int64(8), np.int64(1))",0-2:26.32;2-3:26.74;3-5:27.07;5-6:27.03;6-7:27.06;7-8:27.19;8-1:27.59
2,"N=9, d=189m (margin 1.00m), Fail 4@t=10",2052,189,4,254,True,SOLVED,-161.0,0,1,0.49263958393079915,"[np.int64(0), np.int64(2), np.int64(3), np.int64(5), np.int64(6), np.int64(7), np.int64(8), np.int64(1)]",27.576712439869958,"(np.int64(8), np.int64(1))",0-2:26.29;2-3:26.76;3-5:27.12;5-6:27.02;6-7:27.09;7-8:27.16;8-1:27.58
2,"N=9, d=189m (margin 1.00m), Fail 4@t=10",2052,189,4,255,True,SOLVED,-161.0,0,1,0.4885796368877458,"[np.int64(0), np.int64(2), np.int64(3), np.int64(5), np.int64(6), np.int64(7), np.int64(8), np.int64(1)]",27.56429313569803,"(np.int64(8), np.int64(1))",0-2:26.26;2-3:26.78;3-5:27.16;5-6:27.01;6-7:27.11;7-8:27.12;8-1:27.56
2,"N=9, d=189m (margin 1.00m), Fail 4@t=10",2052,189,4,256,True,SOLVED,-161.0,0,1,0.48455452996347176,"[np.int64(0), np.int64(2), np.int64(3), np.int64(5), np.int64(6), np.int64(7), np.int64(8), np.int64(1)]",27.55263820450782,"(np.int64(8), np.int64(1))",0-2:26.24;2-3:26.80;3-5:27.20;5-6:27.00;6-7:27.13;7-8:27.09;8-1:27.55
2,"N=9, d=189m (margin 1.00m), Fail 4@t=10",2052,189,4,257,True,SOLVED,-161.0,0,1,0.48052953386832464,"[np.int64(0), np.int64(2), np.int64(3), np.int64(5), np.int64(6), np.int64(7), np.int64(8), np.int64(1)]",27.541113934070456,"(np.int64(8), np.int64(1))",0-2:26.21;2-3:26.82;3-5:27.24;5-6:27.00;6-7:27.15;7-8:27.05;8-1:27.54
2,"N=9, d=189m (margin 1.00m), Fail 4@t=10",2052,189,4,258,True,SOLVED,-161.0,0,1,0.476504654970732,"[np.int64(0), np.int64(2), np.int64(3), np.int64(5), np.int64(6), np.int64(7), np.int64(8), np.int64(1)]",27.529332491939176,"(np.int64(8), np.int64(1))",0-2:26.18;2-3:26.84;3-5:27.29;5-6:26.99;6-7:27.17;7-8:27.02;8-1:27.53
2,"N=9, d=189m (margin 1.00m), Fail 4@t=10",2052,189,4,259,True,SOLVED,-161.0,0,1,0.4724798961330612,"[np.int64(0), np.int64(2), np.int64(3), np.int64(5), np.int64(6), np.int64(7), np.int64(8), np.int64(1)]",27.517125647164164,"(np.int64(8), np.int64(1))",0-2:26.15;2-3:26.87;3-5:27.33;5-6:26.98;6-7:27.19;7-8:26.98;8-1:27.52
2,"N=9, d=189m (margin 1.00m), Fail 4@t=10",2052,189,4,260,True,SOLVED,-161.0,0,1,0.47156059578307796,"[np.int64(0), np.int64(2), np.int64(3), np.int64(5), np.int64(6), np.int64(7), np.int64(8), np.int64(1)]",27.504520004828453,"(np.int64(8), np.int64(1))",0-2:26.12;2-3:26.89;3-5:27.37;5-6:26.97;6-7:27.21;7-8:26.95;8-1:27.50
2,"N=9, d=189m (margin 1.00m), Fail 4@t=10",2052,189,4,261,True,SOLVED,-161.0,0,1,0.47447520267377474,"[np.int64(0), np.int64(2), np.int64(3), np.int64(5), np.int64(6), np.int64(7), np.int64(8), np.int64(1)]",27.49157652256655,"(np.int64(8), np.int64(1))",0-2:26.09;2-3:26.91;3-5:27.42;5-6:26.97;6-7:27.23;7-8:26.91;8-1:27.49
2,"N=9, d=189m (margin 1.00m), Fail 4@t=10",2052,189,4,262,True,SOLVED,-161.0,0,1,0.47740606727085816,"[np.int64(0), np.int64(2), np.int64(3), np.int64(5), np.int64(6), np.int64(7), np.int64(8), np.int64(1)]",27.478247758537982,"(np.int64(8), np.int64(1))",0-2:26.06;2-3:26.93;3-5:27.46;5-6:26.96;6-7:27.25;7-8:26.88;8-1:27.48
2,"N=9, d=189m (margin 1.00m), Fail 4@t=10",2052,189,4,263,True,SOLVED,-161.0,0,1,0.480352892005463,"[np.int64(0), np.int64(2), np.int64(3), np.int64(5), np.int64(6), np.int64(7), np.int64(8), np.int64(1)]",27.503980088994627,"(np.int64(3), np.int64(5))",0-2:26.03;2-3:26.95;3-5:27.50;5-6:26.95;6-7:27.28;7-8:26.85;8-1:27.46
2,"N=9, d=189m (margin 1.00m), Fail 4@t=10",2052,189,4,264,True,SOLVED,-161.0,0,1,0.4833153827973203,"[np.int64(0), np.int64(2), np.int64(3), np.int64(5), np.int64(6), np.int64(7), np.int64(8), np.int64(1)]",27.547358738667654,"(np.int64(3), np.int64(5))",0-2:26.00;2-3:26.97;3-5:27.55;5-6:26.94;6-7:27.30;7-8:26.82;8-1:27.45
2,"N=9, d=189m (margin 1.00m), Fail 4@t=10",2052,189,4,265,True,SOLVED,-161.0,0,1,0.4862932552638722,"[np.int64(0), np.int64(2), np.int64(3), np.int64(5), np.int64(6), np.int64(7), np.int64(8), np.int64(1)]",27.590768956854966,"(np.int64(3), np.int64(5))",0-2:25.96;2-3:26.99;3-5:27.59;5-6:26.94;6-7:27.32;7-8:26.79;8-1:27.43
2,"N=9, d=189m (margin 1.00m), Fail 4@t=10",2052,189,4,266,True,SOLVED,-161.0,0,1,0.489286229130693,"[np.int64(0), np.int64(2), np.int64(3), np.int64(5), np.int64(6), np.int64(7), np.int64(8), np.int64(1)]",27.634210594796848,"(np.int64(3), np.int64(5))",0-2:25.93;2-3:27.01;3-5:27.63;5-6:26.93;6-7:27.34;7-8:26.76;8-1:27.42
2,"N=9, d=189m (margin 1.00m), Fail 4@t=10",2052,189,4,267,True,SOLVED,-161.0,0,1,0.527741846136274,"[np.int64(0), np.int64(2), np.int64(3), np.int64(5), np.int64(6), np.int64(7), np.int64(8), np.int64(1)]",27.677683504447927,"(np.int64(3), np.int64(5))",0-2:25.90;2-3:27.03;3-5:27.68;5-6:26.92;6-7:27.36;7-8:26.75;8-1:27.39
2,"N=9, d=189m (margin 1.00m), Fail 4@t=10",2052,189,4,268,True,SOLVED,-161.0,0,1,0.7657025091220081,"[np.int64(0), np.int64(2), np.int64(3), np.int64(5), np.int64(6), np.int64(7), np.int64(8), np.int64(1)]",27.721187540077448,"(np.int64(3), np.int64(5))",0-2:25.87;2-3:27.06;3-5:27.72;5-6:26.91;6-7:27.35;7-8:26.76;8-1:27.35
2,"N=9, d=189m (margin 1.00m), Fail 4@t=10",2052,189,4,269,True,SOLVED,-161.0,0,1,0.8438642059693207,"[np.int64(0), np.int64(2), np.int64(3), np.int64(5), np.int64(6), np.int64(7), np.int64(8), np.int64(1)]",27.76417704561982,"(np.int64(3), np.int64(5))",0-2:25.83;2-3:27.08;3-5:27.76;5-6:26.91;6-7:27.34;7-8:26.80;8-1:27.31
2,"N=9, d=189m (margin 1.00m), Fail 4@t=10",2052,189,4,270,True,SOLVED,-161.0,0,1,0.7824042024446065,"[np.int64(0), np.int64(2), np.int64(3), np.int64(5), np.int64(6), np.int64(7), np.int64(8), np.int64(1)]",27.804855557672944,"(np.int64(3), np.int64(5))",0-2:25.80;2-3:27.10;3-5:27.80;5-6:26.90;6-7:27.30;7-8:26.87;8-1:27.25
2,"N=9, d=189m (margin 1.00m), Fail 4@t=10",2052,189,4,271,True,SOLVED,-161.0,0,1,0.7724818502489451,"[np.int64(0), np.int64(2), np.int64(3), np.int64(5), np.int64(6), np.int64(7), np.int64(8), np.int64(1)]",27.842078642097373,"(np.int64(3), np.int64(5))",0-2:25.77;2-3:27.12;3-5:27.84;5-6:26.91;6-7:27.23;7-8:26.97;8-1:27.19
2,"N=9, d=189m (margin 1.00m), Fail 4@t=10",2052,189,4,272,True,SOLVED,-161.0,0,1,0.7707333881654712,"[np.int64(0), np.int64(2), np.int64(3), np.int64(5), np.int64(6), np.int64(7), np.int64(8), np.int64(1)]",27.875207014251593,"(np.int64(3), np.int64(5))",0-2:25.73;2-3:27.15;3-5:27.88;5-6:26.92;6-7:27.13;7-8:27.09;8-1:27.13
2,"N=9, d=189m (margin 1.00m), Fail 4@t=10",2052,189,4,273,True,SOLVED,-161.0,0,1,0.7383027168505819,"[np.int64(0), np.int64(2), np.int64(3), np.int64(5), np.int64(6), np.int64(7), np.int64(8), np.int64(1)]",27.90398114648712,"(np.int64(3), np.int64(5))",0-2:25.70;2-3:27.18;3-5:27.90;5-6:26.95;6-7:27.02;7-8:27.22;8-1:27.07
2,"N=9, d=189m (margin 1.00m), Fail 4@t=10",2052,189,4,274,True,SOLVED,-161.0,0,1,0.5181807057184039,"[np.int64(0), np.int64(2), np.int64(3), np.int64(5), np.int64(6), np.int64(7), np.int64(8), np.int64(1)]",27.916918952926252,"(np.int64(3), np.int64(5))",0-2:25.66;2-3:27.21;3-5:27.92;5-6:26.98;6-7:26.96;7-8:27.27;8-1:27.04
2,"N=9, d=189m (margin 1.00m), Fail 4@t=10",2052,189,4,275,True,SOLVED,-161.0,0,1,0.5168823205901982,"[np.int64(0), np.int64(2), np.int64(3), np.int64(5), np.int64(6), np.int64(7), np.int64(8), np.int64(1)]",27.915226697964375,"(np.int64(3), np.int64(5))",0-2:25.63;2-3:27.24;3-5:27.92;5-6:27.02;6-7:26.95;7-8:27.25;8-1:27.04
2,"N=9, d=189m (margin 1.00m), Fail 4@t=10",2052,189,4,276,True,SOLVED,-161.0,0,1,0.5200121285269281,"[np.int64(0), np.int64(2), np.int64(3), np.int64(5), np.int64(6), np.int64(7), np.int64(8), np.int64(1)]",27.913534807821218,"(np.int64(3), np.int64(5))",0-2:25.59;2-3:27.26;3-5:27.91;5-6:27.05;6-7:26.95;7-8:27.21;8-1:27.07
2,"N=9, d=189m (margin 1.00m), Fail 4@t=10",2052,189,4,277,True,SOLVED,-161.0,0,1,0.6216412695968991,"[np.int64(0), np.int64(2), np.int64(3), np.int64(5), np.int64(6), np.int64(7), np.int64(8), np.int64(1)]",27.911843281860005,"(np.int64(3), np.int64(5))",0-2:25.56;2-3:27.29;3-5:27.91;5-6:27.08;6-7:26.94;7-8:27.14;8-1:27.12
2,"N=9, d=189m (margin 1.00m), Fail 4@t=10",2052,189,4,278,True,SOLVED,-161.0,0,1,0.8155527815084149,"[np.int64(0), np.int64(2), np.int64(3), np.int64(5), np.int64(6), np.int64(7), np.int64(8), np.int64(1)]",27.91015212030105,"(np.int64(3), np.int64(5))",0-2:25.52;2-3:27.32;3-5:27.91;5-6:27.12;6-7:26.94;7-8:27.06;8-1:27.18
2,"N=9, d=189m (margin 1.00m), Fail 4@t=10",2052,189,4,279,True,SOLVED,-161.0,0,1,0.8599257418278038,"[np.int64(0), np.int64(2), np.int64(3), np.int64(5), np.int64(6), np.int64(7), np.int64(8), np.int64(1)]",27.908461323394253,"(np.int64(3), np.int64(5))",0-2:25.48;2-3:27.35;3-5:27.91;5-6:27.15;6-7:26.92;7-8:27.00;8-1:27.24
2,"N=9, d=189m (margin 1.00m), Fail 4@t=10",2052,189,4,280,True,SOLVED,-161.0,0,1,0.5597928585785047,"[np.int64(0), np.int64(2), np.int64(3), np.int64(5), np.int64(6), np.int64(7), np.int64(8), np.int64(1)]",27.90677089144098,"(np.int64(3), np.int64(5))",0-2:25.45;2-3:27.38;3-5:27.91;5-6:27.18;6-7:26.90;7-8:26.96;8-1:27.28
2,"N=9, d=189m (margin 1.00m), Fail 4@t=10",2052,189,4,281,True,SOLVED,-161.0,0,1,0.5628598815984452,"[np.int64(0), np.int64(2), np.int64(3), np.int64(5), np.int64(6), np.int64(7), np.int64(8), np.int64(1)]",27.90508082429154,"(np.int64(3), np.int64(5))",0-2:25.41;2-3:27.41;3-5:27.91;5-6:27.22;6-7:26.88;7-8:26.92;8-1:27.32
2,"N=9, d=189m (margin 1.00m), Fail 4@t=10",2052,189,4,282,True,SOLVED,-161.0,0,1,0.5659390079290282,"[np.int64(0), np.int64(2), np.int64(3), np.int64(5), np.int64(6), np.int64(7), np.int64(8), np.int64(1)]",27.90339112201228,"(np.int64(3), np.int64(5))",0-2:25.37;2-3:27.44;3-5:27.90;5-6:27.25;6-7:26.86;7-8:26.88;8-1:27.36
2,"N=9, d=189m (margin 1.00m), Fail 4@t=10",2052,189,4,283,True,SOLVED,-161.0,0,1,0.5690300410904892,"[np.int64(0), np.int64(2), np.int64(3), np.int64(5), np.int64(6), np.int64(7), np.int64(8), np.int64(1)]",27.90170178466954,"(np.int64(3), np.int64(5))",0-2:25.33;2-3:27.46;3-5:27.90;5-6:27.29;6-7:26.84;7-8:26.84;8-1:27.40
2,"N=9, d=189m (margin 1.00m), Fail 4@t=10",2052,189,4,284,True,SOLVED,-161.0,0,1,0.5702309487551119,"[np.int64(0), np.int64(2), np.int64(3), np.int64(5), np.int64(6), np.int64(7), np.int64(8), np.int64(1)]",27.900012812334804,"(np.int64(3), np.int64(5))",0-2:25.30;2-3:27.49;3-5:27.90;5-6:27.32;6-7:26.81;7-8:26.80;8-1:27.44
2,"N=9, d=189m (margin 1.00m), Fail 4@t=10",2052,189,4,285,True,SOLVED,-161.0,0,1,0.5709653835182504,"[np.int64(0), np.int64(2), np.int64(3), np.int64(5), np.int64(6), np.int64(7), np.int64(8), np.int64(1)]",27.89832420507569,"(np.int64(3), np.int64(5))",0-2:25.26;2-3:27.52;3-5:27.90;5-6:27.35;6-7:26.79;7-8:26.77;8-1:27.48
2,"N=9, d=189m (margin 1.00m), Fail 4@t=10",2052,189,4,286,True,SOLVED,-161.0,0,1,0.5718455399709943,"[np.int64(0), np.int64(2), np.int64(3), np.int64(5), np.int64(6), np.int64(7), np.int64(8), np.int64(1)]",27.896635962958115,"(np.int64(3), np.int64(5))",0-2:25.22;2-3:27.55;3-5:27.90;5-6:27.39;6-7:26.77;7-8:26.73;8-1:27.52
2,"N=9, d=189m (margin 1.00m), Fail 4@t=10",2052,189,4,287,True,SOLVED,-161.0,0,1,0.5552085267289412,"[np.int64(0), np.int64(2), np.int64(3), np.int64(5), np.int64(6), np.int64(7), np.int64(8), np.int64(1)]",27.894948086067018,"(np.int64(3), np.int64(5))",0-2:25.18;2-3:27.58;3-5:27.89;5-6:27.42;6-7:26.75;7-8:26.69;8-1:27.56
2,"N=9, d=189m (margin 1.00m), Fail 4@t=10",2052,189,4,288,True,SOLVED,-161.0,0,1,0.5584728632529021,"[np.int64(0), np.int64(2), np.int64(3), np.int64(5), np.int64(6), np.int64(7), np.int64(8), np.int64(1)]",27.893260574544218,"(np.int64(3), np.int64(5))",0-2:25.14;2-3:27.61;3-5:27.89;5-6:27.46;6-7:26.72;7-8:26.66;8-1:27.60
2,"N=9, d=189m (margin 1.00m), Fail 4@t=10",2052,189,4,289,True,SOLVED,-161.0,0,1,0.5617468532314691,"[np.int64(0), np.int64(2), np.int64(3), np.int64(5), np.int64(6), np.int64(7), np.int64(8), np.int64(1)]",27.891574191931273,"(np.int64(3), np.int64(5))",0-2:25.10;2-3:27.64;3-5:27.89;5-6:27.49;6-7:26.70;7-8:26.63;8-1:27.63
2,"N=9, d=189m (margin 1.00m), Fail 4@t=10",2052,189,4,290,True,SOLVED,-161.0,0,1,0.5650312126717536,"[np.int64(0), np.int64(2), np.int64(3), np.int64(5), np.int64(6), np.int64(7), np.int64(8), np.int64(1)]",27.88989161414464,"(np.int64(3), np.int64(5))",0-2:25.06;2-3:27.66;3-5:27.89;5-6:27.52;6-7:26.68;7-8:26.61;8-1:27.66
2,"N=9, d=189m (margin 1.00m), Fail 4@t=10",2052,189,4,291,True,SOLVED,-161.0,0,1,0.5683249394267276,"[np.int64(0), np.int64(2), np.int64(3), np.int64(5), np.int64(6), np.int64(7), np.int64(8), np.int64(1)]",27.888209402043035,"(np.int64(3), np.int64(5))",0-2:25.02;2-3:27.69;3-5:27.89;5-6:27.56;6-7:26.66;7-8:26.59;8-1:27.69
2,"N=9, d=189m (margin 1.00m), Fail 4@t=10",2052,189,4,292,True,SOLVED,-161.0,0,1,0.5716281260559429,"[np.int64(0), np.int64(2), np.int64(3), np.int64(5), np.int64(6), np.int64(7), np.int64(8), np.int64(1)]",27.886527556072597,"(np.int64(3), np.int64(5))",0-2:24.98;2-3:27.72;3-5:27.89;5-6:27.59;6-7:26.63;7-8:26.61;8-1:27.68
2,"N=9, d=189m (margin 1.00m), Fail 4@t=10",2052,189,4,293,True,SOLVED,-161.0,0,1,0.8078485398664723,"[np.int64(0), np.int64(2), np.int64(3), np.int64(5), np.int64(6), np.int64(7), np.int64(8), np.int64(1)]",27.884846075763342,"(np.int64(3), np.int64(5))",0-2:24.94;2-3:27.75;3-5:27.88;5-6:27.63;6-7:26.59;7-8:26.65;8-1:27.66
2,"N=9, d=189m (margin 1.00m), Fail 4@t=10",2052,189,4,294,True,SOLVED,-161.0,0,1,0.9515746856019989,"[np.int64(0), np.int64(2), np.int64(3), np.int64(5), np.int64(6), np.int64(7), np.int64(8), np.int64(1)]",27.883164962539002,"(np.int64(3), np.int64(5))",0-2:24.90;2-3:27.78;3-5:27.88;5-6:27.66;6-7:26.56;7-8:26.69;8-1:27.62
2,"N=9, d=189m (margin 1.00m), Fail 4@t=10",2052,189,4,295,True,SOLVED,-161.0,0,1,0.9209455696321597,"[np.int64(0), np.int64(2), np.int64(3), np.int64(5), np.int64(6), np.int64(7), np.int64(8), np.int64(1)]",27.88148422136403,"(np.int64(3), np.int64(5))",0-2:24.86;2-3:27.81;3-5:27.88;5-6:27.67;6-7:26.58;7-8:26.73;8-1:27.59
2,"N=9, d=189m (margin 1.00m), Fail 4@t=10",2052,189,4,296,True,SOLVED,-161.0,0,1,0.6282877866216394,"[np.int64(0), np.int64(2), np.int64(3), np.int64(5), np.int64(6), np.int64(7), np.int64(8), np.int64(1)]",27.87980384932534,"(np.int64(3), np.int64(5))",0-2:24.82;2-3:27.83;3-5:27.88;5-6:27.67;6-7:26.60;7-8:26.76;8-1:27.55
2,"N=9, d=189m (margin 1.00m), Fail 4@t=10",2052,189,4,297,True,SOLVED,-161.0,0,1,0.48897170701229137,"[np.int64(0), np.int64(2), np.int64(3), np.int64(5), np.int64(6), np.int64(7), np.int64(8), np.int64(1)]",27.87812384342939,"(np.int64(3), np.int64(5))",0-2:24.78;2-3:27.86;3-5:27.88;5-6:27.66;6-7:26.62;7-8:26.81;8-1:27.50
2,"N=9, d=189m (margin 1.00m), Fail 4@t=10",2052,189,4,298,True,SOLVED,-161.0,0,1,0.5204075944438604,"[np.int64(0), np.int64(2), np.int64(3), np.int64(5), np.int64(6), np.int64(7), np.int64(8), np.int64(1)]",27.87644420340384,"(np.int64(3), np.int64(5))",0-2:24.74;2-3:27.88;3-5:27.88;5-6:27.66;6-7:26.65;7-8:26.85;8-1:27.45
2,"N=9, d=189m (margin 1.00m), Fail 4@t=10",2052,189,4,299,True,SOLVED,-161.0,0,1,0.6707750611344583,"[np.int64(0), np.int64(2), np.int64(3), np.int64(5), np.int64(6), np.int64(7), np.int64(8), np.int64(1)]",27.893514112327594,"(np.int64(2), np.int64(3))",0-2:24.71;2-3:27.89;3-5:27.87;5-6:27.66;6-7:26.68;7-8:26.91;8-1:27.39
3,"N=9, d=192m (margin 0.57m), Fail 5@t=10",2053,192,5,0,True,SOLVED,-164.0,0,1,0.4505991601924601,"[np.int64(0), np.int64(2), np.int64(3), np.int64(4), np.int64(5), np.int64(6), np.int64(7), np.int64(8), np.int64(1)]",24.02169046740411,"(np.int64(7), np.int64(8))",0-2:24.00;2-3:24.00;3-4:24.00;4-5:24.00;5-6:24.00;6-7:24.00;7-8:24.02;8-1:23.97
3,"N=9, d=192m (margin 0.57m), Fail 5@t=10",2053,192,5,1,True,SOLVED,-164.0,0,1,0.7543639618724508,"[np.int64(0), np.int64(2), np.int64(3), np.int64(4), np.int64(5), np.int64(6), np.int64(7), np.int64(8), np.int64(1)]",24.025770607742622,"(np.int64(5), np.int64(6))",0-2:24.00;2-3:24.00;3-4:24.00;4-5:24.00;5-6:24.03;6-7:24.02;7-8:23.97;8-1:23.98
3,"N=9, d=192m (margin 0.57m), Fail 5@t=10",2053,192,5,2,True,SOLVED,-164.0,0,1,0.6168170974034431,"[np.int64(0), np.int64(2), np.int64(3), np.int64(4), np.int64(5), np.int64(6), np.int64(7), np.int64(8), np.int64(1)]",24.063210258999398,"(np.int64(4), np.int64(5))",0-2:24.00;2-3:24.00;3-4:23.98;4-5:24.06;5-6:24.02;6-7:24.00;7-8:23.94;8-1:24.00
3,"N=9, d=192m (margin 0.57m), Fail 5@t=10",2053,192,5,3,True,SOLVED,-164.0,0,1,0.3832338952253352,"[np.int64(0), np.int64(2), np.int64(3), np.int64(4), np.int64(5), np.int64(6), np.int64(7), np.int64(8), np.int64(1)]",24.046198728529887,"(np.int64(4), np.int64(5))",0-2:24.00;2-3:23.98;3-4:24.03;4-5:24.05;5-6:24.03;6-7:23.96;7-8:23.96;8-1:24.00
3,"N=9, d=192m (margin 0.57m), Fail 5@t=10",2053,192,5,4,True,SOLVED,-164.0,0,1,0.6427111039624426,"[np.int64(0), np.int64(2), np.int64(3), np.int64(4), np.int64(5), np.int64(6), np.int64(7), np.int64(8), np.int64(1)]",24.050268104488783,"(np.int64(5), np.int64(6))",0-2:23.98;2-3:24.01;3-4:24.04;4-5:24.01;5-6:24.05;6-7:23.94;7-8:23.97;8-1:24.00
3,"N=9, d=192m (margin 0.57m), Fail 5@t=10",2053,192,5,5,True,SOLVED,-164.0,0,1,0.5455081146835239,"[np.int64(0), np.int64(2), np.int64(3), np.int64(4), np.int64(5), np.int64(6), np.int64(7), np.int64(8), np.int64(1)]",24.052067269314833,"(np.int64(2), np.int64(3))",0-2:23.99;2-3:24.05;3-4:24.00;4-5:24.02;5-6:24.01;6-7:24.00;7-8:23.95;8-1:23.99
3,"N=9, d=192m (margin 0.57m), Fail 5@t=10",2053,192,5,6,True,SOLVED,-164.0,0,1,0.5309067427936165,"[np.int64(0), np.int64(2), np.int64(3), np.int64(4), np.int64(5), np.int64(6), np.int64(7), np.int64(8), np.int64(1)]",24.026413630704806,"(np.int64(2), np.int64(3))",0-2:24.02;2-3:24.03;3-4:24.00;4-5:24.00;5-6:24.00;6-7:24.02;7-8:23.97;8-1:23.96
3,"N=9, d=192m (margin 0.57m), Fail 5@t=10",2053,192,5,7,True,SOLVED,-164.0,0,1,0.6348916513260092,"[np.int64(0), np.int64(2), np.int64(3), np.int64(4), np.int64(5), np.int64(6), np.int64(7), np.int64(8), np.int64(1)]",24.04395576183114,"(np.int64(0), np.int64(2))",0-2:24.04;2-3:24.00;3-4:24.01;4-5:23.99;5-6:24.01;6-7:24.00;7-8:24.02;8-1:23.92
3,"N=9, d=192m (margin 0.57m), Fail 5@t=10",2053,192,5,8,True,SOLVED,-164.0,0,1,0.6982872603591435,"[np.int64(0), np.int64(2), np.int64(3), np.int64(4), np.int64(5), np.int64(6), np.int64(7), np.int64(8), np.int64(1)]",24.04828968873918,"(np.int64(0), np.int64(2))",0-2:24.05;2-3:23.98;3-4:24.01;4-5:24.02;5-6:24.00;6-7:23.99;7-8:24.02;8-1:23.93
3,"N=9, d=192m (margin 0.57m), Fail 5@t=10",2053,192,5,9,True,SOLVED,-164.0,0,1,0.4505028392231309,"[np.int64(0), np.int64(2), np.int64(3), np.int64(4), np.int64(5), np.int64(6), np.int64(7), np.int64(8), np.int64(1)]",24.029439175308536,"(np.int64(0), np.int64(2))",0-2:24.03;2-3:24.00;3-4:24.01;4-5:24.02;5-6:23.99;6-7:24.02;7-8:23.97;8-1:23.96
3,"N=9, d=192m (margin 0.57m), Fail 5@t=10",2053,192,5,10,False,DISCONNECTED_BYPASS,-164.0,0,1,0.611184566405173,"[np.int64(0), np.int64(2), np.int64(3), np.int64(4), np.int64(6), np.int64(7), np.int64(8), np.int64(1)]",47.95807903786697,"(np.int64(4), np.int64(6))",0-2:24.00;2-3:24.06;3-4:24.00;4-6:47.96;6-7:24.06;7-8:23.96;8-1:23.97
3,"N=9, d=192m (margin 0.57m), Fail 5@t=10",2053,192,5,11,False,DISCONNECTED_BYPASS,-164.0,0,1,0.7080559579192601,"[np.int64(0), np.int64(2), np.int64(3), np.int64(4), np.int64(6), np.int64(7), np.int64(8), np.int64(1)]",47.833784140614824,"(np.int64(4), np.int64(6))",0-2:24.01;2-3:24.04;3-4:24.06;4-6:47.83;6-7:24.10;7-8:23.98;8-1:23.98
3,"N=9, d=192m (margin 0.57m), Fail 5@t=10",2053,192,5,12,False,DISCONNECTED_BYPASS,-164.0,0,1,0.933276996362845,"[np.int64(0), np.int64(2), np.int64(3), np.int64(4), np.int64(6), np.int64(7), np.int64(8), np.int64(1)]",47.664617457158755,"(np.int64(4), np.int64(6))",0-2:24.05;2-3:24.02;3-4:24.12;4-6:47.66;6-7:24.15;7-8:24.02;8-1:23.98
3,"N=9, d=192m (margin 0.57m), Fail 5@t=10",2053,192,5,13,False,DISCONNECTED_BYPASS,-164.0,0,1,1.1303418839396238,"[np.int64(0), np.int64(2), np.int64(3), np.int64(4), np.int64(6), np.int64(7), np.int64(8), np.int64(1)]",47.46052215778178,"(np.int64(4), np.int64(6))",0-2:24.08;2-3:24.04;3-4:24.16;4-6:47.46;6-7:24.20;7-8:24.07;8-1:23.98
3,"N=9, d=192m (margin 0.57m), Fail 5@t=10",2053,192,5,14,False,DISCONNECTED_BYPASS,-164.0,0,1,1.2567877769348001,"[np.int64(0), np.int64(2), np.int64(3), np.int64(4), np.int64(6), np.int64(7), np.int64(8), np.int64(1)]",47.231683189640755,"(np.int64(4), np.int64(6))",0-2:24.11;2-3:24.08;3-4:24.20;4-6:47.23;6-7:24.24;7-8:24.13;8-1:24.02
3,"N=9, d=192m (margin 0.57m), Fail 5@t=10",2053,192,5,15,False,DISCONNECTED_BYPASS,-164.0,0,1,1.3632365128711956,"[np.int64(0), np.int64(2), np.int64(3), np.int64(4), np.int64(6), np.int64(7), np.int64(8), np.int64(1)]",46.98305597115475,"(np.int64(4), np.int64(6))",0-2:24.13;2-3:24.13;3-4:24.24;4-6:46.98;6-7:24.27;7-8:24.17;8-1:24.07
3,"N=9, d=192m (margin 0.57m), Fail 5@t=10",2053,192,5,16,False,DISCONNECTED_BYPASS,-164.0,0,1,1.4559110111642362,"[np.int64(0), np.int64(2), np.int64(3), np.int64(4), np.int64(6), np.int64(7), np.int64(8), np.int64(1)]",46.71883315201438,"(np.int64(4), np.int64(6))",0-2:24.17;2-3:24.17;3-4:24.28;4-6:46.72;6-7:24.33;7-8:24.21;8-1:24.12
3,"N=9, d=192m (margin 0.57m), Fail 5@t=10",2053,192,5,17,False,DISCONNECTED_BYPASS,-164.0,0,1,1.547431795933961,"[np.int64(0), np.int64(2), np.int64(3), np.int64(4), np.int64(6), np.int64(7), np.int64(8), np.int64(1)]",46.43941657269304,"(np.int64(4), np.int64(6))",0-2:24.23;2-3:24.22;3-4:24.30;4-6:46.44;6-7:24.39;7-8:24.24;8-1:24.19
3,"N=9, d=192m (margin 0.57m), Fail 5@t=10",2053,192,5,18,False,DISCONNECTED_BYPASS,-164.0,0,1,1.5923534915222937,"[np.int64(0), np.int64(2), np.int64(3), np.int64(4), np.int64(6), np.int64(7), np.int64(8), np.int64(1)]",46.15040519219139,"(np.int64(4), np.int64(6))",0-2:24.29;2-3:24.26;3-4:24.33;4-6:46.15;6-7:24.42;7-8:24.28;8-1:24.27
3,"N=9, d=192m (margin 0.57m), Fail 5@t=10",2053,192,5,19,False,DISCONNECTED_BYPASS,-164.0,0,1,1.6417400007170462,"[np.int64(0), np.int64(2), np.int64(3), np.int64(4), np.int64(6), np.int64(7), np.int64(8), np.int64(1)]",45.852135268803636,"(np.int64(4), np.int64(6))",0-2:24.37;2-3:24.30;3-4:24.35;4-6:45.85;6-7:24.47;7-8:24.33;8-1:24.34
3,"N=9, d=192m (margin 0.57m), Fail 5@t=10",2053,192,5,20,False,DISCONNECTED_BYPASS,-164.0,0,1,1.7017902476674467,"[np.int64(0), np.int64(2), np.int64(3), np.int64(4), np.int64(6), np.int64(7), np.int64(8), np.int64(1)]",45.54347948124154,"(np.int64(4), np.int64(6))",0-2:24.43;2-3:24.36;3-4:24.37;4-6:45.54;6-7:24.52;7-8:24.39;8-1:24.40
3,"N=9, d=192m (margin 0.57m), Fail 5@t=10",2053,192,5,21,False,DISCONNECTED_BYPASS,-164.0,0,1,1.7720753653670573,"[np.int64(0), np.int64(2), np.int64(3), np.int64(4), np.int64(6), np.int64(7), np.int64(8), np.int64(1)]",45.223146075536654,"(np.int64(4), np.int64(6))",0-2:24.46;2-3:24.43;3-4:24.41;4-6:45.22;6-7:24.58;7-8:24.46;8-1:24.44
3,"N=9, d=192m (margin 0.57m), Fail 5@t=10",2053,192,5,22,False,DISCONNECTED_BYPASS,-164.0,0,1,1.8309660845677063,"[np.int64(0), np.int64(2), np.int64(3), np.int64(4), np.int64(6), np.int64(7), np.int64(8), np.int64(1)]",44.89248100920135,"(np.int64(4), np.int64(6))",0-2:24.48;2-3:24.48;3-4:24.48;4-6:44.89;6-7:24.63;7-8:24.56;8-1:24.47
3,"N=9, d=192m (margin 0.57m), Fail 5@t=10",2053,192,5,23,False,DISCONNECTED_BYPASS,-164.0,0,1,1.8626839926483103,"[np.int64(0), np.int64(2), np.int64(3), np.int64(4), np.int64(6), np.int64(7), np.int64(8), np.int64(1)]",44.55449845868574,"(np.int64(4), np.int64(6))",0-2:24.54;2-3:24.48;3-4:24.58;4-6:44.55;6-7:24.70;7-8:24.64;8-1:24.51
3,"N=9, d=192m (margin 0.57m), Fail 5@t=10",2053,192,5,24,False,DISCONNECTED_BYPASS,-164.0,0,1,1.8892353328388125,"[np.int64(0), np.int64(2), np.int64(3), np.int64(4), np.int64(6), np.int64(7), np.int64(8), np.int64(1)]",44.210218549596235,"(np.int64(4), np.int64(6))",0-2:24.58;2-3:24.52;3-4:24.66;4-6:44.21;6-7:24.79;7-8:24.71;8-1:24.54
3,"N=9, d=192m (margin 0.57m), Fail 5@t=10",2053,192,5,25,False,DISCONNECTED_BYPASS,-164.0,0,1,1.8932668506967165,"[np.int64(0), np.int64(2), np.int64(3), np.int64(4), np.int64(6), np.int64(7), np.int64(8), np.int64(1)]",43.85904747259153,"(np.int64(4), np.int64(6))",0-2:24.58;2-3:24.60;3-4:24.73;4-6:43.86;6-7:24.89;7-8:24.77;8-1:24.57
3,"N=9, d=192m (margin 0.57m), Fail 5@t=10",2053,192,5,26,False,DISCONNECTED_BYPASS,-164.0,0,1,1.8972983702230193,"[np.int64(0), np.int64(2), np.int64(3), np.int64(4), np.int64(6), np.int64(7), np.int64(8), np.int64(1)]",43.50274048599087,"(np.int64(4), np.int64(6))",0-2:24.63;2-3:24.66;3-4:24.80;4-6:43.50;6-7:24.98;7-8:24.83;8-1:24.61
3,"N=9, d=192m (margin 0.57m), Fail 5@t=10",2053,192,5,27,False,DISCONNECTED_BYPASS,-164.0,0,1,1.9013298914071082,"[np.int64(0), np.int64(2), np.int64(3), np.int64(4), np.int64(6), np.int64(7), np.int64(8), np.int64(1)]",43.14346715845513,"(np.int64(4), np.int64(6))",0-2:24.68;2-3:24.71;3-4:24.86;4-6:43.14;6-7:25.05;7-8:24.87;8-1:24.69
3,"N=9, d=192m (margin 0.57m), Fail 5@t=10",2053,192,5,28,False,DISCONNECTED_BYPASS,-164.0,0,1,1.9178498973021318,"[np.int64(0), np.int64(2), np.int64(3), np.int64(4), np.int64(6), np.int64(7), np.int64(8), np.int64(1)]",42.78163596420644,"(np.int64(4), np.int64(6))",0-2:24.75;2-3:24.76;3-4:24.91;4-6:42.78;6-7:25.12;7-8:24.90;8-1:24.79
3,"N=9, d=192m (margin 0.57m), Fail 5@t=10",2053,192,5,29,False,DISCONNECTED_BYPASS,-164.0,0,1,1.9348352692908164,"[np.int64(0), np.int64(2), np.int64(3), np.int64(4), np.int64(6), np.int64(7), np.int64(8), np.int64(1)]",42.417669896217134,"(np.int64(4), np.int64(6))",0-2:24.83;2-3:24.81;3-4:24.96;4-6:42.42;6-7:25.19;7-8:24.92;8-1:24.89
3,"N=9, d=192m (margin 0.57m), Fail 5@t=10",2053,192,5,30,False,DISCONNECTED_BYPASS,-164.0,0,1,1.9479536106889994,"[np.int64(0), np.int64(2), np.int64(3), np.int64(4), np.int64(6), np.int64(7), np.int64(8), np.int64(1)]",42.05223770042893,"(np.int64(4), np.int64(6))",0-2:24.90;2-3:24.86;3-4:25.01;4-6:42.05;6-7:25.27;7-8:24.95;8-1:24.97
3,"N=9, d=192m (margin 0.57m), Fail 5@t=10",2053,192,5,31,False,DISCONNECTED_BYPASS,-164.0,0,1,1.9646427237737325,"[np.int64(0), np.int64(2), np.int64(3), np.int64(4), np.int64(6), np.int64(7), np.int64(8), np.int64(1)]",41.68524466288356,"(np.int64(4), np.int64(6))",0-2:24.95;2-3:24.93;3-4:25.05;4-6:41.69;6-7:25.34;7-8:25.01;8-1:25.03
3,"N=9, d=192m (margin 0.57m), Fail 5@t=10",2053,192,5,32,False,DISCONNECTED_BYPASS,-164.0,0,1,1.9758569347196464,"[np.int64(0), np.int64(2), np.int64(3), np.int64(4), np.int64(6), np.int64(7), np.int64(8), np.int64(1)]",41.317514611208075,"(np.int64(4), np.int64(6))",0-2:24.99;2-3:25.03;3-4:25.09;4-6:41.32;6-7:25.41;7-8:25.09;8-1:25.09
3,"N=9, d=192m (margin 0.57m), Fail 5@t=10",2053,192,5,33,False,DISCONNECTED_BYPASS,-164.0,0,1,1.9823644926602564,"[np.int64(0), np.int64(2), np.int64(3), np.int64(4), np.int64(6), np.int64(7), np.int64(8), np.int64(1)]",40.94953728009553,"(np.int64(4), np.int64(6))",0-2:25.05;2-3:25.10;3-4:25.13;4-6:40.95;6-7:25.46;7-8:25.20;8-1:25.12
3,"N=9, d=192m (margin 0.57m), Fail 5@t=10",2053,192,5,34,False,DISCONNECTED_BYPASS,-164.0,0,1,1.9863940217763567,"[np.int64(0), np.int64(2), np.int64(3), np.int64(4), np.int64(6), np.int64(7), np.int64(8), np.int64(1)]",40.581570368434264,"(np.int64(4), np.int64(6))",0-2:25.13;2-3:25.14;3-4:25.18;4-6:40.58;6-7:25.52;7-8:25.31;8-1:25.15
3,"N=9, d=192m (margin 0.57m), Fail 5@t=10",2053,192,5,35,False,DISCONNECTED_BYPASS,-164.0,0,1,1.990423560537033,"[np.int64(0), np.int64(2), np.int64(3), np.int64(4), np.int64(6), np.int64(7), np.int64(8), np.int64(1)]",40.213614162247815,"(np.int64(4), np.int64(6))",0-2:25.20;2-3:25.17;3-4:25.24;4-6:40.21;6-7:25.59;7-8:25.41;8-1:25.18
3,"N=9, d=192m (margin 0.57m), Fail 5@t=10",2053,192,5,36,False,DISCONNECTED_BYPASS,-164.0,0,1,1.9944531088838287,"[np.int64(0), np.int64(2), np.int64(3), np.int64(4), np.int64(6), np.int64(7), np.int64(8), np.int64(1)]",39.84532832110074,"(np.int64(4), np.int64(6))",0-2:25.27;2-3:25.22;3-4:25.29;4-6:39.85;6-7:25.68;7-8:25.49;8-1:25.21
3,"N=9, d=192m (margin 0.57m), Fail 5@t=10",2053,192,5,37,False,DISCONNECTED_BYPASS,-164.0,0,1,1.998482666758758,"[np.int64(0), np.int64(2), np.int64(3), np.int64(4), np.int64(6), np.int64(7), np.int64(8), np.int64(1)]",39.47612497413344,"(np.int64(4), np.int64(6))",0-2:25.31;2-3:25.30;3-4:25.34;4-6:39.48;6-7:25.76;7-8:25.55;8-1:25.27
3,"N=9, d=192m (margin 0.57m), Fail 5@t=10",2053,192,5,38,False,DISCONNECTED_BYPASS,-164.0,0,1,2.002512234104302,"[np.int64(0), np.int64(2), np.int64(3), np.int64(4), np.int64(6), np.int64(7), np.int64(8), np.int64(1)]",39.10566216978003,"(np.int64(4), np.int64(6))",0-2:25.33;2-3:25.40;3-4:25.39;4-6:39.11;6-7:25.84;7-8:25.59;8-1:25.35
3,"N=9, d=192m (margin 0.57m), Fail 5@t=10",2053,192,5,39,False,DISCONNECTED_BYPASS,-164.0,0,1,2.006541810863404,"[np.int64(0), np.int64(2), np.int64(3), np.int64(4), np.int64(6), np.int64(7), np.int64(8), np.int64(1)]",38.73407813784767,"(np.int64(4), np.int64(6))",0-2:25.38;2-3:25.45;3-4:25.47;4-6:38.73;6-7:25.90;7-8:25.63;8-1:25.45
3,"N=9, d=192m (margin 0.57m), Fail 5@t=10",2053,192,5,40,False,DISCONNECTED_BYPASS,-164.0,0,1,2.010571396979463,"[np.int64(0), np.int64(2), np.int64(3), np.int64(4), np.int64(6), np.int64(7), np.int64(8), np.int64(1)]",38.36157404936751,"(np.int64(4), np.int64(6))",0-2:25.45;2-3:25.46;3-4:25.56;4-6:38.36;6-7:25.98;7-8:25.65;8-1:25.55
3,"N=9, d=192m (margin 0.57m), Fail 5@t=10",2053,192,5,41,False,DISCONNECTED_BYPASS,-164.0,0,1,2.0146009923963333,"[np.int64(0), np.int64(2), np.int64(3), np.int64(4), np.int64(6), np.int64(7), np.int64(8), np.int64(1)]",37.98821705112352,"(np.int64(4), np.int64(6))",0-2:25.52;2-3:25.48;3-4:25.64;4-6:37.99;6-7:26.07;7-8:25.67;8-1:25.64
3,"N=9, d=192m (margin 0.57m), Fail 5@t=10",2053,192,5,42,False,DISCONNECTED_BYPASS,-164.0,0,1,2.0186305970583147,"[np.int64(0), np.int64(2), np.int64(3), np.int64(4), np.int64(6), np.int64(7), np.int64(8), np.int64(1)]",37.61323211270246,"(np.int64(4), np.int64(6))",0-2:25.58;2-3:25.52;3-4:25.71;4-6:37.61;6-7:26.15;7-8:25.71;8-1:25.72
3,"N=9, d=192m (margin 0.57m), Fail 5@t=10",2053,192,5,43,False,DISCONNECTED_BYPASS,-164.0,0,1,2.022660210910153,"[np.int64(0), np.int64(2), np.int64(3), np.int64(4), np.int64(6), np.int64(7), np.int64(8), np.int64(1)]",37.236774235044486,"(np.int64(4), np.int64(6))",0-2:25.61;2-3:25.60;3-4:25.78;4-6:37.24;6-7:26.24;7-8:25.76;8-1:25.79
3,"N=9, d=192m (margin 0.57m), Fail 5@t=10",2053,192,5,44,False,DISCONNECTED_BYPASS,-164.0,0,1,2.026689833897032,"[np.int64(0), np.int64(2), np.int64(3), np.int64(4), np.int64(6), np.int64(7), np.int64(8), np.int64(1)]",36.85894312179513,"(np.int64(4), np.int64(6))",0-2:25.61;2-3:25.71;3-4:25.84;4-6:36.86;6-7:26.31;7-8:25.84;8-1:25.83
3,"N=9, d=192m (margin 0.57m), Fail 5@t=10",2053,192,5,45,False,DISCONNECTED_BYPASS,-164.0,0,1,2.0307194659645713,"[np.int64(0), np.int64(2), np.int64(3), np.int64(4), np.int64(6), np.int64(7), np.int64(8), np.int64(1)]",36.48004510954715,"(np.int64(4), np.int64(6))",0-2:25.65;2-3:25.79;3-4:25.90;4-6:36.48;6-7:26.38;7-8:25.95;8-1:25.86
3,"N=9, d=192m (margin 0.57m), Fail 5@t=10",2053,192,5,46,False,DISCONNECTED_BYPASS,-164.0,0,1,2.0347491070588193,"[np.int64(0), np.int64(2), np.int64(3), np.int64(4), np.int64(6), np.int64(7), np.int64(8), np.int64(1)]",36.10065497421367,"(np.int64(4), np.int64(6))",0-2:25.71;2-3:25.84;3-4:25.97;4-6:36.10;6-7:26.45;7-8:26.05;8-1:25.88
3,"N=9, d=192m (margin 0.57m), Fail 5@t=10",2053,192,5,47,False,DISCONNECTED_BYPASS,-164.0,0,1,2.038778757126254,"[np.int64(0), np.int64(2), np.int64(3), np.int64(4), np.int64(6), np.int64(7), np.int64(8), np.int64(1)]",35.720777729630235,"(np.int64(4), np.int64(6))",0-2:25.78;2-3:25.87;3-4:26.04;4-6:35.72;6-7:26.53;7-8:26.16;8-1:25.91
3,"N=9, d=192m (margin 0.57m), Fail 5@t=10",2053,192,5,48,False,DISCONNECTED_BYPASS,-164.0,0,1,2.0428084161137727,"[np.int64(0), np.int64(2), np.int64(3), np.int64(4), np.int64(6), np.int64(7), np.int64(8), np.int64(1)]",35.34001666807307,"(np.int64(4), np.int64(6))",0-2:25.85;2-3:25.90;3-4:26.12;4-6:35.34;6-7:26.61;7-8:26.24;8-1:25.95
3,"N=9, d=192m (margin 0.57m), Fail 5@t=10",2053,192,5,49,False,DISCONNECTED_BYPASS,-164.0,0,1,2.046838083968692,"[np.int64(0), np.int64(2), np.int64(3), np.int64(4), np.int64(6), np.int64(7), np.int64(8), np.int64(1)]",34.958126073839075,"(np.int64(4), np.int64(6))",0-2:25.92;2-3:25.94;3-4:26.19;4-6:34.96;6-7:26.68;7-8:26.30;8-1:26.02
3,"N=9, d=192m (margin 0.57m), Fail 5@t=10",2053,192,5,50,False,DISCONNECTED_BYPASS,-164.0,0,1,2.0508677606387424,"[np.int64(0), np.int64(2), np.int64(3), np.int64(4), np.int64(6), np.int64(7), np.int64(8), np.int64(1)]",34.57530426247975,"(np.int64(4), np.int64(6))",0-2:25.99;2-3:25.99;3-4:26.25;4-6:34.58;6-7:26.74;7-8:26.36;8-1:26.12
3,"N=9, d=192m (margin 0.57m), Fail 5@t=10",2053,192,5,51,False,DISCONNECTED_BYPASS,-164.0,0,1,2.054897446072064,"[np.int64(0), np.int64(2), np.int64(3), np.int64(4), np.int64(6), np.int64(7), np.int64(8), np.int64(1)]",34.191697873202074,"(np.int64(4), np.int64(6))",0-2:26.05;2-3:26.04;3-4:26.31;4-6:34.19;6-7:26.79;7-8:26.40;8-1:26.22
3,"N=9, d=192m (margin 0.57m), Fail 5@t=10",2053,192,5,52,False,DISCONNECTED_BYPASS,-164.0,0,1,2.052781152241739,"[np.int64(0), np.int64(2), np.int64(3), np.int64(4), np.int64(6), np.int64(7), np.int64(8), np.int64(1)]",33.80793557316376,"(np.int64(4), np.int64(6))",0-2:26.12;2-3:26.10;3-4:26.36;4-6:33.81;6-7:26.85;7-8:26.44;8-1:26.33
3,"N=9, d=192m (margin 0.57m), Fail 5@t=10",2053,192,5,53,False,DISCONNECTED_BYPASS,-164.0,0,1,2.0511265240604675,"[np.int64(0), np.int64(2), np.int64(3), np.int64(4), np.int64(6), np.int64(7), np.int64(8), np.int64(1)]",33.4240847656846,"(np.int64(4), np.int64(6))",0-2:26.17;2-3:26.17;3-4:26.42;4-6:33.42;6-7:26.92;7-8:26.49;8-1:26.42
3,"N=9, d=192m (margin 0.57m), Fail 5@t=10",2053,192,5,54,False,DISCONNECTED_BYPASS,-164.0,0,1,2.055154713646348,"[np.int64(0), np.int64(2), np.int64(3), np.int64(4), np.int64(6), np.int64(7), np.int64(8), np.int64(1)]",33.039717451935275,"(np.int64(4), np.int64(6))",0-2:26.22;2-3:26.25;3-4:26.47;4-6:33.04;6-7:27.00;7-8:26.53;8-1:26.50
3,"N=9, d=192m (margin 0.57m), Fail 5@t=10",2053,192,5,55,False,DISCONNECTED_BYPASS,-164.0,0,1,2.0591829177964276,"[np.int64(0), np.int64(2), np.int64(3), np.int64(4), np.int64(6), np.int64(7), np.int64(8), np.int64(1)]",32.65490215842538,"(np.int64(4), np.int64(6))",0-2:26.26;2-3:26.34;3-4:26.52;4-6:32.65;6-7:27.08;7-8:26.58;8-1:26.58
3,"N=9, d=192m (margin 0.57m), Fail 5@t=10",2053,192,5,56,False,DISCONNECTED_BYPASS,-164.0,0,1,2.0632111364254007,"[np.int64(0), np.int64(2), np.int64(3), np.int64(4), np.int64(6), np.int64(7), np.int64(8), np.int64(1)]",32.26971387831738,"(np.int64(4), np.int64(6))",0-2:26.32;2-3:26.41;3-4:26.57;4-6:32.27;6-7:27.15;7-8:26.65;8-1:26.64
3,"N=9, d=192m (margin 0.57m), Fail 5@t=10",2053,192,5,57,False,DISCONNECTED_BYPASS,-164.0,0,1,2.0672393694486266,"[np.int64(0), np.int64(2), np.int64(3), np.int64(4), np.int64(6), np.int64(7), np.int64(8), np.int64(1)]",31.88416132750374,"(np.int64(4), np.int64(6))",0-2:26.38;2-3:26.48;3-4:26.61;4-6:31.88;6-7:27.23;7-8:26.72;8-1:26.70
3,"N=9, d=192m (margin 0.57m), Fail 5@t=10",2053,192,5,58,False,DISCONNECTED_BYPASS,-164.0,0,1,2.0712676167821233,"[np.int64(0), np.int64(2), np.int64(3), np.int64(4), np.int64(6), np.int64(7), np.int64(8), np.int64(1)]",31.49807593790662,"(np.int64(4), np.int64(6))",0-2:26.45;2-3:26.54;3-4:26.67;4-6:31.50;6-7:27.30;7-8:26.80;8-1:26.75
3,"N=9, d=192m (margin 0.57m), Fail 5@t=10",2053,192,5,59,False,DISCONNECTED_BYPASS,-164.0,0,1,2.0752958783425592,"[np.int64(0), np.int64(2), np.int64(3), np.int64(4), np.int64(6), np.int64(7), np.int64(8), np.int64(1)]",31.111099849164628,"(np.int64(4), np.int64(6))",0-2:26.52;2-3:26.58;3-4:26.73;4-6:31.11;6-7:27.38;7-8:26.90;8-1:26.78
3,"N=9, d=192m (margin 0.57m), Fail 5@t=10",2053,192,5,60,False,DISCONNECTED_BYPASS,-164.0,0,1,2.0793241540472502,"[np.int64(0), np.int64(2), np.int64(3), np.int64(4), np.int64(6), np.int64(7), np.int64(8), np.int64(1)]",30.722711165689873,"(np.int64(4), np.int64(6))",0-2:26.60;2-3:26.61;3-4:26.81;4-6:30.72;6-7:27.46;7-8:26.99;8-1:26.82
3,"N=9, d=192m (margin 0.57m), Fail 5@t=10",2053,192,5,61,False,DISCONNECTED_BYPASS,-164.0,0,1,2.083352443814149,"[np.int64(0), np.int64(2), np.int64(3), np.int64(4), np.int64(6), np.int64(7), np.int64(8), np.int64(1)]",30.33227792028226,"(np.int64(4), np.int64(6))",0-2:26.67;2-3:26.64;3-4:26.89;4-6:30.33;6-7:27.54;7-8:27.06;8-1:26.88
3,"N=9, d=192m (margin 0.57m), Fail 5@t=10",2053,192,5,62,False,DISCONNECTED_BYPASS,-164.0,0,1,2.0873807475618436,"[np.int64(0), np.int64(2), np.int64(3), np.int64(4), np.int64(6), np.int64(7), np.int64(8), np.int64(1)]",29.939582084847498,"(np.int64(4), np.int64(6))",0-2:26.73;2-3:26.69;3-4:26.96;4-6:29.94;6-7:27.62;7-8:27.11;8-1:26.96
3,"N=9, d=192m (margin 0.57m), Fail 5@t=10",2053,192,5,63,False,DISCONNECTED_BYPASS,-164.0,0,1,2.0875929070328665,"[np.int64(0), np.int64(2), np.int64(3), np.int64(4), np.int64(6), np.int64(7), np.int64(8), np.int64(1)]",29.545543251807636,"(np.int64(4), np.int64(6))",0-2:26.78;2-3:26.76;3-4:27.03;4-6:29.55;6-7:27.68;7-8:27.16;8-1:27.05
3,"N=9, d=192m (margin 0.57m), Fail 5@t=10",2053,192,5,64,False,DISCONNECTED_BYPASS,-164.0,0,1,2.071117065778295,"[np.int64(0), np.int64(2), np.int64(3), np.int64(4), np.int64(6), np.int64(7), np.int64(8), np.int64(1)]",29.15215263062062,"(np.int64(4), np.int64(6))",0-2:26.80;2-3:26.86;3-4:27.10;4-6:29.15;6-7:27.74;7-8:27.23;8-1:27.14
3,"N=9, d=192m (margin 0.57m), Fail 5@t=10",2053,192,5,65,False,DISCONNECTED_BYPASS,-164.0,0,1,2.048570674322357,"[np.int64(0), np.int64(2), np.int64(3), np.int64(4), np.int64(6), np.int64(7), np.int64(8), np.int64(1)]",28.760522991918144,"(np.int64(4), np.int64(6))",0-2:26.80;2-3:26.97;3-4:27.17;4-6:28.76;6-7:27.80;7-8:27.30;8-1:27.22
3,"N=9, d=192m (margin 0.57m), Fail 5@t=10",2053,192,5,66,False,DISCONNECTED_BYPASS,-164.0,0,1,2.0285484301032373,"[np.int64(0), np.int64(2), np.int64(3), np.int64(4), np.int64(6), np.int64(7), np.int64(8), np.int64(1)]",28.37125130331227,"(np.int64(4), np.int64(6))",0-2:26.83;2-3:27.06;3-4:27.25;4-6:28.37;6-7:27.86;7-8:27.36;8-1:27.30
3,"N=9, d=192m (margin 0.57m), Fail 5@t=10",2053,192,5,67,True,DISCONNECTED_BYPASS,-164.0,0,1,2.016708887759555,"[np.int64(0), np.int64(2), np.int64(3), np.int64(4), np.int64(6), np.int64(7), np.int64(8), np.int64(1)]",27.983598003494027,"(np.int64(4), np.int64(6))",0-2:26.87;2-3:27.12;3-4:27.32;4-6:27.98;6-7:27.92;7-8:27.39;8-1:27.39
3,"N=9, d=192m (margin 0.57m), Fail 5@t=10",2053,192,5,68,True,SOLVED,-164.0,0,1,1.939003444949247,"[np.int64(0), np.int64(2), np.int64(3), np.int64(4), np.int64(6), np.int64(7), np.int64(8), np.int64(1)]",27.97325402608152,"(np.int64(6), np.int64(7))",0-2:26.93;2-3:27.17;3-4:27.40;4-6:27.61;6-7:27.97;7-8:27.44;8-1:27.49
3,"N=9, d=192m (margin 0.57m), Fail 5@t=10",2053,192,5,69,False,SOLVED,-164.0,0,1,1.8486486895171552,"[np.int64(0), np.int64(2), np.int64(3), np.int64(4), np.int64(6), np.int64(7), np.int64(8), np.int64(1)]",28.008675774498013,"(np.int64(6), np.int64(7))",0-2:26.99;2-3:27.22;3-4:27.47;4-6:27.24;6-7:28.01;7-8:27.50;8-1:27.58
3,"N=9, d=192m (margin 0.57m), Fail 5@t=10",2053,192,5,70,True,DISCONNECTED_BYPASS,-164.0,0,1,1.6970676167822978,"[np.int64(0), np.int64(2), np.int64(3), np.int64(4), np.int64(6), np.int64(7), np.int64(8), np.int64(1)]",27.995645309961485,"(np.int64(6), np.int64(7))",0-2:27.06;2-3:27.27;3-4:27.53;4-6:26.93;6-7:28.00;7-8:27.57;8-1:27.65
3,"N=9, d=192m (margin 0.57m), Fail 5@t=10",2053,192,5,71,True,SOLVED,-164.0,0,1,1.5859618745528365,"[np.int64(0), np.int64(2), np.int64(3), np.int64(4), np.int64(6), np.int64(7), np.int64(8), np.int64(1)]",27.973137687068064,"(np.int64(6), np.int64(7))",0-2:27.12;2-3:27.32;3-4:27.57;4-6:26.65;6-7:27.97;7-8:27.64;8-1:27.72
3,"N=9, d=192m (margin 0.57m), Fail 5@t=10",2053,192,5,72,True,SOLVED,-164.0,0,1,1.3908520894694516,"[np.int64(0), np.int64(2), np.int64(3), np.int64(4), np.int64(6), np.int64(7), np.int64(8), np.int64(1)]",27.940345431609185,"(np.int64(6), np.int64(7))",0-2:27.19;2-3:27.38;3-4:27.58;4-6:26.42;6-7:27.94;7-8:27.71;8-1:27.79
3,"N=9, d=192m (margin 0.57m), Fail 5@t=10",2053,192,5,73,True,SOLVED,-164.0,0,1,1.2895359571336116,"[np.int64(0), np.int64(2), np.int64(3), np.int64(4), np.int64(6), np.int64(7), np.int64(8), np.int64(1)]",27.88884782492603,"(np.int64(6), np.int64(7))",0-2:27.27;2-3:27.42;3-4:27.57;4-6:26.25;6-7:27.89;7-8:27.77;8-1:27.84
3,"N=9, d=192m (margin 0.57m), Fail 5@t=10",2053,192,5,74,True,SOLVED,-164.0,0,1,1.3266572473929823,"[np.int64(0), np.int64(2), np.int64(3), np.int64(4), np.int64(6), np.int64(7), np.int64(8), np.int64(1)]",27.881674933699674,"(np.int64(8), np.int64(1))",0-2:27.36;2-3:27.47;3-4:27.50;4-6:26.16;6-7:27.82;7-8:27.82;8-1:27.88
3,"N=9, d=192m (margin 0.57m), Fail 5@t=10",2053,192,5,75,True,SOLVED,-164.0,0,1,1.206020923818513,"[np.int64(0), np.int64(2), np.int64(3), np.int64(4), np.int64(6), np.int64(7), np.int64(8), np.int64(1)]",27.917641840582885,"(np.int64(8), np.int64(1))",0-2:27.45;2-3:27.50;3-4:27.40;4-6:26.16;6-7:27.72;7-8:27.86;8-1:27.92
3,"N=9, d=192m (margin 0.57m), Fail 5@t=10",2053,192,5,76,True,SOLVED,-164.0,0,1,1.0065199026988358,"[np.int64(0), np.int64(2), np.int64(3), np.int64(4), np.int64(6), np.int64(7), np.int64(8), np.int64(1)]",27.946482062557205,"(np.int64(8), np.int64(1))",0-2:27.54;2-3:27.51;3-4:27.29;4-6:26.20;6-7:27.63;7-8:27.90;8-1:27.95
3,"N=9, d=192m (margin 0.57m), Fail 5@t=10",2053,192,5,77,True,SOLVED,-164.0,0,1,0.8298944000430768,"[np.int64(0), np.int64(2), np.int64(3), np.int64(4), np.int64(6), np.int64(7), np.int64(8), np.int64(1)]",27.969053173350453,"(np.int64(8), np.int64(1))",0-2:27.62;2-3:27.50;3-4:27.18;4-6:26.27;6-7:27.54;7-8:27.93;8-1:27.97
3,"N=9, d=192m (margin 0.57m), Fail 5@t=10",2053,192,5,78,True,SOLVED,-164.0,0,1,0.7492121839321585,"[np.int64(0), np.int64(2), np.int64(3), np.int64(4), np.int64(6), np.int64(7), np.int64(8), np.int64(1)]",27.98622409445191,"(np.int64(8), np.int64(1))",0-2:27.70;2-3:27.46;3-4:27.08;4-6:26.38;6-7:27.45;7-8:27.95;8-1:27.99
3,"N=9, d=192m (margin 0.57m), Fail 5@t=10",2053,192,5,79,True,SOLVED,-164.0,0,1,0.8603736491982903,"[np.int64(0), np.int64(2), np.int64(3), np.int64(4), np.int64(6), np.int64(7), np.int64(8), np.int64(1)]",27.998860725072795,"(np.int64(8), np.int64(1))",0-2:27.76;2-3:27.40;3-4:27.00;4-6:26.51;6-7:27.37;7-8:27.97;8-1:28.00
3,"N=9, d=192m (margin 0.57m), Fail 5@t=10",2053,192,5,80,False,SOLVED,-164.0,0,1,1.0522730130588984,"[np.int64(0), np.int64(2), np.int64(3), np.int64(4), np.int64(6), np.int64(7), np.int64(8), np.int64(1)]",28.007761437956923,"(np.int64(8), np.int64(1))",0-2:27.81;2-3:27.31;3-4:26.95;4-6:26.67;6-7:27.30;7-8:27.97;8-1:28.01
3,"N=9, d=192m (margin 0.57m), Fail 5@t=10",2053,192,5,81,True,DISCONNECTED_BYPASS,-164.0,0,1,1.161947884653917,"[np.int64(0), np.int64(2), np.int64(3), np.int64(4), np.int64(6), np.int64(7), np.int64(8), np.int64(1)]",27.99235409633193,"(np.int64(7), np.int64(8))",0-2:27.82;2-3:27.21;3-4:26.92;4-6:26.85;6-7:27.23;7-8:27.99;8-1:27.99
3,"N=9, d=192m (margin 0.57m), Fail 5@t=10",2053,192,5,82,True,SOLVED,-164.0,0,1,1.1064862941774278,"[np.int64(0), np.int64(2), np.int64(3), np.int64(4), np.int64(6), np.int64(7), np.int64(8), np.int64(1)]",27.97869590914544,"(np.int64(7), np.int64(8))",0-2:27.80;2-3:27.12;3-4:26.92;4-6:27.03;6-7:27.19;7-8:27.98;8-1:27.97
3,"N=9, d=192m (margin 0.57m), Fail 5@t=10",2053,192,5,83,True,SOLVED,-164.0,0,1,1.2311775892696375,"[np.int64(0), np.int64(2), np.int64(3), np.int64(4), np.int64(6), np.int64(7), np.int64(8), np.int64(1)]",27.96089347478049,"(np.int64(8), np.int64(1))",0-2:27.75;2-3:27.05;3-4:26.96;4-6:27.19;6-7:27.15;7-8:27.95;8-1:27.96
3,"N=9, d=192m (margin 0.57m), Fail 5@t=10",2053,192,5,84,True,SOLVED,-164.0,0,1,1.2840862846001277,"[np.int64(0), np.int64(2), np.int64(3), np.int64(4), np.int64(6), np.int64(7), np.int64(8), np.int64(1)]",27.95612124735389,"(np.int64(8), np.int64(1))",0-2:27.67;2-3:27.00;3-4:27.04;4-6:27.31;6-7:27.13;7-8:27.90;8-1:27.96
3,"N=9, d=192m (margin 0.57m), Fail 5@t=10",2053,192,5,85,True,SOLVED,-164.0,0,1,1.2776804283711174,"[np.int64(0), np.int64(2), np.int64(3), np.int64(4), np.int64(6), np.int64(7), np.int64(8), np.int64(1)]",27.951771184429028,"(np.int64(8), np.int64(1))",0-2:27.57;2-3:26.98;3-4:27.14;4-6:27.38;6-7:27.15;7-8:27.85;8-1:27.95
3,"N=9, d=192m (margin 0.57m), Fail 5@t=10",2053,192,5,86,True,SOLVED,-164.0,0,1,1.220994746524663,"[np.int64(0), np.int64(2), np.int64(3), np.int64(4), np.int64(6), np.int64(7), np.int64(8), np.int64(1)]",27.94784336127852,"(np.int64(8), np.int64(1))",0-2:27.46;2-3:26.97;3-4:27.25;4-6:27.39;6-7:27.19;7-8:27.80;8-1:27.95
3,"N=9, d=192m (margin 0.57m), Fail 5@t=10",2053,192,5,87,True,SOLVED,-164.0,0,1,1.1665934470911061,"[np.int64(0), np.int64(2), np.int64(3), np.int64(4), np.int64(6), np.int64(7), np.int64(8), np.int64(1)]",27.94433784987697,"(np.int64(8), np.int64(1))",0-2:27.34;2-3:27.01;3-4:27.31;4-6:27.42;6-7:27.24;7-8:27.76;8-1:27.94
3,"N=9, d=192m (margin 0.57m), Fail 5@t=10",2053,192,5,88,True,SOLVED,-164.0,0,1,1.1747241438919698,"[np.int64(0), np.int64(2), np.int64(3), np.int64(4), np.int64(6), np.int64(7), np.int64(8), np.int64(1)]",27.941254721615238,"(np.int64(8), np.int64(1))",0-2:27.23;2-3:27.06;3-4:27.34;4-6:27.45;6-7:27.28;7-8:27.71;8-1:27.94
3,"N=9, d=192m (margin 0.57m), Fail 5@t=10",2053,192,5,89,True,SOLVED,-164.0,0,1,1.241447570565074,"[np.int64(0), np.int64(2), np.int64(3), np.int64(4), np.int64(6), np.int64(7), np.int64(8), np.int64(1)]",27.938594045628687,"(np.int64(8), np.int64(1))",0-2:27.11;2-3:27.14;3-4:27.34;4-6:27.50;6-7:27.33;7-8:27.67;8-1:27.94
3,"N=9, d=192m (margin 0.57m), Fail 5@t=10",2053,192,5,90,True,SOLVED,-164.0,0,1,1.2632664912368265,"[np.int64(0), np.int64(2), np.int64(3), np.int64(4), np.int64(6), np.int64(7), np.int64(8), np.int64(1)]",27.93635588960279,"(np.int64(8), np.int64(1))",0-2:27.00;2-3:27.24;3-4:27.33;4-6:27.53;6-7:27.37;7-8:27.62;8-1:27.94
3,"N=9, d=192m (margin 0.57m), Fail 5@t=10",2053,192,5,91,True,SOLVED,-164.0,0,1,1.2159582305918368,"[np.int64(0), np.int64(2), np.int64(3), np.int64(4), np.int64(6), np.int64(7), np.int64(8), np.int64(1)]",27.93454032014214,"(np.int64(8), np.int64(1))",0-2:26.90;2-3:27.32;3-4:27.32;4-6:27.56;6-7:27.42;7-8:27.57;8-1:27.93
3,"N=9, d=192m (margin 0.57m), Fail 5@t=10",2053,192,5,92,True,SOLVED,-164.0,0,1,1.1271521541241116,"[np.int64(0), np.int64(2), np.int64(3), np.int64(4), np.int64(6), np.int64(7), np.int64(8), np.int64(1)]",27.9332986003105,"(np.int64(8), np.int64(1))",0-2:26.81;2-3:27.39;3-4:27.32;4-6:27.59;6-7:27.47;7-8:27.53;8-1:27.93
3,"N=9, d=192m (margin 0.57m), Fail 5@t=10",2053,192,5,93,True,SOLVED,-164.0,0,1,0.9318335580841245,"[np.int64(0), np.int64(2), np.int64(3), np.int64(4), np.int64(6), np.int64(7), np.int64(8), np.int64(1)]",27.93277107819575,"(np.int64(8), np.int64(1))",0-2:26.75;2-3:27.44;3-4:27.31;4-6:27.61;6-7:27.51;7-8:27.48;8-1:27.93
3,"N=9, d=192m (margin 0.57m), Fail 5@t=10",2053,192,5,94,True,SOLVED,-164.0,0,1,0.934805986494188,"[np.int64(0), np.int64(2), np.int64(3), np.int64(4), np.int64(6), np.int64(7), np.int64(8), np.int64(1)]",27.933032261829098,"(np.int64(8), np.int64(1))",0-2:26.69;2-3:27.48;3-4:27.31;4-6:27.64;6-7:27.56;7-8:27.44;8-1:27.93
3,"N=9, d=192m (margin 0.57m), Fail 5@t=10",2053,192,5,95,True,SOLVED,-164.0,0,1,0.9377863283948249,"[np.int64(0), np.int64(2), np.int64(3), np.int64(4), np.int64(6), np.int64(7), np.int64(8), np.int64(1)]",27.934175199957725,"(np.int64(8), np.int64(1))",0-2:26.62;2-3:27.53;3-4:27.30;4-6:27.67;6-7:27.61;7-8:27.39;8-1:27.93
3,"N=9, d=192m (margin 0.57m), Fail 5@t=10",2053,192,5,96,True,SOLVED,-164.0,0,1,0.9407745090255257,"[np.int64(0), np.int64(2), np.int64(3), np.int64(4), np.int64(6), np.int64(7), np.int64(8), np.int64(1)]",27.9363259870516,"(np.int64(8), np.int64(1))",0-2:26.56;2-3:27.57;3-4:27.30;4-6:27.69;6-7:27.65;7-8:27.34;8-1:27.94
3,"N=9, d=192m (margin 0.57m), Fail 5@t=10",2053,192,5,97,True,SOLVED,-164.0,0,1,0.9437689621124673,"[np.int64(0), np.int64(2), np.int64(3), np.int64(4), np.int64(6), np.int64(7), np.int64(8), np.int64(1)]",27.93910208958799,"(np.int64(8), np.int64(1))",0-2:26.50;2-3:27.62;3-4:27.29;4-6:27.72;6-7:27.70;7-8:27.30;8-1:27.94
3,"N=9, d=192m (margin 0.57m), Fail 5@t=10",2053,192,5,98,True,SOLVED,-164.0,0,1,0.946691924530372,"[np.int64(0), np.int64(2), np.int64(3), np.int64(4), np.int64(6), np.int64(7), np.int64(8), np.int64(1)]",27.941525671982244,"(np.int64(8), np.int64(1))",0-2:26.44;2-3:27.66;3-4:27.29;4-6:27.75;6-7:27.75;7-8:27.25;8-1:27.94
3,"N=9, d=192m (margin 0.57m), Fail 5@t=10",2053,192,5,99,True,SOLVED,-164.0,0,1,0.949702925106461,"[np.int64(0), np.int64(2), np.int64(3), np.int64(4), np.int64(6), np.int64(7), np.int64(8), np.int64(1)]",27.93967363514317,"(np.int64(8), np.int64(1))",0-2:26.37;2-3:27.70;3-4:27.28;4-6:27.78;6-7:27.78;7-8:27.21;8-1:27.94
3,"N=9, d=192m (margin 0.57m), Fail 5@t=10",2053,192,5,100,True,SOLVED,-164.0,0,1,0.9087116150183483,"[np.int64(0), np.int64(2), np.int64(3), np.int64(4), np.int64(6), np.int64(7), np.int64(8), np.int64(1)]",27.936724801666955,"(np.int64(8), np.int64(1))",0-2:26.31;2-3:27.74;3-4:27.28;4-6:27.81;6-7:27.81;7-8:27.19;8-1:27.94
3,"N=9, d=192m (margin 0.57m), Fail 5@t=10",2053,192,5,101,True,SOLVED,-164.0,0,1,0.9117752558140206,"[np.int64(0), np.int64(2), np.int64(3), np.int64(4), np.int64(6), np.int64(7), np.int64(8), np.int64(1)]",27.92287754187477,"(np.int64(8), np.int64(1))",0-2:26.25;2-3:27.78;3-4:27.28;4-6:27.83;6-7:27.82;7-8:27.18;8-1:27.92
3,"N=9, d=192m (margin 0.57m), Fail 5@t=10",2053,192,5,102,True,SOLVED,-164.0,0,1,1.101297162795819,"[np.int64(0), np.int64(2), np.int64(3), np.int64(4), np.int64(6), np.int64(7), np.int64(8), np.int64(1)]",27.90897657286218,"(np.int64(8), np.int64(1))",0-2:26.19;2-3:27.82;3-4:27.28;4-6:27.86;6-7:27.84;7-8:27.17;8-1:27.91
3,"N=9, d=192m (margin 0.57m), Fail 5@t=10",2053,192,5,103,True,SOLVED,-164.0,0,1,1.2790827078377447,"[np.int64(0), np.int64(2), np.int64(3), np.int64(4), np.int64(6), np.int64(7), np.int64(8), np.int64(1)]",27.884762214857595,"(np.int64(4), np.int64(6))",0-2:26.13;2-3:27.85;3-4:27.29;4-6:27.88;6-7:27.86;7-8:27.18;8-1:27.88
3,"N=9, d=192m (margin 0.57m), Fail 5@t=10",2053,192,5,104,True,SOLVED,-164.0,0,1,0.9743318401615912,"[np.int64(0), np.int64(2), np.int64(3), np.int64(4), np.int64(6), np.int64(7), np.int64(8), np.int64(1)]",27.90751756488625,"(np.int64(4), np.int64(6))",0-2:26.07;2-3:27.88;3-4:27.30;4-6:27.91;6-7:27.87;7-8:27.19;8-1:27.84
3,"N=9, d=192m (margin 0.57m), Fail 5@t=10",2053,192,5,105,True,SOLVED,-164.0,0,1,1.1718696674602558,"[np.int64(0), np.int64(2), np.int64(3), np.int64(4), np.int64(6), np.int64(7), np.int64(8), np.int64(1)]",27.92759607396505,"(np.int64(4), np.int64(6))",0-2:26.01;2-3:27.90;3-4:27.31;4-6:27.93;6-7:27.89;7-8:27.22;8-1:27.80
3,"N=9, d=192m (margin 0.57m), Fail 5@t=10",2053,192,5,106,True,SOLVED,-164.0,0,1,0.9152442661929314,"[np.int64(0), np.int64(2), np.int64(3), np.int64(4), np.int64(6), np.int64(7), np.int64(8), np.int64(1)]",27.94489870858593,"(np.int64(4), np.int64(6))",0-2:25.96;2-3:27.92;3-4:27.32;4-6:27.94;6-7:27.91;7-8:27.26;8-1:27.75
3,"N=9, d=192m (margin 0.57m), Fail 5@t=10",2053,192,5,107,True,SOLVED,-164.0,0,1,1.0945373409872663,"[np.int64(0), np.int64(2), np.int64(3), np.int64(4), np.int64(6), np.int64(7), np.int64(8), np.int64(1)]",27.959481551752244,"(np.int64(4), np.int64(6))",0-2:25.90;2-3:27.94;3-4:27.34;4-6:27.96;6-7:27.92;7-8:27.30;8-1:27.70
3,"N=9, d=192m (margin 0.57m), Fail 5@t=10",2053,192,5,108,True,SOLVED,-164.0,0,1,0.8116400578052938,"[np.int64(0), np.int64(2), np.int64(3), np.int64(4), np.int64(6), np.int64(7), np.int64(8), np.int64(1)]",27.971506297312118,"(np.int64(4), np.int64(6))",0-2:25.85;2-3:27.96;3-4:27.37;4-6:27.97;6-7:27.94;7-8:27.34;8-1:27.64
3,"N=9, d=192m (margin 0.57m), Fail 5@t=10",2053,192,5,109,True,SOLVED,-164.0,0,1,0.865225029746161,"[np.int64(0), np.int64(2), np.int64(3), np.int64(4), np.int64(6), np.int64(7), np.int64(8), np.int64(1)]",27.98120103517075,"(np.int64(4), np.int64(6))",0-2:25.80;2-3:27.97;3-4:27.39;4-6:27.98;6-7:27.95;7-8:27.38;8-1:27.60
3,"N=9, d=192m (margin 0.57m), Fail 5@t=10",2053,192,5,110,True,SOLVED,-164.0,0,1,0.6992674451341551,"[np.int64(0), np.int64(2), np.int64(3), np.int64(4), np.int64(6), np.int64(7), np.int64(8), np.int64(1)]",27.988830007139235,"(np.int64(4), np.int64(6))",0-2:25.75;2-3:27.98;3-4:27.42;4-6:27.99;6-7:27.96;7-8:27.42;8-1:27.56
3,"N=9, d=192m (margin 0.57m), Fail 5@t=10",2053,192,5,111,True,SOLVED,-164.0,0,1,0.6381044929667933,"[np.int64(0), np.int64(2), np.int64(3), np.int64(4), np.int64(6), np.int64(7), np.int64(8), np.int64(1)]",27.994670564784858,"(np.int64(4), np.int64(6))",0-2:25.70;2-3:27.99;3-4:27.44;4-6:27.99;6-7:27.97;7-8:27.45;8-1:27.52
3,"N=9, d=192m (margin 0.57m), Fail 5@t=10",2053,192,5,112,True,SOLVED,-164.0,0,1,0.6353876542351639,"[np.int64(0), np.int64(2), np.int64(3), np.int64(4), np.int64(6), np.int64(7), np.int64(8), np.int64(1)]",27.998997285099808,"(np.int64(4), np.int64(6))",0-2:25.66;2-3:27.99;3-4:27.47;4-6:28.00;6-7:27.98;7-8:27.49;8-1:27.48
3,"N=9, d=192m (margin 0.57m), Fail 5@t=10",2053,192,5,113,False,SOLVED,-164.0,0,1,0.6062102481434222,"[np.int64(0), np.int64(2), np.int64(3), np.int64(4), np.int64(6), np.int64(7), np.int64(8), np.int64(1)]",28.0020700833908,"(np.int64(4), np.int64(6))",0-2:25.62;2-3:27.98;3-4:27.51;4-6:28.00;6-7:27.99;7-8:27.53;8-1:27.45
3,"N=9, d=192m (margin 0.57m), Fail 5@t=10",2053,192,5,114,False,DISCONNECTED_BYPASS,-164.0,0,1,0.9121272134695836,"[np.int64(0), np.int64(2), np.int64(3), np.int64(4), np.int64(6), np.int64(7), np.int64(8), np.int64(1)]",28.02747611343459,"(np.int64(6), np.int64(7))",0-2:25.60;2-3:27.96;3-4:27.59;4-6:27.92;6-7:28.03;7-8:27.56;8-1:27.43
3,"N=9, d=192m (margin 0.57m), Fail 5@t=10",2053,192,5,115,False,DISCONNECTED_BYPASS,-164.0,0,1,1.237533413327015,"[np.int64(0), np.int64(2), np.int64(3), np.int64(4), np.int64(6), np.int64(7), np.int64(8), np.int64(1)]",28.02731809492288,"(np.int64(6), np.int64(7))",0-2:25.59;2-3:27.90;3-4:27.69;4-6:27.87;6-7:28.03;7-8:27.58;8-1:27.40
3,"N=9, d=192m (margin 0.57m), Fail 5@t=10",2053,192,5,116,True,DISCONNECTED_BYPASS,-164.0,0,1,1.540275022813738,"[np.int64(0), np.int64(2), np.int64(3), np.int64(4), np.int64(6), np.int64(7), np.int64(8), np.int64(1)]",27.996086374874295,"(np.int64(6), np.int64(7))",0-2:25.60;2-3:27.81;3-4:27.82;4-6:27.85;6-7:28.00;7-8:27.61;8-1:27.38
3,"N=9, d=192m (margin 0.57m), Fail 5@t=10",2053,192,5,117,True,SOLVED,-164.0,0,1,1.6720969114530415,"[np.int64(0), np.int64(2), np.int64(3), np.int64(4), np.int64(6), np.int64(7), np.int64(8), np.int64(1)]",27.974352602344183,"(np.int64(6), np.int64(7))",0-2:25.62;2-3:27.73;3-4:27.91;4-6:27.83;6-7:27.97;7-8:27.64;8-1:27.36
3,"N=9, d=192m (margin 0.57m), Fail 5@t=10",2053,192,5,118,True,SOLVED,-164.0,0,1,1.2110549102795938,"[np.int64(0), np.int64(2), np.int64(3), np.int64(4), np.int64(6), np.int64(7), np.int64(8), np.int64(1)]",27.980846452721217,"(np.int64(3), np.int64(4))",0-2:25.64;2-3:27.65;3-4:27.98;4-6:27.81;6-7:27.96;7-8:27.67;8-1:27.34
3,"N=9, d=192m (margin 0.57m), Fail 5@t=10",2053,192,5,119,False,SOLVED,-164.0,0,1,0.9198032063879974,"[np.int64(0), np.int64(2), np.int64(3), np.int64(4), np.int64(6), np.int64(7), np.int64(8), np.int64(1)]",28.029843465018104,"(np.int64(3), np.int64(4))",0-2:25.68;2-3:27.57;3-4:28.03;4-6:27.81;6-7:27.95;7-8:27.70;8-1:27.32
3,"N=9, d=192m (margin 0.57m), Fail 5@t=10",2053,192,5,120,True,DISCONNECTED_BYPASS,-164.0,0,1,1.0686044510229744,"[np.int64(0), np.int64(2), np.int64(3), np.int64(4), np.int64(6), np.int64(7), np.int64(8), np.int64(1)]",27.99616791860268,"(np.int64(3), np.int64(4))",0-2:25.71;2-3:27.53;3-4:28.00;4-6:27.85;6-7:27.94;7-8:27.74;8-1:27.30
3,"N=9, d=192m (margin 0.57m), Fail 5@t=10",2053,192,5,121,True,SOLVED,-164.0,0,1,1.0516244229581289,"[np.int64(0), np.int64(2), np.int64(3), np.int64(4), np.int64(6), np.int64(7), np.int64(8), np.int64(1)]",27.967029787698216,"(np.int64(3), np.int64(4))",0-2:25.76;2-3:27.46;3-4:27.97;4-6:27.89;6-7:27.93;7-8:27.77;8-1:27.28
3,"N=9, d=192m (margin 0.57m), Fail 5@t=10",2053,192,5,122,True,SOLVED,-164.0,0,1,1.0982706763937444,"[np.int64(0), np.int64(2), np.int64(3), np.int64(4), np.int64(6), np.int64(7), np.int64(8), np.int64(1)]",27.946890553677378,"(np.int64(3), np.int64(4))",0-2:25.83;2-3:27.38;3-4:27.95;4-6:27.92;6-7:27.93;7-8:27.80;8-1:27.26
3,"N=9, d=192m (margin 0.57m), Fail 5@t=10",2053,192,5,123,True,SOLVED,-164.0,0,1,1.123426718435045,"[np.int64(0), np.int64(2), np.int64(3), np.int64(4), np.int64(6), np.int64(7), np.int64(8), np.int64(1)]",27.942814924332882,"(np.int64(4), np.int64(6))",0-2:25.90;2-3:27.28;3-4:27.94;4-6:27.94;6-7:27.93;7-8:27.83;8-1:27.24
3,"N=9, d=192m (margin 0.57m), Fail 5@t=10",2053,192,5,124,True,SOLVED,-164.0,0,1,1.1594138676133723,"[np.int64(0), np.int64(2), np.int64(3), np.int64(4), np.int64(6), np.int64(7), np.int64(8), np.int64(1)]",27.96208669722359,"(np.int64(4), np.int64(6))",0-2:25.99;2-3:27.18;3-4:27.91;4-6:27.96;6-7:27.93;7-8:27.86;8-1:27.23
3,"N=9, d=192m (margin 0.57m), Fail 5@t=10",2053,192,5,125,True,SOLVED,-164.0,0,1,1.1873081993299142,"[np.int64(0), np.int64(2), np.int64(3), np.int64(4), np.int64(6), np.int64(7), np.int64(8), np.int64(1)]",27.977147125351596,"(np.int64(4), np.int64(6))",0-2:26.08;2-3:27.08;3-4:27.88;4-6:27.98;6-7:27.94;7-8:27.89;8-1:27.22
3,"N=9, d=192m (margin 0.57m), Fail 5@t=10",2053,192,5,126,True,SOLVED,-164.0,0,1,1.2175177008835507,"[np.int64(0), np.int64(2), np.int64(3), np.int64(4), np.int64(6), np.int64(7), np.int64(8), np.int64(1)]",27.98865321252857,"(np.int64(4), np.int64(6))",0-2:26.18;2-3:26.99;3-4:27.84;4-6:27.99;6-7:27.95;7-8:27.91;8-1:27.21
3,"N=9, d=192m (margin 0.57m), Fail 5@t=10",2053,192,5,127,True,SOLVED,-164.0,0,1,1.2566358911876725,"[np.int64(0), np.int64(2), np.int64(3), np.int64(4), np.int64(6), np.int64(7), np.int64(8), np.int64(1)]",27.99719455181357,"(np.int64(4), np.int64(6))",0-2:26.28;2-3:26.89;3-4:27.79;4-6:28.00;6-7:27.95;7-8:27.93;8-1:27.21
3,"N=9, d=192m (margin 0.57m), Fail 5@t=10",2053,192,5,128,False,SOLVED,-164.0,0,1,1.272695470135808,"[np.int64(0), np.int64(2), np.int64(3), np.int64(4), np.int64(6), np.int64(7), np.int64(8), np.int64(1)]",28.003303646926657,"(np.int64(4), np.int64(6))",0-2:26.40;2-3:26.80;3-4:27.73;4-6:28.00;6-7:27.96;7-8:27.95;8-1:27.22
3,"N=9, d=192m (margin 0.57m), Fail 5@t=10",2053,192,5,129,True,DISCONNECTED_BYPASS,-164.0,0,1,1.284748795687206,"[np.int64(0), np.int64(2), np.int64(3), np.int64(4), np.int64(6), np.int64(7), np.int64(8), np.int64(1)]",27.96895126000693,"(np.int64(6), np.int64(7))",0-2:26.51;2-3:26.68;3-4:27.75;4-6:27.96;6-7:27.97;7-8:27.97;8-1:27.22
3,"N=9, d=192m (margin 0.57m), Fail 5@t=10",2053,192,5,130,True,SOLVED,-164.0,0,1,1.2604212685445104,"[np.int64(0), np.int64(2), np.int64(3), np.int64(4), np.int64(6), np.int64(7), np.int64(8), np.int64(1)]",27.97840222331865,"(np.int64(7), np.int64(8))",0-2:26.63;2-3:26.59;3-4:27.73;4-6:27.92;6-7:27.98;7-8:27.98;8-1:27.23
3,"N=9, d=192m (margin 0.57m), Fail 5@t=10",2053,192,5,131,True,SOLVED,-164.0,0,1,1.129921099252945,"[np.int64(0), np.int64(2), np.int64(3), np.int64(4), np.int64(6), np.int64(7), np.int64(8), np.int64(1)]",27.988731317506847,"(np.int64(7), np.int64(8))",0-2:26.73;2-3:26.53;3-4:27.70;4-6:27.87;6-7:27.98;7-8:27.99;8-1:27.24
3,"N=9, d=192m (margin 0.57m), Fail 5@t=10",2053,192,5,132,True,SOLVED,-164.0,0,1,1.2478266931657556,"[np.int64(0), np.int64(2), np.int64(3), np.int64(4), np.int64(6), np.int64(7), np.int64(8), np.int64(1)]",27.996465056138128,"(np.int64(7), np.int64(8))",0-2:26.81;2-3:26.49;3-4:27.66;4-6:27.83;6-7:27.99;7-8:28.00;8-1:27.26
3,"N=9, d=192m (margin 0.57m), Fail 5@t=10",2053,192,5,133,False,SOLVED,-164.0,0,1,1.3250505485863882,"[np.int64(0), np.int64(2), np.int64(3), np.int64(4), np.int64(6), np.int64(7), np.int64(8), np.int64(1)]",28.002035981574892,"(np.int64(7), np.int64(8))",0-2:26.85;2-3:26.50;3-4:27.62;4-6:27.80;6-7:27.99;7-8:28.00;8-1:27.27
3,"N=9, d=192m (margin 0.57m), Fail 5@t=10",2053,192,5,134,False,DISCONNECTED_BYPASS,-164.0,0,1,1.2054140048902555,"[np.int64(0), np.int64(2), np.int64(3), np.int64(4), np.int64(6), np.int64(7), np.int64(8), np.int64(1)]",28.000633798952347,"(np.int64(7), np.int64(8))",0-2:26.87;2-3:26.53;3-4:27.57;4-6:27.76;6-7:27.99;7-8:28.00;8-1:27.30
3,"N=9, d=192m (margin 0.57m), Fail 5@t=10",2053,192,5,135,False,DISCONNECTED_BYPASS,-164.0,0,1,1.20020335794665,"[np.int64(0), np.int64(2), np.int64(3), np.int64(4), np.int64(6), np.int64(7), np.int64(8), np.int64(1)]",28.003474618591742,"(np.int64(6), np.int64(7))",0-2:26.87;2-3:26.60;3-4:27.51;4-6:27.71;6-7:28.00;7-8:27.99;8-1:27.34
3,"N=9, d=192m (margin 0.57m), Fail 5@t=10",2053,192,5,136,True,DISCONNECTED_BYPASS,-164.0,0,1,0.9721387684418632,"[np.int64(0), np.int64(2), np.int64(3), np.int64(4), np.int64(6), np.int64(7), np.int64(8), np.int64(1)]",27.982970732652934,"(np.int64(6), np.int64(7))",0-2:26.84;2-3:26.69;3-4:27.44;4-6:27.71;6-7:27.98;7-8:27.98;8-1:27.38
3,"N=9, d=192m (margin 0.57m), Fail 5@t=10",2053,192,5,137,True,SOLVED,-164.0,0,1,1.1966505219342558,"[np.int64(0), np.int64(2), np.int64(3), np.int64(4), np.int64(6), np.int64(7), np.int64(8), np.int64(1)]",27.9649121879467,"(np.int64(7), np.int64(8))",0-2:26.78;2-3:26.80;3-4:27.37;4-6:27.69;6-7:27.96;7-8:27.96;8-1:27.44
3,"N=9, d=192m (margin 0.57m), Fail 5@t=10",2053,192,5,138,True,SOLVED,-164.0,0,1,1.2484527815132955,"[np.int64(0), np.int64(2), np.int64(3), np.int64(4), np.int64(6), np.int64(7), np.int64(8), np.int64(1)]",27.958986243170003,"(np.int64(7), np.int64(8))",0-2:26.72;2-3:26.94;3-4:27.30;4-6:27.67;6-7:27.93;7-8:27.96;8-1:27.50
3,"N=9, d=192m (margin 0.57m), Fail 5@t=10",2053,192,5,139,True,SOLVED,-164.0,0,1,1.3457416274579381,"[np.int64(0), np.int64(2), np.int64(3), np.int64(4), np.int64(6), np.int64(7), np.int64(8), np.int64(1)]",27.956678005706785,"(np.int64(7), np.int64(8))",0-2:26.68;2-3:27.04;3-4:27.22;4-6:27.64;6-7:27.90;7-8:27.96;8-1:27.57
3,"N=9, d=192m (margin 0.57m), Fail 5@t=10",2053,192,5,140,True,SOLVED,-164.0,0,1,1.3921350591666624,"[np.int64(0), np.int64(2), np.int64(3), np.int64(4), np.int64(6), np.int64(7), np.int64(8), np.int64(1)]",27.956994214879117,"(np.int64(7), np.int64(8))",0-2:26.70;2-3:27.09;3-4:27.14;4-6:27.60;6-7:27.88;7-8:27.96;8-1:27.63
3,"N=9, d=192m (margin 0.57m), Fail 5@t=10",2053,192,5,141,True,SOLVED,-164.0,0,1,1.3637029896509754,"[np.int64(0), np.int64(2), np.int64(3), np.int64(4), np.int64(6), np.int64(7), np.int64(8), np.int64(1)]",27.959132914274925,"(np.int64(7), np.int64(8))",0-2:26.73;2-3:27.11;3-4:27.09;4-6:27.56;6-7:27.86;7-8:27.96;8-1:27.69
3,"N=9, d=192m (margin 0.57m), Fail 5@t=10",2053,192,5,142,True,SOLVED,-164.0,0,1,1.2867172046351534,"[np.int64(0), np.int64(2), np.int64(3), np.int64(4), np.int64(6), np.int64(7), np.int64(8), np.int64(1)]",27.962452924042946,"(np.int64(7), np.int64(8))",0-2:26.78;2-3:27.10;3-4:27.06;4-6:27.53;6-7:27.84;7-8:27.96;8-1:27.75
3,"N=9, d=192m (margin 0.57m), Fail 5@t=10",2053,192,5,143,True,SOLVED,-164.0,0,1,1.1690814301025458,"[np.int64(0), np.int64(2), np.int64(3), np.int64(4), np.int64(6), np.int64(7), np.int64(8), np.int64(1)]",27.966424021465922,"(np.int64(7), np.int64(8))",0-2:26.83;2-3:27.06;3-4:27.05;4-6:27.50;6-7:27.81;7-8:27.97;8-1:27.80
3,"N=9, d=192m (margin 0.57m), Fail 5@t=10",2053,192,5,144,True,SOLVED,-164.0,0,1,0.9890646094770125,"[np.int64(0), np.int64(2), np.int64(3), np.int64(4), np.int64(6), np.int64(7), np.int64(8), np.int64(1)]",27.970665725144144,"(np.int64(7), np.int64(8))",0-2:26.88;2-3:27.02;3-4:27.05;4-6:27.46;6-7:27.78;7-8:27.97;8-1:27.85
3,"N=9, d=192m (margin 0.57m), Fail 5@t=10",2053,192,5,145,True,SOLVED,-164.0,0,1,0.8097454737169818,"[np.int64(0), np.int64(2), np.int64(3), np.int64(4), np.int64(6), np.int64(7), np.int64(8), np.int64(1)]",27.97492778901263,"(np.int64(7), np.int64(8))",0-2:26.91;2-3:27.00;3-4:27.08;4-6:27.41;6-7:27.77;7-8:27.97;8-1:27.89
3,"N=9, d=192m (margin 0.57m), Fail 5@t=10",2053,192,5,146,True,SOLVED,-164.0,0,1,0.7495156886284099,"[np.int64(0), np.int64(2), np.int64(3), np.int64(4), np.int64(6), np.int64(7), np.int64(8), np.int64(1)]",27.97903375734871,"(np.int64(7), np.int64(8))",0-2:26.93;2-3:26.98;3-4:27.11;4-6:27.34;6-7:27.76;7-8:27.98;8-1:27.92
3,"N=9, d=192m (margin 0.57m), Fail 5@t=10",2053,192,5,147,True,SOLVED,-164.0,0,1,0.6597305753380988,"[np.int64(0), np.int64(2), np.int64(3), np.int64(4), np.int64(6), np.int64(7), np.int64(8), np.int64(1)]",27.982846322164505,"(np.int64(7), np.int64(8))",0-2:26.95;2-3:26.97;3-4:27.16;4-6:27.27;6-7:27.75;7-8:27.98;8-1:27.94
3,"N=9, d=192m (margin 0.57m), Fail 5@t=10",2053,192,5,148,True,SOLVED,-164.0,0,1,0.64729681500495,"[np.int64(0), np.int64(2), np.int64(3), np.int64(4), np.int64(6), np.int64(7), np.int64(8), np.int64(1)]",27.98628548075472,"(np.int64(7), np.int64(8))",0-2:26.96;2-3:26.98;3-4:27.20;4-6:27.19;6-7:27.75;7-8:27.99;8-1:27.96
3,"N=9, d=192m (margin 0.57m), Fail 5@t=10",2053,192,5,149,True,SOLVED,-164.0,0,1,0.6468630357516764,"[np.int64(0), np.int64(2), np.int64(3), np.int64(4), np.int64(6), np.int64(7), np.int64(8), np.int64(1)]",27.98931200811917,"(np.int64(7), np.int64(8))",0-2:26.96;2-3:27.01;3-4:27.22;4-6:27.11;6-7:27.75;7-8:27.99;8-1:27.98
3,"N=9, d=192m (margin 0.57m), Fail 5@t=10",2053,192,5,150,True,SOLVED,-164.0,0,1,0.6311100405437022,"[np.int64(0), np.int64(2), np.int64(3), np.int64(4), np.int64(6), np.int64(7), np.int64(8), np.int64(1)]",27.99191067770468,"(np.int64(7), np.int64(8))",0-2:26.96;2-3:27.07;3-4:27.22;4-6:27.05;6-7:27.75;7-8:27.99;8-1:27.99
3,"N=9, d=192m (margin 0.57m), Fail 5@t=10",2053,192,5,151,False,SOLVED,-164.0,0,1,0.6998521565011978,"[np.int64(0), np.int64(2), np.int64(3), np.int64(4), np.int64(6), np.int64(7), np.int64(8), np.int64(1)]",28.00031419705044,"(np.int64(8), np.int64(1))",0-2:26.95;2-3:27.15;3-4:27.20;4-6:27.00;6-7:27.74;7-8:27.99;8-1:28.00
3,"N=9, d=192m (margin 0.57m), Fail 5@t=10",2053,192,5,152,False,DISCONNECTED_BYPASS,-164.0,0,1,0.6970959637186599,"[np.int64(0), np.int64(2), np.int64(3), np.int64(4), np.int64(6), np.int64(7), np.int64(8), np.int64(1)]",28.026496393985198,"(np.int64(7), np.int64(8))",0-2:26.95;2-3:27.21;3-4:27.18;4-6:26.95;6-7:27.73;7-8:28.03;8-1:27.99
3,"N=9, d=192m (margin 0.57m), Fail 5@t=10",2053,192,5,153,False,DISCONNECTED_BYPASS,-164.0,0,1,0.5556681035730623,"[np.int64(0), np.int64(2), np.int64(3), np.int64(4), np.int64(6), np.int64(7), np.int64(8), np.int64(1)]",28.01738259554086,"(np.int64(8), np.int64(1))",0-2:26.97;2-3:27.24;3-4:27.17;4-6:26.91;6-7:27.72;7-8:28.01;8-1:28.02
3,"N=9, d=192m (margin 0.57m), Fail 5@t=10",2053,192,5,154,False,DISCONNECTED_BYPASS,-164.0,0,1,0.629114991615375,"[np.int64(0), np.int64(2), np.int64(3), np.int64(4), np.int64(6), np.int64(7), np.int64(8), np.int64(1)]",28.032591203068584,"(np.int64(8), np.int64(1))",0-2:27.01;2-3:27.25;3-4:27.17;4-6:26.89;6-7:27.72;7-8:27.96;8-1:28.03
3,"N=9, d=192m (margin 0.57m), Fail 5@t=10",2053,192,5,155,False,DISCONNECTED_BYPASS,-164.0,0,1,0.6436172111545263,"[np.int64(0), np.int64(2), np.int64(3), np.int64(4), np.int64(6), np.int64(7), np.int64(8), np.int64(1)]",28.03699736017571,"(np.int64(8), np.int64(1))",0-2:27.05;2-3:27.23;3-4:27.16;4-6:26.91;6-7:27.70;7-8:27.94;8-1:28.04
3,"N=9, d=192m (margin 0.57m), Fail 5@t=10",2053,192,5,156,False,DISCONNECTED_BYPASS,-164.0,0,1,0.6989195698047913,"[np.int64(0), np.int64(2), np.int64(3), np.int64(4), np.int64(6), np.int64(7), np.int64(8), np.int64(1)]",28.032505414621816,"(np.int64(8), np.int64(1))",0-2:27.09;2-3:27.21;3-4:27.14;4-6:26.95;6-7:27.67;7-8:27.95;8-1:28.03
3,"N=9, d=192m (margin 0.57m), Fail 5@t=10",2053,192,5,157,False,DISCONNECTED_BYPASS,-164.0,0,1,0.7931013901314018,"[np.int64(0), np.int64(2), np.int64(3), np.int64(4), np.int64(6), np.int64(7), np.int64(8), np.int64(1)]",28.00375340983033,"(np.int64(8), np.int64(1))",0-2:27.13;2-3:27.16;3-4:27.12;4-6:27.01;6-7:27.61;7-8:27.99;8-1:28.00
3,"N=9, d=192m (margin 0.57m), Fail 5@t=10",2053,192,5,158,False,DISCONNECTED_BYPASS,-164.0,0,1,0.9380849952283127,"[np.int64(0), np.int64(2), np.int64(3), np.int64(4), np.int64(6), np.int64(7), np.int64(8), np.int64(1)]",28.060587429213438,"(np.int64(7), np.int64(8))",0-2:27.17;2-3:27.11;3-4:27.09;4-6:27.10;6-7:27.54;7-8:28.06;8-1:27.95
3,"N=9, d=192m (margin 0.57m), Fail 5@t=10",2053,192,5,159,False,DISCONNECTED_BYPASS,-164.0,0,1,1.2622713903793328,"[np.int64(0), np.int64(2), np.int64(3), np.int64(4), np.int64(6), np.int64(7), np.int64(8), np.int64(1)]",28.062856255259042,"(np.int64(7), np.int64(8))",0-2:27.22;2-3:27.05;3-4:27.06;4-6:27.19;6-7:27.51;7-8:28.06;8-1:27.93
3,"N=9, d=192m (margin 0.57m), Fail 5@t=10",2053,192,5,160,False,DISCONNECTED_BYPASS,-164.0,0,1,1.3287310702153674,"[np.int64(0), np.int64(2), np.int64(3), np.int64(4), np.int64(6), np.int64(7), np.int64(8), np.int64(1)]",28.007984980372964,"(np.int64(7), np.int64(8))",0-2:27.24;2-3:27.01;3-4:27.03;4-6:27.27;6-7:27.52;7-8:28.01;8-1:27.94
3,"N=9, d=192m (margin 0.57m), Fail 5@t=10",2053,192,5,161,True,DISCONNECTED_BYPASS,-164.0,0,1,1.3455666409943297,"[np.int64(0), np.int64(2), np.int64(3), np.int64(4), np.int64(6), np.int64(7), np.int64(8), np.int64(1)]",27.98325203544439,"(np.int64(8), np.int64(1))",0-2:27.24;2-3:26.99;3-4:27.01;4-6:27.32;6-7:27.57;7-8:27.90;8-1:27.98
3,"N=9, d=192m (margin 0.57m), Fail 5@t=10",2053,192,5,162,False,SOLVED,-164.0,0,1,1.1942383528019052,"[np.int64(0), np.int64(2), np.int64(3), np.int64(4), np.int64(6), np.int64(7), np.int64(8), np.int64(1)]",28.01288380446701,"(np.int64(8), np.int64(1))",0-2:27.20;2-3:27.01;3-4:26.99;4-6:27.36;6-7:27.63;7-8:27.81;8-1:28.01
3,"N=9, d=192m (margin 0.57m), Fail 5@t=10",2053,192,5,163,True,DISCONNECTED_BYPASS,-164.0,0,1,1.1670458075051608,"[np.int64(0), np.int64(2), np.int64(3), np.int64(4), np.int64(6), np.int64(7), np.int64(8), np.int64(1)]",27.99783568651826,"(np.int64(8), np.int64(1))",0-2:27.14;2-3:27.05;3-4:26.99;4-6:27.40;6-7:27.67;7-8:27.78;8-1:28.00
3,"N=9, d=192m (margin 0.57m), Fail 5@t=10",2053,192,5,164,True,SOLVED,-164.0,0,1,1.1100059754783627,"[np.int64(0), np.int64(2), np.int64(3), np.int64(4), np.int64(6), np.int64(7), np.int64(8), np.int64(1)]",27.987439073721312,"(np.int64(8), np.int64(1))",0-2:27.06;2-3:27.06;3-4:27.02;4-6:27.43;6-7:27.72;7-8:27.73;8-1:27.99
3,"N=9, d=192m (margin 0.57m), Fail 5@t=10",2053,192,5,165,True,SOLVED,-164.0,0,1,1.0460126596350592,"[np.int64(0), np.int64(2), np.int64(3), np.int64(4), np.int64(6), np.int64(7), np.int64(8), np.int64(1)]",27.97727646375899,"(np.int64(8), np.int64(1))",0-2:26.98;2-3:27.06;3-4:27.09;4-6:27.44;6-7:27.77;7-8:27.70;8-1:27.98
3,"N=9, d=192m (margin 0.57m), Fail 5@t=10",2053,192,5,166,True,SOLVED,-164.0,0,1,1.2062229058874785,"[np.int64(0), np.int64(2), np.int64(3), np.int64(4), np.int64(6), np.int64(7), np.int64(8), np.int64(1)]",27.964690815784962,"(np.int64(8), np.int64(1))",0-2:26.89;2-3:27.05;3-4:27.17;4-6:27.45;6-7:27.81;7-8:27.67;8-1:27.96
3,"N=9, d=192m (margin 0.57m), Fail 5@t=10",2053,192,5,167,True,SOLVED,-164.0,0,1,1.2236281208140154,"[np.int64(0), np.int64(2), np.int64(3), np.int64(4), np.int64(6), np.int64(7), np.int64(8), np.int64(1)]",27.95730102534291,"(np.int64(8), np.int64(1))",0-2:26.81;2-3:27.03;3-4:27.27;4-6:27.44;6-7:27.85;7-8:27.65;8-1:27.96
3,"N=9, d=192m (margin 0.57m), Fail 5@t=10",2053,192,5,168,True,SOLVED,-164.0,0,1,0.9172948730197549,"[np.int64(0), np.int64(2), np.int64(3), np.int64(4), np.int64(6), np.int64(7), np.int64(8), np.int64(1)]",27.947425056029303,"(np.int64(8), np.int64(1))",0-2:26.75;2-3:27.03;3-4:27.34;4-6:27.43;6-7:27.88;7-8:27.63;8-1:27.95
3,"N=9, d=192m (margin 0.57m), Fail 5@t=10",2053,192,5,169,True,SOLVED,-164.0,0,1,0.7218690939531566,"[np.int64(0), np.int64(2), np.int64(3), np.int64(4), np.int64(6), np.int64(7), np.int64(8), np.int64(1)]",27.93446270836891,"(np.int64(8), np.int64(1))",0-2:26.72;2-3:27.04;3-4:27.36;4-6:27.43;6-7:27.89;7-8:27.64;8-1:27.93
3,"N=9, d=192m (margin 0.57m), Fail 5@t=10",2053,192,5,170,True,SOLVED,-164.0,0,1,0.5190654413652431,"[np.int64(0), np.int64(2), np.int64(3), np.int64(4), np.int64(6), np.int64(7), np.int64(8), np.int64(1)]",27.915924318697932,"(np.int64(8), np.int64(1))",0-2:26.73;2-3:27.03;3-4:27.35;4-6:27.43;6-7:27.90;7-8:27.65;8-1:27.92
3,"N=9, d=192m (margin 0.57m), Fail 5@t=10",2053,192,5,171,True,SOLVED,-164.0,0,1,0.519421768371698,"[np.int64(0), np.int64(2), np.int64(3), np.int64(4), np.int64(6), np.int64(7), np.int64(8), np.int64(1)]",27.910577579780895,"(np.int64(6), np.int64(7))",0-2:26.74;2-3:27.02;3-4:27.35;4-6:27.43;6-7:27.91;7-8:27.66;8-1:27.90
3,"N=9, d=192m (margin 0.57m), Fail 5@t=10",2053,192,5,172,True,SOLVED,-164.0,0,1,0.5198091256408048,"[np.int64(0), np.int64(2), np.int64(3), np.int64(4), np.int64(6), np.int64(7), np.int64(8), np.int64(1)]",27.919955137309554,"(np.int64(6), np.int64(7))",0-2:26.76;2-3:27.01;3-4:27.35;4-6:27.43;6-7:27.92;7-8:27.67;8-1:27.88
3,"N=9, d=192m (margin 0.57m), Fail 5@t=10",2053,192,5,173,True,SOLVED,-164.0,0,1,0.5202274438740891,"[np.int64(0), np.int64(2), np.int64(3), np.int64(4), np.int64(6), np.int64(7), np.int64(8), np.int64(1)]",27.929340171043513,"(np.int64(6), np.int64(7))",0-2:26.77;2-3:27.00;3-4:27.35;4-6:27.43;6-7:27.93;7-8:27.68;8-1:27.86
3,"N=9, d=192m (margin 0.57m), Fail 5@t=10",2053,192,5,174,True,SOLVED,-164.0,0,1,0.5206766485029106,"[np.int64(0), np.int64(2), np.int64(3), np.int64(4), np.int64(6), np.int64(7), np.int64(8), np.int64(1)]",27.938732673448808,"(np.int64(6), np.int64(7))",0-2:26.78;2-3:26.98;3-4:27.35;4-6:27.43;6-7:27.94;7-8:27.69;8-1:27.85
3,"N=9, d=192m (margin 0.57m), Fail 5@t=10",2053,192,5,175,True,SOLVED,-164.0,0,1,0.521156659760435,"[np.int64(0), np.int64(2), np.int64(3), np.int64(4), np.int64(6), np.int64(7), np.int64(8), np.int64(1)]",27.94806321550609,"(np.int64(6), np.int64(7))",0-2:26.79;2-3:26.97;3-4:27.35;4-6:27.43;6-7:27.95;7-8:27.70;8-1:27.83
3,"N=9, d=192m (margin 0.57m), Fail 5@t=10",2053,192,5,176,True,SOLVED,-164.0,0,1,0.5216673926598137,"[np.int64(0), np.int64(2), np.int64(3), np.int64(4), np.int64(6), np.int64(7), np.int64(8), np.int64(1)]",27.956929687268815,"(np.int64(6), np.int64(7))",0-2:26.80;2-3:26.96;3-4:27.34;4-6:27.43;6-7:27.96;7-8:27.72;8-1:27.81
3,"N=9, d=192m (margin 0.57m), Fail 5@t=10",2053,192,5,177,True,SOLVED,-164.0,0,1,0.5222087568899064,"[np.int64(0), np.int64(2), np.int64(3), np.int64(4), np.int64(6), np.int64(7), np.int64(8), np.int64(1)]",27.965072119946136,"(np.int64(6), np.int64(7))",0-2:26.81;2-3:26.95;3-4:27.34;4-6:27.43;6-7:27.97;7-8:27.73;8-1:27.80
3,"N=9, d=192m (margin 0.57m), Fail 5@t=10",2053,192,5,178,True,SOLVED,-164.0,0,1,0.522780657376413,"[np.int64(0), np.int64(2), np.int64(3), np.int64(4), np.int64(6), np.int64(7), np.int64(8), np.int64(1)]",27.972341285539645,"(np.int64(6), np.int64(7))",0-2:26.83;2-3:26.94;3-4:27.34;4-6:27.43;6-7:27.97;7-8:27.74;8-1:27.78
3,"N=9, d=192m (margin 0.57m), Fail 5@t=10",2053,192,5,179,True,SOLVED,-164.0,0,1,0.523382994010994,"[np.int64(0), np.int64(2), np.int64(3), np.int64(4), np.int64(6), np.int64(7), np.int64(8), np.int64(1)]",27.97867218713171,"(np.int64(6), np.int64(7))",0-2:26.84;2-3:26.92;3-4:27.34;4-6:27.43;6-7:27.98;7-8:27.75;8-1:27.77
3,"N=9, d=192m (margin 0.57m), Fail 5@t=10",2053,192,5,180,True,SOLVED,-164.0,0,1,0.5240156618298045,"[np.int64(0), np.int64(2), np.int64(3), np.int64(4), np.int64(6), np.int64(7), np.int64(8), np.int64(1)]",27.984061625091023,"(np.int64(6), np.int64(7))",0-2:26.84;2-3:26.91;3-4:27.34;4-6:27.43;6-7:27.98;7-8:27.77;8-1:27.75
3,"N=9, d=192m (margin 0.57m), Fail 5@t=10",2053,192,5,181,True,SOLVED,-164.0,0,1,0.5246785511026382,"[np.int64(0), np.int64(2), np.int64(3), np.int64(4), np.int64(6), np.int64(7), np.int64(8), np.int64(1)]",27.988549739848704,"(np.int64(6), np.int64(7))",0-2:26.85;2-3:26.90;3-4:27.34;4-6:27.43;6-7:27.99;7-8:27.78;8-1:27.74
3,"N=9, d=192m (margin 0.57m), Fail 5@t=10",2053,192,5,182,True,SOLVED,-164.0,0,1,0.525371547425803,"[np.int64(0), np.int64(2), np.int64(3), np.int64(4), np.int64(6), np.int64(7), np.int64(8), np.int64(1)]",27.9922051682186,"(np.int64(6), np.int64(7))",0-2:26.86;2-3:26.89;3-4:27.34;4-6:27.44;6-7:27.99;7-8:27.80;8-1:27.73
3,"N=9, d=192m (margin 0.57m), Fail 5@t=10",2053,192,5,183,True,SOLVED,-164.0,0,1,0.5260945318173741,"[np.int64(0), np.int64(2), np.int64(3), np.int64(4), np.int64(6), np.int64(7), np.int64(8), np.int64(1)]",27.99511338825772,"(np.int64(6), np.int64(7))",0-2:26.87;2-3:26.88;3-4:27.33;4-6:27.44;6-7:28.00;7-8:27.81;8-1:27.71
3,"N=9, d=192m (margin 0.57m), Fail 5@t=10",2053,192,5,184,True,SOLVED,-164.0,0,1,0.5268473808076787,"[np.int64(0), np.int64(2), np.int64(3), np.int64(4), np.int64(6), np.int64(7), np.int64(8), np.int64(1)]",27.997367816364267,"(np.int64(6), np.int64(7))",0-2:26.88;2-3:26.86;3-4:27.33;4-6:27.44;6-7:28.00;7-8:27.83;8-1:27.70
3,"N=9, d=192m (margin 0.57m), Fail 5@t=10",2053,192,5,185,True,SOLVED,-164.0,0,1,0.5276299665528371,"[np.int64(0), np.int64(2), np.int64(3), np.int64(4), np.int64(6), np.int64(7), np.int64(8), np.int64(1)]",27.999063224688772,"(np.int64(6), np.int64(7))",0-2:26.89;2-3:26.85;3-4:27.33;4-6:27.45;6-7:28.00;7-8:27.84;8-1:27.69
3,"N=9, d=192m (margin 0.57m), Fail 5@t=10",2053,192,5,186,False,SOLVED,-164.0,0,1,0.5284421569518628,"[np.int64(0), np.int64(2), np.int64(3), np.int64(4), np.int64(6), np.int64(7), np.int64(8), np.int64(1)]",28.000291077345945,"(np.int64(6), np.int64(7))",0-2:26.89;2-3:26.84;3-4:27.33;4-6:27.45;6-7:28.00;7-8:27.86;8-1:27.68
3,"N=9, d=192m (margin 0.57m), Fail 5@t=10",2053,192,5,187,True,DISCONNECTED_BYPASS,-164.0,0,1,0.5618889874678258,"[np.int64(0), np.int64(2), np.int64(3), np.int64(4), np.int64(6), np.int64(7), np.int64(8), np.int64(1)]",27.952769526336958,"(np.int64(6), np.int64(7))",0-2:26.90;2-3:26.83;3-4:27.33;4-6:27.47;6-7:27.95;7-8:27.90;8-1:27.67
3,"N=9, d=192m (margin 0.57m), Fail 5@t=10",2053,192,5,188,True,SOLVED,-164.0,0,1,0.5362679373856792,"[np.int64(0), np.int64(2), np.int64(3), np.int64(4), np.int64(6), np.int64(7), np.int64(8), np.int64(1)]",27.93993338624914,"(np.int64(7), np.int64(8))",0-2:26.90;2-3:26.82;3-4:27.33;4-6:27.49;6-7:27.91;7-8:27.94;8-1:27.66
3,"N=9, d=192m (margin 0.57m), Fail 5@t=10",2053,192,5,189,True,SOLVED,-164.0,0,1,0.5310549765371806,"[np.int64(0), np.int64(2), np.int64(3), np.int64(4), np.int64(6), np.int64(7), np.int64(8), np.int64(1)]",27.967618471959263,"(np.int64(7), np.int64(8))",0-2:26.90;2-3:26.82;3-4:27.33;4-6:27.51;6-7:27.87;7-8:27.97;8-1:27.66
3,"N=9, d=192m (margin 0.57m), Fail 5@t=10",2053,192,5,190,True,SOLVED,-164.0,0,1,0.5319841838154264,"[np.int64(0), np.int64(2), np.int64(3), np.int64(4), np.int64(6), np.int64(7), np.int64(8), np.int64(1)]",27.9884199620271,"(np.int64(7), np.int64(8))",0-2:26.90;2-3:26.81;3-4:27.33;4-6:27.53;6-7:27.84;7-8:27.99;8-1:27.67
3,"N=9, d=192m (margin 0.57m), Fail 5@t=10",2053,192,5,191,False,SOLVED,-164.0,0,1,0.5329422746736522,"[np.int64(0), np.int64(2), np.int64(3), np.int64(4), np.int64(6), np.int64(7), np.int64(8), np.int64(1)]",28.003477808888086,"(np.int64(7), np.int64(8))",0-2:26.91;2-3:26.80;3-4:27.33;4-6:27.55;6-7:27.80;7-8:28.00;8-1:27.67
3,"N=9, d=192m (margin 0.57m), Fail 5@t=10",2053,192,5,192,True,DISCONNECTED_BYPASS,-164.0,0,1,0.5339290901327753,"[np.int64(0), np.int64(2), np.int64(3), np.int64(4), np.int64(6), np.int64(7), np.int64(8), np.int64(1)]",27.965991010864887,"(np.int64(7), np.int64(8))",0-2:26.91;2-3:26.79;3-4:27.33;4-6:27.57;6-7:27.79;7-8:27.97;8-1:27.71
3,"N=9, d=192m (margin 0.57m), Fail 5@t=10",2053,192,5,193,True,SOLVED,-164.0,0,1,0.5349444769584506,"[np.int64(0), np.int64(2), np.int64(3), np.int64(4), np.int64(6), np.int64(7), np.int64(8), np.int64(1)]",27.928509040049306,"(np.int64(7), np.int64(8))",0-2:26.91;2-3:26.79;3-4:27.33;4-6:27.60;6-7:27.78;7-8:27.93;8-1:27.74
3,"N=9, d=192m (margin 0.57m), Fail 5@t=10",2053,192,5,194,True,SOLVED,-164.0,0,1,0.5359882706207894,"[np.int64(0), np.int64(2), np.int64(3), np.int64(4), np.int64(6), np.int64(7), np.int64(8), np.int64(1)]",27.891031915902612,"(np.int64(7), np.int64(8))",0-2:26.91;2-3:26.78;3-4:27.33;4-6:27.62;6-7:27.76;7-8:27.89;8-1:27.78
3,"N=9, d=192m (margin 0.57m), Fail 5@t=10",2053,192,5,195,True,SOLVED,-164.0,0,1,0.537060303185939,"[np.int64(0), np.int64(2), np.int64(3), np.int64(4), np.int64(6), np.int64(7), np.int64(8), np.int64(1)]",27.854433983612584,"(np.int64(7), np.int64(8))",0-2:26.91;2-3:26.77;3-4:27.33;4-6:27.65;6-7:27.75;7-8:27.85;8-1:27.81
3,"N=9, d=192m (margin 0.57m), Fail 5@t=10",2053,192,5,196,True,SOLVED,-164.0,0,1,0.5381604081281639,"[np.int64(0), np.int64(2), np.int64(3), np.int64(4), np.int64(6), np.int64(7), np.int64(8), np.int64(1)]",27.843959527010686,"(np.int64(8), np.int64(1))",0-2:26.91;2-3:26.76;3-4:27.33;4-6:27.67;6-7:27.74;7-8:27.82;8-1:27.84
3,"N=9, d=192m (margin 0.57m), Fail 5@t=10",2053,192,5,197,True,SOLVED,-164.0,0,1,0.5392884136513213,"[np.int64(0), np.int64(2), np.int64(3), np.int64(4), np.int64(6), np.int64(7), np.int64(8), np.int64(1)]",27.87376938948679,"(np.int64(8), np.int64(1))",0-2:26.91;2-3:26.76;3-4:27.33;4-6:27.70;6-7:27.72;7-8:27.79;8-1:27.87
3,"N=9, d=192m (margin 0.57m), Fail 5@t=10",2053,192,5,198,True,SOLVED,-164.0,0,1,0.54044414505463,"[np.int64(0), np.int64(2), np.int64(3), np.int64(4), np.int64(6), np.int64(7), np.int64(8), np.int64(1)]",27.900293327039204,"(np.int64(8), np.int64(1))",0-2:26.90;2-3:26.75;3-4:27.33;4-6:27.72;6-7:27.71;7-8:27.76;8-1:27.90
3,"N=9, d=192m (margin 0.57m), Fail 5@t=10",2053,192,5,199,True,SOLVED,-164.0,0,1,0.5416274248526228,"[np.int64(0), np.int64(2), np.int64(3), np.int64(4), np.int64(6), np.int64(7), np.int64(8), np.int64(1)]",27.923325419291963,"(np.int64(8), np.int64(1))",0-2:26.90;2-3:26.74;3-4:27.33;4-6:27.75;6-7:27.70;7-8:27.74;8-1:27.92
3,"N=9, d=192m (margin 0.57m), Fail 5@t=10",2053,192,5,200,True,SOLVED,-164.0,0,1,0.5428380728951474,"[np.int64(0), np.int64(2), np.int64(3), np.int64(4), np.int64(6), np.int64(7), np.int64(8), np.int64(1)]",27.942879714669704,"(np.int64(8), np.int64(1))",0-2:26.90;2-3:26.73;3-4:27.33;4-6:27.77;6-7:27.68;7-8:27.72;8-1:27.94
3,"N=9, d=192m (margin 0.57m), Fail 5@t=10",2053,192,5,201,True,SOLVED,-164.0,0,1,0.5440759064872562,"[np.int64(0), np.int64(2), np.int64(3), np.int64(4), np.int64(6), np.int64(7), np.int64(8), np.int64(1)]",27.95912277237996,"(np.int64(8), np.int64(1))",0-2:26.90;2-3:26.73;3-4:27.33;4-6:27.80;6-7:27.67;7-8:27.70;8-1:27.96
3,"N=9, d=192m (margin 0.57m), Fail 5@t=10",2053,192,5,202,True,SOLVED,-164.0,0,1,0.5453407405088303,"[np.int64(0), np.int64(2), np.int64(3), np.int64(4), np.int64(6), np.int64(7), np.int64(8), np.int64(1)]",27.97231992363184,"(np.int64(8), np.int64(1))",0-2:26.90;2-3:26.72;3-4:27.33;4-6:27.83;6-7:27.66;7-8:27.69;8-1:27.97
3,"N=9, d=192m (margin 0.57m), Fail 5@t=10",2053,192,5,203,True,SOLVED,-164.0,0,1,0.5466323875337847,"[np.int64(0), np.int64(2), np.int64(3), np.int64(4), np.int64(6), np.int64(7), np.int64(8), np.int64(1)]",27.98279346657718,"(np.int64(8), np.int64(1))",0-2:26.89;2-3:26.71;3-4:27.33;4-6:27.85;6-7:27.64;7-8:27.68;8-1:27.98
3,"N=9, d=192m (margin 0.57m), Fail 5@t=10",2053,192,5,204,True,SOLVED,-164.0,0,1,0.5479506579436904,"[np.int64(0), np.int64(2), np.int64(3), np.int64(4), np.int64(6), np.int64(7), np.int64(8), np.int64(1)]",27.990891010455652,"(np.int64(8), np.int64(1))",0-2:26.89;2-3:26.71;3-4:27.33;4-6:27.88;6-7:27.63;7-8:27.68;8-1:27.99
3,"N=9, d=192m (margin 0.57m), Fail 5@t=10",2053,192,5,205,True,SOLVED,-164.0,0,1,0.5492953600589369,"[np.int64(0), np.int64(2), np.int64(3), np.int64(4), np.int64(6), np.int64(7), np.int64(8), np.int64(1)]",27.99696227782245,"(np.int64(8), np.int64(1))",0-2:26.88;2-3:26.70;3-4:27.33;4-6:27.90;6-7:27.62;7-8:27.67;8-1:28.00
3,"N=9, d=192m (margin 0.57m), Fail 5@t=10",2053,192,5,206,False,SOLVED,-164.0,0,1,0.5506663002451561,"[np.int64(0), np.int64(2), np.int64(3), np.int64(4), np.int64(6), np.int64(7), np.int64(8), np.int64(1)]",28.00134281966849,"(np.int64(8), np.int64(1))",0-2:26.88;2-3:26.69;3-4:27.33;4-6:27.92;6-7:27.61;7-8:27.67;8-1:28.00
3,"N=9, d=192m (margin 0.57m), Fail 5@t=10",2053,192,5,207,False,DISCONNECTED_BYPASS,-164.0,0,1,0.5520632830398792,"[np.int64(0), np.int64(2), np.int64(3), np.int64(4), np.int64(6), np.int64(7), np.int64(8), np.int64(1)]",28.006161175673586,"(np.int64(8), np.int64(1))",0-2:26.88;2-3:26.68;3-4:27.34;4-6:27.94;6-7:27.60;7-8:27.67;8-1:28.01
3,"N=9, d=192m (margin 0.57m), Fail 5@t=10",2053,192,5,208,False,DISCONNECTED_BYPASS,-164.0,0,1,0.5534861112432988,"[np.int64(0), np.int64(2), np.int64(3), np.int64(4), np.int64(6), np.int64(7), np.int64(8), np.int64(1)]",28.01141741690977,"(np.int64(8), np.int64(1))",0-2:26.87;2-3:26.68;3-4:27.34;4-6:27.96;6-7:27.59;7-8:27.67;8-1:28.01
3,"N=9, d=192m (margin 0.57m), Fail 5@t=10",2053,192,5,209,False,DISCONNECTED_BYPASS,-164.0,0,1,0.5549345860559307,"[np.int64(0), np.int64(2), np.int64(3), np.int64(4), np.int64(6), np.int64(7), np.int64(8), np.int64(1)]",28.01711161127332,"(np.int64(8), np.int64(1))",0-2:26.86;2-3:26.67;3-4:27.34;4-6:27.98;6-7:27.58;7-8:27.67;8-1:28.02
3,"N=9, d=192m (margin 0.57m), Fail 5@t=10",2053,192,5,210,False,DISCONNECTED_BYPASS,-164.0,0,1,0.5564085071836008,"[np.int64(0), np.int64(2), np.int64(3), np.int64(4), np.int64(6), np.int64(7), np.int64(8), np.int64(1)]",28.023243823477276,"(np.int64(8), np.int64(1))",0-2:26.86;2-3:26.66;3-4:27.34;4-6:28.00;6-7:27.57;7-8:27.66;8-1:28.02
3,"N=9, d=192m (margin 0.57m), Fail 5@t=10",2053,192,5,211,False,DISCONNECTED_BYPASS,-164.0,0,1,0.6828567093041421,"[np.int64(0), np.int64(2), np.int64(3), np.int64(4), np.int64(6), np.int64(7), np.int64(8), np.int64(1)]",28.024409163196534,"(np.int64(8), np.int64(1))",0-2:26.85;2-3:26.66;3-4:27.38;4-6:27.96;6-7:27.57;7-8:27.67;8-1:28.02
3,"N=9, d=192m (margin 0.57m), Fail 5@t=10",2053,192,5,212,False,DISCONNECTED_BYPASS,-164.0,0,1,0.8721945630819607,"[np.int64(0), np.int64(2), np.int64(3), np.int64(4), np.int64(6), np.int64(7), np.int64(8), np.int64(1)]",28.024953621663634,"(np.int64(8), np.int64(1))",0-2:26.84;2-3:26.66;3-4:27.43;4-6:27.92;6-7:27.57;7-8:27.67;8-1:28.02
3,"N=9, d=192m (margin 0.57m), Fail 5@t=10",2053,192,5,213,False,DISCONNECTED_BYPASS,-164.0,0,1,1.0653646892550968,"[np.int64(0), np.int64(2), np.int64(3), np.int64(4), np.int64(6), np.int64(7), np.int64(8), np.int64(1)]",28.02231818328201,"(np.int64(8), np.int64(1))",0-2:26.83;2-3:26.64;3-4:27.47;4-6:27.87;6-7:27.59;7-8:27.68;8-1:28.02
3,"N=9, d=192m (margin 0.57m), Fail 5@t=10",2053,192,5,214,False,DISCONNECTED_BYPASS,-164.0,0,1,1.1213159848953562,"[np.int64(0), np.int64(2), np.int64(3), np.int64(4), np.int64(6), np.int64(7), np.int64(8), np.int64(1)]",28.010267783653433,"(np.int64(8), np.int64(1))",0-2:26.82;2-3:26.64;3-4:27.51;4-6:27.81;6-7:27.62;7-8:27.70;8-1:28.01
3,"N=9, d=192m (margin 0.57m), Fail 5@t=10",2053,192,5,215,True,DISCONNECTED_BYPASS,-164.0,0,1,1.1386084668240408,"[np.int64(0), np.int64(2), np.int64(3), np.int64(4), np.int64(6), np.int64(7), np.int64(8), np.int64(1)]",27.99434481718246,"(np.int64(8), np.int64(1))",0-2:26.79;2-3:26.65;3-4:27.55;4-6:27.74;6-7:27.64;7-8:27.74;8-1:27.99
3,"N=9, d=192m (margin 0.57m), Fail 5@t=10",2053,192,5,216,True,SOLVED,-164.0,0,1,1.2027816661009056,"[np.int64(0), np.int64(2), np.int64(3), np.int64(4), np.int64(6), np.int64(7), np.int64(8), np.int64(1)]",27.982792031917988,"(np.int64(8), np.int64(1))",0-2:26.76;2-3:26.68;3-4:27.57;4-6:27.67;6-7:27.66;7-8:27.78;8-1:27.98
3,"N=9, d=192m (margin 0.57m), Fail 5@t=10",2053,192,5,217,True,SOLVED,-164.0,0,1,1.188190118160238,"[np.int64(0), np.int64(2), np.int64(3), np.int64(4), np.int64(6), np.int64(7), np.int64(8), np.int64(1)]",27.97549254578009,"(np.int64(8), np.int64(1))",0-2:26.72;2-3:26.74;3-4:27.57;4-6:27.60;6-7:27.69;7-8:27.81;8-1:27.98
3,"N=9, d=192m (margin 0.57m), Fail 5@t=10",2053,192,5,218,True,SOLVED,-164.0,0,1,1.243538164209774,"[np.int64(0), np.int64(2), np.int64(3), np.int64(4), np.int64(6), np.int64(7), np.int64(8), np.int64(1)]",27.971490064935278,"(np.int64(8), np.int64(1))",0-2:26.68;2-3:26.80;3-4:27.56;4-6:27.55;6-7:27.70;7-8:27.84;8-1:27.97
3,"N=9, d=192m (margin 0.57m), Fail 5@t=10",2053,192,5,219,True,SOLVED,-164.0,0,1,1.221183570359709,"[np.int64(0), np.int64(2), np.int64(3), np.int64(4), np.int64(6), np.int64(7), np.int64(8), np.int64(1)]",27.969923652417005,"(np.int64(8), np.int64(1))",0-2:26.64;2-3:26.87;3-4:27.52;4-6:27.51;6-7:27.71;7-8:27.87;8-1:27.97
3,"N=9, d=192m (margin 0.57m), Fail 5@t=10",2053,192,5,220,True,SOLVED,-164.0,0,1,1.1367726165200736,"[np.int64(0), np.int64(2), np.int64(3), np.int64(4), np.int64(6), np.int64(7), np.int64(8), np.int64(1)]",27.97007305501967,"(np.int64(8), np.int64(1))",0-2:26.62;2-3:26.94;3-4:27.46;4-6:27.49;6-7:27.73;7-8:27.89;8-1:27.97
3,"N=9, d=192m (margin 0.57m), Fail 5@t=10",2053,192,5,221,True,SOLVED,-164.0,0,1,1.262897119879876,"[np.int64(0), np.int64(2), np.int64(3), np.int64(4), np.int64(6), np.int64(7), np.int64(8), np.int64(1)]",27.971475578853457,"(np.int64(8), np.int64(1))",0-2:26.61;2-3:26.98;3-4:27.37;4-6:27.49;6-7:27.74;7-8:27.92;8-1:27.97
3,"N=9, d=192m (margin 0.57m), Fail 5@t=10",2053,192,5,222,True,SOLVED,-164.0,0,1,1.3949541566063461,"[np.int64(0), np.int64(2), np.int64(3), np.int64(4), np.int64(6), np.int64(7), np.int64(8), np.int64(1)]",27.96940861860687,"(np.int64(8), np.int64(1))",0-2:26.64;2-3:26.99;3-4:27.30;4-6:27.48;6-7:27.76;7-8:27.94;8-1:27.97
3,"N=9, d=192m (margin 0.57m), Fail 5@t=10",2053,192,5,223,True,SOLVED,-164.0,0,1,1.439579683115093,"[np.int64(0), np.int64(2), np.int64(3), np.int64(4), np.int64(6), np.int64(7), np.int64(8), np.int64(1)]",27.969383836511582,"(np.int64(8), np.int64(1))",0-2:26.67;2-3:26.98;3-4:27.25;4-6:27.46;6-7:27.78;7-8:27.95;8-1:27.97
3,"N=9, d=192m (margin 0.57m), Fail 5@t=10",2053,192,5,224,True,SOLVED,-164.0,0,1,1.3750713000664483,"[np.int64(0), np.int64(2), np.int64(3), np.int64(4), np.int64(6), np.int64(7), np.int64(8), np.int64(1)]",27.970825225343866,"(np.int64(8), np.int64(1))",0-2:26.71;2-3:26.96;3-4:27.22;4-6:27.44;6-7:27.78;7-8:27.97;8-1:27.97
3,"N=9, d=192m (margin 0.57m), Fail 5@t=10",2053,192,5,225,True,SOLVED,-164.0,0,1,1.1936664410259124,"[np.int64(0), np.int64(2), np.int64(3), np.int64(4), np.int64(6), np.int64(7), np.int64(8), np.int64(1)]",27.977314172154152,"(np.int64(7), np.int64(8))",0-2:26.75;2-3:26.95;3-4:27.20;4-6:27.42;6-7:27.79;7-8:27.98;8-1:27.97
3,"N=9, d=192m (margin 0.57m), Fail 5@t=10",2053,192,5,226,True,SOLVED,-164.0,0,1,1.0405894038390249,"[np.int64(0), np.int64(2), np.int64(3), np.int64(4), np.int64(6), np.int64(7), np.int64(8), np.int64(1)]",27.985861745902273,"(np.int64(7), np.int64(8))",0-2:26.77;2-3:26.94;3-4:27.18;4-6:27.39;6-7:27.81;7-8:27.99;8-1:27.98
3,"N=9, d=192m (margin 0.57m), Fail 5@t=10",2053,192,5,227,True,SOLVED,-164.0,0,1,1.1475548505909257,"[np.int64(0), np.int64(2), np.int64(3), np.int64(4), np.int64(6), np.int64(7), np.int64(8), np.int64(1)]",27.992269326124333,"(np.int64(7), np.int64(8))",0-2:26.78;2-3:26.94;3-4:27.16;4-6:27.37;6-7:27.83;7-8:27.99;8-1:27.98
3,"N=9, d=192m (margin 0.57m), Fail 5@t=10",2053,192,5,228,True,SOLVED,-164.0,0,1,1.2258869304523523,"[np.int64(0), np.int64(2), np.int64(3), np.int64(4), np.int64(6), np.int64(7), np.int64(8), np.int64(1)]",27.997044809199455,"(np.int64(7), np.int64(8))",0-2:26.78;2-3:26.95;3-4:27.15;4-6:27.35;6-7:27.83;7-8:28.00;8-1:27.98
3,"N=9, d=192m (margin 0.57m), Fail 5@t=10",2053,192,5,229,True,SOLVED,-164.0,0,1,1.2052626005456728,"[np.int64(0), np.int64(2), np.int64(3), np.int64(4), np.int64(6), np.int64(7), np.int64(8), np.int64(1)]",27.99737739147462,"(np.int64(7), np.int64(8))",0-2:26.77;2-3:26.98;3-4:27.15;4-6:27.34;6-7:27.83;7-8:28.00;8-1:27.98
3,"N=9, d=192m (margin 0.57m), Fail 5@t=10",2053,192,5,230,True,SOLVED,-164.0,0,1,1.1816271255124988,"[np.int64(0), np.int64(2), np.int64(3), np.int64(4), np.int64(6), np.int64(7), np.int64(8), np.int64(1)]",27.997887227386617,"(np.int64(7), np.int64(8))",0-2:26.76;2-3:26.99;3-4:27.16;4-6:27.33;6-7:27.81;7-8:28.00;8-1:27.99
3,"N=9, d=192m (margin 0.57m), Fail 5@t=10",2053,192,5,231,True,SOLVED,-164.0,0,1,1.2076341188631197,"[np.int64(0), np.int64(2), np.int64(3), np.int64(4), np.int64(6), np.int64(7), np.int64(8), np.int64(1)]",27.998305406606985,"(np.int64(7), np.int64(8))",0-2:26.76;2-3:26.99;3-4:27.17;4-6:27.33;6-7:27.79;7-8:28.00;8-1:27.99
3,"N=9, d=192m (margin 0.57m), Fail 5@t=10",2053,192,5,232,True,SOLVED,-164.0,0,1,1.2925499541323695,"[np.int64(0), np.int64(2), np.int64(3), np.int64(4), np.int64(6), np.int64(7), np.int64(8), np.int64(1)]",27.99839408956143,"(np.int64(7), np.int64(8))",0-2:26.78;2-3:26.96;3-4:27.20;4-6:27.33;6-7:27.77;7-8:28.00;8-1:27.99
3,"N=9, d=192m (margin 0.57m), Fail 5@t=10",2053,192,5,233,True,SOLVED,-164.0,0,1,1.241787877171306,"[np.int64(0), np.int64(2), np.int64(3), np.int64(4), np.int64(6), np.int64(7), np.int64(8), np.int64(1)]",27.998311767048147,"(np.int64(7), np.int64(8))",0-2:26.82;2-3:26.92;3-4:27.24;4-6:27.33;6-7:27.74;7-8:28.00;8-1:27.99
3,"N=9, d=192m (margin 0.57m), Fail 5@t=10",2053,192,5,234,True,SOLVED,-164.0,0,1,1.1408912412921999,"[np.int64(0), np.int64(2), np.int64(3), np.int64(4), np.int64(6), np.int64(7), np.int64(8), np.int64(1)]",27.99826044202764,"(np.int64(7), np.int64(8))",0-2:26.85;2-3:26.90;3-4:27.25;4-6:27.32;6-7:27.71;7-8:28.00;8-1:28.00
3,"N=9, d=192m (margin 0.57m), Fail 5@t=10",2053,192,5,235,True,SOLVED,-164.0,0,1,1.403076501265297,"[np.int64(0), np.int64(2), np.int64(3), np.int64(4), np.int64(6), np.int64(7), np.int64(8), np.int64(1)]",27.998334319766535,"(np.int64(7), np.int64(8))",0-2:26.88;2-3:26.90;3-4:27.24;4-6:27.32;6-7:27.68;7-8:28.00;8-1:28.00
3,"N=9, d=192m (margin 0.57m), Fail 5@t=10",2053,192,5,236,True,SOLVED,-164.0,0,1,1.280840787721377,"[np.int64(0), np.int64(2), np.int64(3), np.int64(4), np.int64(6), np.int64(7), np.int64(8), np.int64(1)]",27.998162499160486,"(np.int64(8), np.int64(1))",0-2:26.89;2-3:26.93;3-4:27.21;4-6:27.32;6-7:27.66;7-8:27.99;8-1:28.00
3,"N=9, d=192m (margin 0.57m), Fail 5@t=10",2053,192,5,237,True,SOLVED,-164.0,0,1,1.1976518524659627,"[np.int64(0), np.int64(2), np.int64(3), np.int64(4), np.int64(6), np.int64(7), np.int64(8), np.int64(1)]",27.998821242329186,"(np.int64(8), np.int64(1))",0-2:26.90;2-3:26.98;3-4:27.17;4-6:27.33;6-7:27.64;7-8:27.99;8-1:28.00
3,"N=9, d=192m (margin 0.57m), Fail 5@t=10",2053,192,5,238,True,SOLVED,-164.0,0,1,1.2642701149622106,"[np.int64(0), np.int64(2), np.int64(3), np.int64(4), np.int64(6), np.int64(7), np.int64(8), np.int64(1)]",27.999287840130346,"(np.int64(8), np.int64(1))",0-2:26.90;2-3:27.04;3-4:27.12;4-6:27.35;6-7:27.63;7-8:27.98;8-1:28.00
3,"N=9, d=192m (margin 0.57m), Fail 5@t=10",2053,192,5,239,True,SOLVED,-164.0,0,1,1.1785063443621304,"[np.int64(0), np.int64(2), np.int64(3), np.int64(4), np.int64(6), np.int64(7), np.int64(8), np.int64(1)]",27.999523462426705,"(np.int64(8), np.int64(1))",0-2:26.90;2-3:27.09;3-4:27.06;4-6:27.37;6-7:27.62;7-8:27.97;8-1:28.00
3,"N=9, d=192m (margin 0.57m), Fail 5@t=10",2053,192,5,240,True,SOLVED,-164.0,0,1,1.0435398660011643,"[np.int64(0), np.int64(2), np.int64(3), np.int64(4), np.int64(6), np.int64(7), np.int64(8), np.int64(1)]",27.999576629690146,"(np.int64(8), np.int64(1))",0-2:26.92;2-3:27.11;3-4:27.04;4-6:27.39;6-7:27.60;7-8:27.95;8-1:28.00
3,"N=9, d=192m (margin 0.57m), Fail 5@t=10",2053,192,5,241,True,SOLVED,-164.0,0,1,0.7581012106676173,"[np.int64(0), np.int64(2), np.int64(3), np.int64(4), np.int64(6), np.int64(7), np.int64(8), np.int64(1)]",27.99948955369837,"(np.int64(8), np.int64(1))",0-2:26.94;2-3:27.11;3-4:27.06;4-6:27.40;6-7:27.56;7-8:27.94;8-1:28.00
3,"N=9, d=192m (margin 0.57m), Fail 5@t=10",2053,192,5,242,True,SOLVED,-164.0,0,1,0.7921145082095449,"[np.int64(0), np.int64(2), np.int64(3), np.int64(4), np.int64(6), np.int64(7), np.int64(8), np.int64(1)]",27.999354625186463,"(np.int64(8), np.int64(1))",0-2:26.96;2-3:27.08;3-4:27.12;4-6:27.39;6-7:27.53;7-8:27.92;8-1:28.00
3,"N=9, d=192m (margin 0.57m), Fail 5@t=10",2053,192,5,243,True,SOLVED,-164.0,0,1,0.8400708576486628,"[np.int64(0), np.int64(2), np.int64(3), np.int64(4), np.int64(6), np.int64(7), np.int64(8), np.int64(1)]",27.999247365047506,"(np.int64(8), np.int64(1))",0-2:26.98;2-3:27.05;3-4:27.19;4-6:27.39;6-7:27.49;7-8:27.91;8-1:28.00
3,"N=9, d=192m (margin 0.57m), Fail 5@t=10",2053,192,5,244,True,SOLVED,-164.0,0,1,0.8887950269414195,"[np.int64(0), np.int64(2), np.int64(3), np.int64(4), np.int64(6), np.int64(7), np.int64(8), np.int64(1)]",27.99919990365338,"(np.int64(8), np.int64(1))",0-2:26.99;2-3:27.03;3-4:27.27;4-6:27.37;6-7:27.44;7-8:27.90;8-1:28.00
3,"N=9, d=192m (margin 0.57m), Fail 5@t=10",2053,192,5,245,True,SOLVED,-164.0,0,1,0.9316321948501511,"[np.int64(0), np.int64(2), np.int64(3), np.int64(4), np.int64(6), np.int64(7), np.int64(8), np.int64(1)]",27.99922236058153,"(np.int64(8), np.int64(1))",0-2:26.99;2-3:27.06;3-4:27.32;4-6:27.35;6-7:27.40;7-8:27.89;8-1:28.00
3,"N=9, d=192m (margin 0.57m), Fail 5@t=10",2053,192,5,246,True,SOLVED,-164.0,0,1,0.8076016939088924,"[np.int64(0), np.int64(2), np.int64(3), np.int64(4), np.int64(6), np.int64(7), np.int64(8), np.int64(1)]",27.999291457050408,"(np.int64(8), np.int64(1))",0-2:26.97;2-3:27.12;3-4:27.35;4-6:27.33;6-7:27.36;7-8:27.88;8-1:28.00
3,"N=9, d=192m (margin 0.57m), Fail 5@t=10",2053,192,5,247,True,SOLVED,-164.0,0,1,0.6939565964311093,"[np.int64(0), np.int64(2), np.int64(3), np.int64(4), np.int64(6), np.int64(7), np.int64(8), np.int64(1)]",27.999386666670564,"(np.int64(8), np.int64(1))",0-2:26.96;2-3:27.18;3-4:27.36;4-6:27.31;6-7:27.34;7-8:27.85;8-1:28.00
3,"N=9, d=192m (margin 0.57m), Fail 5@t=10",2053,192,5,248,True,SOLVED,-164.0,0,1,0.771585141108437,"[np.int64(0), np.int64(2), np.int64(3), np.int64(4), np.int64(6), np.int64(7), np.int64(8), np.int64(1)]",27.999458720730534,"(np.int64(8), np.int64(1))",0-2:26.98;2-3:27.21;3-4:27.38;4-6:27.29;6-7:27.33;7-8:27.82;8-1:28.00
3,"N=9, d=192m (margin 0.57m), Fail 5@t=10",2053,192,5,249,True,SOLVED,-164.0,0,1,0.6312710688973006,"[np.int64(0), np.int64(2), np.int64(3), np.int64(4), np.int64(6), np.int64(7), np.int64(8), np.int64(1)]",27.999508075533072,"(np.int64(8), np.int64(1))",0-2:27.01;2-3:27.22;3-4:27.39;4-6:27.27;6-7:27.32;7-8:27.80;8-1:28.00
3,"N=9, d=192m (margin 0.57m), Fail 5@t=10",2053,192,5,250,True,SOLVED,-164.0,0,1,0.6096051633999526,"[np.int64(0), np.int64(2), np.int64(3), np.int64(4), np.int64(6), np.int64(7), np.int64(8), np.int64(1)]",27.99953850541009,"(np.int64(8), np.int64(1))",0-2:27.04;2-3:27.23;3-4:27.40;4-6:27.26;6-7:27.30;7-8:27.77;8-1:28.00
3,"N=9, d=192m (margin 0.57m), Fail 5@t=10",2053,192,5,251,True,SOLVED,-164.0,0,1,0.5990226002390012,"[np.int64(0), np.int64(2), np.int64(3), np.int64(4), np.int64(6), np.int64(7), np.int64(8), np.int64(1)]",27.99955838059828,"(np.int64(8), np.int64(1))",0-2:27.08;2-3:27.24;3-4:27.41;4-6:27.25;6-7:27.29;7-8:27.75;8-1:28.00
3,"N=9, d=192m (margin 0.57m), Fail 5@t=10",2053,192,5,252,True,SOLVED,-164.0,0,1,0.5887524212820214,"[np.int64(0), np.int64(2), np.int64(3), np.int64(4), np.int64(6), np.int64(7), np.int64(8), np.int64(1)]",27.99957076429646,"(np.int64(8), np.int64(1))",0-2:27.11;2-3:27.25;3-4:27.41;4-6:27.24;6-7:27.27;7-8:27.72;8-1:28.00
3,"N=9, d=192m (margin 0.57m), Fail 5@t=10",2053,192,5,253,True,SOLVED,-164.0,0,1,0.6098828608641945,"[np.int64(0), np.int64(2), np.int64(3), np.int64(4), np.int64(6), np.int64(7), np.int64(8), np.int64(1)]",27.999571897061305,"(np.int64(8), np.int64(1))",0-2:27.14;2-3:27.28;3-4:27.39;4-6:27.24;6-7:27.26;7-8:27.70;8-1:28.00
3,"N=9, d=192m (margin 0.57m), Fail 5@t=10",2053,192,5,254,True,SOLVED,-164.0,0,1,0.6294484974475392,"[np.int64(0), np.int64(2), np.int64(3), np.int64(4), np.int64(6), np.int64(7), np.int64(8), np.int64(1)]",27.99956517688717,"(np.int64(8), np.int64(1))",0-2:27.18;2-3:27.30;3-4:27.36;4-6:27.25;6-7:27.25;7-8:27.68;8-1:28.00
3,"N=9, d=192m (margin 0.57m), Fail 5@t=10",2053,192,5,255,True,SOLVED,-164.0,0,1,0.5579584910948692,"[np.int64(0), np.int64(2), np.int64(3), np.int64(4), np.int64(6), np.int64(7), np.int64(8), np.int64(1)]",27.999560042048156,"(np.int64(8), np.int64(1))",0-2:27.23;2-3:27.31;3-4:27.33;4-6:27.26;6-7:27.23;7-8:27.66;8-1:28.00
3,"N=9, d=192m (margin 0.57m), Fail 5@t=10",2053,192,5,256,True,SOLVED,-164.0,0,1,0.556109414404624,"[np.int64(0), np.int64(2), np.int64(3), np.int64(4), np.int64(6), np.int64(7), np.int64(8), np.int64(1)]",27.999563264493478,"(np.int64(8), np.int64(1))",0-2:27.29;2-3:27.29;3-4:27.32;4-6:27.27;6-7:27.22;7-8:27.64;8-1:28.00
3,"N=9, d=192m (margin 0.57m), Fail 5@t=10",2053,192,5,257,True,SOLVED,-164.0,0,1,0.6184301341808564,"[np.int64(0), np.int64(2), np.int64(3), np.int64(4), np.int64(6), np.int64(7), np.int64(8), np.int64(1)]",27.999575132557876,"(np.int64(8), np.int64(1))",0-2:27.35;2-3:27.27;3-4:27.31;4-6:27.27;6-7:27.21;7-8:27.62;8-1:28.00
3,"N=9, d=192m (margin 0.57m), Fail 5@t=10",2053,192,5,258,True,SOLVED,-164.0,0,1,0.6349344041455186,"[np.int64(0), np.int64(2), np.int64(3), np.int64(4), np.int64(6), np.int64(7), np.int64(8), np.int64(1)]",27.999589107174216,"(np.int64(8), np.int64(1))",0-2:27.41;2-3:27.25;3-4:27.30;4-6:27.28;6-7:27.19;7-8:27.60;8-1:28.00
3,"N=9, d=192m (margin 0.57m), Fail 5@t=10",2053,192,5,259,True,SOLVED,-164.0,0,1,0.5235821936908073,"[np.int64(0), np.int64(2), np.int64(3), np.int64(4), np.int64(6), np.int64(7), np.int64(8), np.int64(1)]",27.999608330097534,"(np.int64(8), np.int64(1))",0-2:27.46;2-3:27.23;3-4:27.30;4-6:27.29;6-7:27.18;7-8:27.58;8-1:28.00
3,"N=9, d=192m (margin 0.57m), Fail 5@t=10",2053,192,5,260,True,SOLVED,-164.0,0,1,0.4994889092699042,"[np.int64(0), np.int64(2), np.int64(3), np.int64(4), np.int64(6), np.int64(7), np.int64(8), np.int64(1)]",27.99962753183527,"(np.int64(8), np.int64(1))",0-2:27.49;2-3:27.22;3-4:27.30;4-6:27.30;6-7:27.17;7-8:27.56;8-1:28.00
3,"N=9, d=192m (margin 0.57m), Fail 5@t=10",2053,192,5,261,True,SOLVED,-164.0,0,1,0.4963156585871678,"[np.int64(0), np.int64(2), np.int64(3), np.int64(4), np.int64(6), np.int64(7), np.int64(8), np.int64(1)]",27.999649499584017,"(np.int64(8), np.int64(1))",0-2:27.51;2-3:27.23;3-4:27.30;4-6:27.31;6-7:27.15;7-8:27.54;8-1:28.00
3,"N=9, d=192m (margin 0.57m), Fail 5@t=10",2053,192,5,262,True,SOLVED,-164.0,0,1,0.4931549069189978,"[np.int64(0), np.int64(2), np.int64(3), np.int64(4), np.int64(6), np.int64(7), np.int64(8), np.int64(1)]",27.99966954397592,"(np.int64(8), np.int64(1))",0-2:27.52;2-3:27.26;3-4:27.29;4-6:27.32;6-7:27.14;7-8:27.52;8-1:28.00
3,"N=9, d=192m (margin 0.57m), Fail 5@t=10",2053,192,5,263,True,SOLVED,-164.0,0,1,0.490007405913861,"[np.int64(0), np.int64(2), np.int64(3), np.int64(4), np.int64(6), np.int64(7), np.int64(8), np.int64(1)]",27.999691047472158,"(np.int64(8), np.int64(1))",0-2:27.51;2-3:27.29;3-4:27.29;4-6:27.33;6-7:27.12;7-8:27.50;8-1:28.00
3,"N=9, d=192m (margin 0.57m), Fail 5@t=10",2053,192,5,264,True,SOLVED,-164.0,0,1,0.48687283040624113,"[np.int64(0), np.int64(2), np.int64(3), np.int64(4), np.int64(6), np.int64(7), np.int64(8), np.int64(1)]",27.99971103884275,"(np.int64(8), np.int64(1))",0-2:27.50;2-3:27.34;3-4:27.29;4-6:27.33;6-7:27.11;7-8:27.49;8-1:28.00
3,"N=9, d=192m (margin 0.57m), Fail 5@t=10",2053,192,5,265,True,SOLVED,-164.0,0,1,0.4837607106283088,"[np.int64(0), np.int64(2), np.int64(3), np.int64(4), np.int64(6), np.int64(7), np.int64(8), np.int64(1)]",27.999730268838388,"(np.int64(8), np.int64(1))",0-2:27.47;2-3:27.37;3-4:27.31;4-6:27.34;6-7:27.10;7-8:27.47;8-1:28.00
3,"N=9, d=192m (margin 0.57m), Fail 5@t=10",2053,192,5,266,True,SOLVED,-164.0,0,1,0.4806530648046048,"[np.int64(0), np.int64(2), np.int64(3), np.int64(4), np.int64(6), np.int64(7), np.int64(8), np.int64(1)]",27.999747497371693,"(np.int64(8), np.int64(1))",0-2:27.45;2-3:27.38;3-4:27.35;4-6:27.35;6-7:27.08;7-8:27.45;8-1:28.00
3,"N=9, d=192m (margin 0.57m), Fail 5@t=10",2053,192,5,267,True,SOLVED,-164.0,0,1,0.477559237052217,"[np.int64(0), np.int64(2), np.int64(3), np.int64(4), np.int64(6), np.int64(7), np.int64(8), np.int64(1)]",27.999764279555933,"(np.int64(8), np.int64(1))",0-2:27.43;2-3:27.38;3-4:27.40;4-6:27.36;6-7:27.07;7-8:27.44;8-1:28.00
3,"N=9, d=192m (margin 0.57m), Fail 5@t=10",2053,192,5,268,True,SOLVED,-164.0,0,1,0.4744794976377164,"[np.int64(0), np.int64(2), np.int64(3), np.int64(4), np.int64(6), np.int64(7), np.int64(8), np.int64(1)]",27.999778947241104,"(np.int64(8), np.int64(1))",0-2:27.41;2-3:27.37;3-4:27.45;4-6:27.37;6-7:27.06;7-8:27.42;8-1:28.00
3,"N=9, d=192m (margin 0.57m), Fail 5@t=10",2053,192,5,269,True,SOLVED,-164.0,0,1,0.47140460984641863,"[np.int64(0), np.int64(2), np.int64(3), np.int64(4), np.int64(6), np.int64(7), np.int64(8), np.int64(1)]",27.999793392766517,"(np.int64(8), np.int64(1))",0-2:27.38;2-3:27.36;3-4:27.50;4-6:27.38;6-7:27.04;7-8:27.41;8-1:28.00
3,"N=9, d=192m (margin 0.57m), Fail 5@t=10",2053,192,5,270,True,SOLVED,-164.0,0,1,0.46835003769218414,"[np.int64(0), np.int64(2), np.int64(3), np.int64(4), np.int64(6), np.int64(7), np.int64(8), np.int64(1)]",27.99980489324975,"(np.int64(8), np.int64(1))",0-2:27.35;2-3:27.36;3-4:27.55;4-6:27.39;6-7:27.03;7-8:27.40;8-1:28.00
3,"N=9, d=192m (margin 0.57m), Fail 5@t=10",2053,192,5,271,True,SOLVED,-164.0,0,1,0.46531431607881224,"[np.int64(0), np.int64(2), np.int64(3), np.int64(4), np.int64(6), np.int64(7), np.int64(8), np.int64(1)]",27.99981823580189,"(np.int64(8), np.int64(1))",0-2:27.32;2-3:27.36;3-4:27.60;4-6:27.40;6-7:27.01;7-8:27.38;8-1:28.00
3,"N=9, d=192m (margin 0.57m), Fail 5@t=10",2053,192,5,272,True,SOLVED,-164.0,0,1,0.4622938261675618,"[np.int64(0), np.int64(2), np.int64(3), np.int64(4), np.int64(6), np.int64(7), np.int64(8), np.int64(1)]",27.99983097564616,"(np.int64(8), np.int64(1))",0-2:27.30;2-3:27.37;3-4:27.64;4-6:27.42;6-7:27.00;7-8:27.37;8-1:28.00
3,"N=9, d=192m (margin 0.57m), Fail 5@t=10",2053,192,5,273,True,SOLVED,-164.0,0,1,0.45928887170476795,"[np.int64(0), np.int64(2), np.int64(3), np.int64(4), np.int64(6), np.int64(7), np.int64(8), np.int64(1)]",27.999841517626347,"(np.int64(8), np.int64(1))",0-2:27.27;2-3:27.37;3-4:27.69;4-6:27.43;6-7:26.99;7-8:27.36;8-1:28.00
3,"N=9, d=192m (margin 0.57m), Fail 5@t=10",2053,192,5,274,True,SOLVED,-164.0,0,1,0.45629975473446927,"[np.int64(0), np.int64(2), np.int64(3), np.int64(4), np.int64(6), np.int64(7), np.int64(8), np.int64(1)]",27.99985105117617,"(np.int64(8), np.int64(1))",0-2:27.25;2-3:27.37;3-4:27.73;4-6:27.44;6-7:26.97;7-8:27.35;8-1:28.00
3,"N=9, d=192m (margin 0.57m), Fail 5@t=10",2053,192,5,275,True,SOLVED,-164.0,0,1,0.4533267885877679,"[np.int64(0), np.int64(2), np.int64(3), np.int64(4), np.int64(6), np.int64(7), np.int64(8), np.int64(1)]",27.9998589650091,"(np.int64(8), np.int64(1))",0-2:27.22;2-3:27.37;3-4:27.77;4-6:27.45;6-7:26.96;7-8:27.33;8-1:28.00
3,"N=9, d=192m (margin 0.57m), Fail 5@t=10",2053,192,5,276,True,SOLVED,-164.0,0,1,0.4503702931481721,"[np.int64(0), np.int64(2), np.int64(3), np.int64(4), np.int64(6), np.int64(7), np.int64(8), np.int64(1)]",27.99986643107533,"(np.int64(8), np.int64(1))",0-2:27.20;2-3:27.38;3-4:27.81;4-6:27.47;6-7:26.95;7-8:27.32;8-1:28.00
3,"N=9, d=192m (margin 0.57m), Fail 5@t=10",2053,192,5,277,True,SOLVED,-164.0,0,1,0.44743059487970155,"[np.int64(0), np.int64(2), np.int64(3), np.int64(4), np.int64(6), np.int64(7), np.int64(8), np.int64(1)]",27.999873034971653,"(np.int64(8), np.int64(1))",0-2:27.17;2-3:27.38;3-4:27.84;4-6:27.48;6-7:26.93;7-8:27.31;8-1:28.00
3,"N=9, d=192m (margin 0.57m), Fail 5@t=10",2053,192,5,278,True,SOLVED,-164.0,0,1,0.4445080270779393,"[np.int64(0), np.int64(2), np.int64(3), np.int64(4), np.int64(6), np.int64(7), np.int64(8), np.int64(1)]",27.99987952631426,"(np.int64(8), np.int64(1))",0-2:27.15;2-3:27.39;3-4:27.88;4-6:27.50;6-7:26.92;7-8:27.30;8-1:28.00
3,"N=9, d=192m (margin 0.57m), Fail 5@t=10",2053,192,5,279,True,SOLVED,-164.0,0,1,0.4416029298279871,"[np.int64(0), np.int64(2), np.int64(3), np.int64(4), np.int64(6), np.int64(7), np.int64(8), np.int64(1)]",27.999885563041577,"(np.int64(8), np.int64(1))",0-2:27.12;2-3:27.40;3-4:27.90;4-6:27.52;6-7:26.91;7-8:27.29;8-1:28.00
3,"N=9, d=192m (margin 0.57m), Fail 5@t=10",2053,192,5,280,True,SOLVED,-164.0,0,1,0.438715617174047,"[np.int64(0), np.int64(2), np.int64(3), np.int64(4), np.int64(6), np.int64(7), np.int64(8), np.int64(1)]",27.999894922199008,"(np.int64(8), np.int64(1))",0-2:27.10;2-3:27.40;3-4:27.93;4-6:27.54;6-7:26.89;7-8:27.28;8-1:28.00
3,"N=9, d=192m (margin 0.57m), Fail 5@t=10",2053,192,5,281,True,SOLVED,-164.0,0,1,0.43584650952298354,"[np.int64(0), np.int64(2), np.int64(3), np.int64(4), np.int64(6), np.int64(7), np.int64(8), np.int64(1)]",27.999902833263153,"(np.int64(8), np.int64(1))",0-2:27.08;2-3:27.41;3-4:27.95;4-6:27.56;6-7:26.88;7-8:27.27;8-1:28.00
3,"N=9, d=192m (margin 0.57m), Fail 5@t=10",2053,192,5,282,True,SOLVED,-164.0,0,1,0.43299592546105475,"[np.int64(0), np.int64(2), np.int64(3), np.int64(4), np.int64(6), np.int64(7), np.int64(8), np.int64(1)]",27.999910337202554,"(np.int64(8), np.int64(1))",0-2:27.06;2-3:27.42;3-4:27.96;4-6:27.59;6-7:26.86;7-8:27.26;8-1:28.00
3,"N=9, d=192m (margin 0.57m), Fail 5@t=10",2053,192,5,283,True,SOLVED,-164.0,0,1,0.43016425224681754,"[np.int64(0), np.int64(2), np.int64(3), np.int64(4), np.int64(6), np.int64(7), np.int64(8), np.int64(1)]",27.999916852211665,"(np.int64(8), np.int64(1))",0-2:27.04;2-3:27.43;3-4:27.98;4-6:27.62;6-7:26.85;7-8:27.26;8-1:28.00
3,"N=9, d=192m (margin 0.57m), Fail 5@t=10",2053,192,5,284,True,SOLVED,-164.0,0,1,0.4273518561786421,"[np.int64(0), np.int64(2), np.int64(3), np.int64(4), np.int64(6), np.int64(7), np.int64(8), np.int64(1)]",27.99992245686778,"(np.int64(8), np.int64(1))",0-2:27.02;2-3:27.44;3-4:27.99;4-6:27.65;6-7:26.84;7-8:27.25;8-1:28.00
3,"N=9, d=192m (margin 0.57m), Fail 5@t=10",2053,192,5,285,True,SOLVED,-164.0,0,1,0.424559120327021,"[np.int64(0), np.int64(2), np.int64(3), np.int64(4), np.int64(6), np.int64(7), np.int64(8), np.int64(1)]",27.99992725542628,"(np.int64(8), np.int64(1))",0-2:27.00;2-3:27.45;3-4:28.00;4-6:27.68;6-7:26.82;7-8:27.24;8-1:28.00
3,"N=9, d=192m (margin 0.57m), Fail 5@t=10",2053,192,5,286,False,SOLVED,-164.0,0,1,0.42178642967961666,"[np.int64(0), np.int64(2), np.int64(3), np.int64(4), np.int64(6), np.int64(7), np.int64(8), np.int64(1)]",28.000692160937735,"(np.int64(3), np.int64(4))",0-2:26.99;2-3:27.45;3-4:28.00;4-6:27.71;6-7:26.81;7-8:27.23;8-1:28.00
3,"N=9, d=192m (margin 0.57m), Fail 5@t=10",2053,192,5,287,False,DISCONNECTED_BYPASS,-164.0,0,1,0.4798021401046157,"[np.int64(0), np.int64(2), np.int64(3), np.int64(4), np.int64(6), np.int64(7), np.int64(8), np.int64(1)]",28.000811536222194,"(np.int64(8), np.int64(1))",0-2:27.01;2-3:27.47;3-4:27.92;4-6:27.77;6-7:26.80;7-8:27.22;8-1:28.00
3,"N=9, d=192m (margin 0.57m), Fail 5@t=10",2053,192,5,288,True,DISCONNECTED_BYPASS,-164.0,0,1,0.5434570063307967,"[np.int64(0), np.int64(2), np.int64(3), np.int64(4), np.int64(6), np.int64(7), np.int64(8), np.int64(1)]",27.99556155587379,"(np.int64(8), np.int64(1))",0-2:27.04;2-3:27.46;3-4:27.86;4-6:27.84;6-7:26.78;7-8:27.22;8-1:28.00
3,"N=9, d=192m (margin 0.57m), Fail 5@t=10",2053,192,5,289,True,SOLVED,-164.0,0,1,0.6417451536337136,"[np.int64(0), np.int64(2), np.int64(3), np.int64(4), np.int64(6), np.int64(7), np.int64(8), np.int64(1)]",27.990716638053296,"(np.int64(8), np.int64(1))",0-2:27.10;2-3:27.41;3-4:27.82;4-6:27.89;6-7:26.77;7-8:27.21;8-1:27.99
3,"N=9, d=192m (margin 0.57m), Fail 5@t=10",2053,192,5,290,True,SOLVED,-164.0,0,1,0.6545643128752708,"[np.int64(0), np.int64(2), np.int64(3), np.int64(4), np.int64(6), np.int64(7), np.int64(8), np.int64(1)]",27.986706747438113,"(np.int64(8), np.int64(1))",0-2:27.16;2-3:27.35;3-4:27.80;4-6:27.93;6-7:26.76;7-8:27.21;8-1:27.99
3,"N=9, d=192m (margin 0.57m), Fail 5@t=10",2053,192,5,291,True,SOLVED,-164.0,0,1,0.7424535737522999,"[np.int64(0), np.int64(2), np.int64(3), np.int64(4), np.int64(6), np.int64(7), np.int64(8), np.int64(1)]",27.98098183452014,"(np.int64(8), np.int64(1))",0-2:27.22;2-3:27.29;3-4:27.79;4-6:27.95;6-7:26.76;7-8:27.20;8-1:27.98
3,"N=9, d=192m (margin 0.57m), Fail 5@t=10",2053,192,5,292,True,SOLVED,-164.0,0,1,0.7330052628792585,"[np.int64(0), np.int64(2), np.int64(3), np.int64(4), np.int64(6), np.int64(7), np.int64(8), np.int64(1)]",27.973159654552028,"(np.int64(8), np.int64(1))",0-2:27.28;2-3:27.23;3-4:27.77;4-6:27.97;6-7:26.75;7-8:27.19;8-1:27.97
3,"N=9, d=192m (margin 0.57m), Fail 5@t=10",2053,192,5,293,True,SOLVED,-164.0,0,1,0.8756337474133326,"[np.int64(0), np.int64(2), np.int64(3), np.int64(4), np.int64(6), np.int64(7), np.int64(8), np.int64(1)]",27.965775413096914,"(np.int64(8), np.int64(1))",0-2:27.34;2-3:27.20;3-4:27.75;4-6:27.96;6-7:26.78;7-8:27.17;8-1:27.97
3,"N=9, d=192m (margin 0.57m), Fail 5@t=10",2053,192,5,294,True,SOLVED,-164.0,0,1,1.129284373247319,"[np.int64(0), np.int64(2), np.int64(3), np.int64(4), np.int64(6), np.int64(7), np.int64(8), np.int64(1)]",27.956540429294115,"(np.int64(8), np.int64(1))",0-2:27.38;2-3:27.18;3-4:27.72;4-6:27.94;6-7:26.83;7-8:27.14;8-1:27.96
3,"N=9, d=192m (margin 0.57m), Fail 5@t=10",2053,192,5,295,True,SOLVED,-164.0,0,1,1.3621314950054075,"[np.int64(0), np.int64(2), np.int64(3), np.int64(4), np.int64(6), np.int64(7), np.int64(8), np.int64(1)]",27.94742939530349,"(np.int64(8), np.int64(1))",0-2:27.41;2-3:27.18;3-4:27.67;4-6:27.90;6-7:26.87;7-8:27.12;8-1:27.95
3,"N=9, d=192m (margin 0.57m), Fail 5@t=10",2053,192,5,296,True,SOLVED,-164.0,0,1,1.4905695701698232,"[np.int64(0), np.int64(2), np.int64(3), np.int64(4), np.int64(6), np.int64(7), np.int64(8), np.int64(1)]",27.927313394592343,"(np.int64(8), np.int64(1))",0-2:27.42;2-3:27.22;3-4:27.62;4-6:27.86;6-7:26.91;7-8:27.12;8-1:27.93
3,"N=9, d=192m (margin 0.57m), Fail 5@t=10",2053,192,5,297,True,SOLVED,-164.0,0,1,1.1844889604659357,"[np.int64(0), np.int64(2), np.int64(3), np.int64(4), np.int64(6), np.int64(7), np.int64(8), np.int64(1)]",27.904429286919722,"(np.int64(8), np.int64(1))",0-2:27.41;2-3:27.27;3-4:27.58;4-6:27.82;6-7:26.95;7-8:27.14;8-1:27.90
3,"N=9, d=192m (margin 0.57m), Fail 5@t=10",2053,192,5,298,True,SOLVED,-164.0,0,1,1.4318833060718088,"[np.int64(0), np.int64(2), np.int64(3), np.int64(4), np.int64(6), np.int64(7), np.int64(8), np.int64(1)]",27.877259058936048,"(np.int64(8), np.int64(1))",0-2:27.39;2-3:27.32;3-4:27.53;4-6:27.78;6-7:26.98;7-8:27.17;8-1:27.88
3,"N=9, d=192m (margin 0.57m), Fail 5@t=10",2053,192,5,299,True,SOLVED,-164.0,0,1,1.099034277722408,"[np.int64(0), np.int64(2), np.int64(3), np.int64(4), np.int64(6), np.int64(7), np.int64(8), np.int64(1)]",27.84942849001521,"(np.int64(8), np.int64(1))",0-2:27.37;2-3:27.39;3-4:27.49;4-6:27.74;6-7:27.01;7-8:27.20;8-1:27.85
4,"N=9, d=195m (margin 0.14m), Fail 5@t=10",2054,195,5,0,True,SOLVED,-167.0,0,1,0.09196812166506926,"[np.int64(0), np.int64(2), np.int64(3), np.int64(4), np.int64(5), np.int64(6), np.int64(7), np.int64(8), np.int64(1)]",24.383234404532992,"(np.int64(7), np.int64(8))",0-2:24.37;2-3:24.38;3-4:24.37;4-5:24.38;5-6:24.37;6-7:24.38;7-8:24.38;8-1:24.37
4,"N=9, d=195m (margin 0.14m), Fail 5@t=10",2054,195,5,1,True,SOLVED,-167.0,0,1,0.0887759704557442,"[np.int64(0), np.int64(2), np.int64(3), np.int64(4), np.int64(5), np.int64(6), np.int64(7), np.int64(8), np.int64(1)]",24.38829991731592,"(np.int64(7), np.int64(8))",0-2:24.37;2-3:24.38;3-4:24.37;4-5:24.38;5-6:24.37;6-7:24.38;7-8:24.39;8-1:24.36
4,"N=9, d=195m (margin 0.14m), Fail 5@t=10",2054,195,5,2,True,SOLVED,-167.0,0,1,0.08565467186914445,"[np.int64(0), np.int64(2), np.int64(3), np.int64(4), np.int64(5), np.int64(6), np.int64(7), np.int64(8), np.int64(1)]",24.393060311873683,"(np.int64(7), np.int64(8))",0-2:24.37;2-3:24.38;3-4:24.37;4-5:24.38;5-6:24.37;6-7:24.38;7-8:24.39;8-1:24.35
4,"N=9, d=195m (margin 0.14m), Fail 5@t=10",2054,195,5,3,True,SOLVED,-167.0,0,1,0.08261225897652613,"[np.int64(0), np.int64(2), np.int64(3), np.int64(4), np.int64(5), np.int64(6), np.int64(7), np.int64(8), np.int64(1)]",24.397449412708355,"(np.int64(7), np.int64(8))",0-2:24.37;2-3:24.38;3-4:24.37;4-5:24.38;5-6:24.37;6-7:24.39;7-8:24.40;8-1:24.35
4,"N=9, d=195m (margin 0.14m), Fail 5@t=10",2054,195,5,4,True,SOLVED,-167.0,0,1,0.0796577709184031,"[np.int64(0), np.int64(2), np.int64(3), np.int64(4), np.int64(5), np.int64(6), np.int64(7), np.int64(8), np.int64(1)]",24.401635164967903,"(np.int64(7), np.int64(8))",0-2:24.37;2-3:24.38;3-4:24.37;4-5:24.38;5-6:24.37;6-7:24.39;7-8:24.40;8-1:24.34
4,"N=9, d=195m (margin 0.14m), Fail 5@t=10",2054,195,5,5,True,SOLVED,-167.0,0,1,0.07680135580387873,"[np.int64(0), np.int64(2), np.int64(3), np.int64(4), np.int64(5), np.int64(6), np.int64(7), np.int64(8), np.int64(1)]",24.405403476653586,"(np.int64(7), np.int64(8))",0-2:24.37;2-3:24.38;3-4:24.37;4-5:24.38;5-6:24.37;6-7:24.39;7-8:24.41;8-1:24.33
4,"N=9, d=195m (margin 0.14m), Fail 5@t=10",2054,195,5,6,True,SOLVED,-167.0,0,1,0.07405436269694182,"[np.int64(0), np.int64(2), np.int64(3), np.int64(4), np.int64(5), np.int64(6), np.int64(7), np.int64(8), np.int64(1)]",24.409159660939707,"(np.int64(7), np.int64(8))",0-2:24.36;2-3:24.38;3-4:24.37;4-5:24.38;5-6:24.37;6-7:24.40;7-8:24.41;8-1:24.33
4,"N=9, d=195m (margin 0.14m), Fail 5@t=10",2054,195,5,7,True,SOLVED,-167.0,0,1,0.06901890979921503,"[np.int64(0), np.int64(2), np.int64(3), np.int64(4), np.int64(5), np.int64(6), np.int64(7), np.int64(8), np.int64(1)]",24.41182636730254,"(np.int64(7), np.int64(8))",0-2:24.36;2-3:24.38;3-4:24.37;4-5:24.38;5-6:24.37;6-7:24.40;7-8:24.41;8-1:24.32
4,"N=9, d=195m (margin 0.14m), Fail 5@t=10",2054,195,5,8,True,SOLVED,-167.0,0,1,0.06492819329621603,"[np.int64(0), np.int64(2), np.int64(3), np.int64(4), np.int64(5), np.int64(6), np.int64(7), np.int64(8), np.int64(1)]",24.413054085369875,"(np.int64(7), np.int64(8))",0-2:24.36;2-3:24.38;3-4:24.37;4-5:24.38;5-6:24.37;6-7:24.41;7-8:24.41;8-1:24.32
4,"N=9, d=195m (margin 0.14m), Fail 5@t=10",2054,195,5,9,True,SOLVED,-167.0,0,1,0.07573609179755575,"[np.int64(0), np.int64(2), np.int64(3), np.int64(4), np.int64(5), np.int64(6), np.int64(7), np.int64(8), np.int64(1)]",24.41322195415236,"(np.int64(6), np.int64(7))",0-2:24.35;2-3:24.38;3-4:24.37;4-5:24.38;5-6:24.37;6-7:24.41;7-8:24.41;8-1:24.32
4,"N=9, d=195m (margin 0.14m), Fail 5@t=10",2054,195,5,10,False,DISCONNECTED_BYPASS,-167.0,0,1,0.41636723140828874,"[np.int64(0), np.int64(2), np.int64(3), np.int64(4), np.int64(6), np.int64(7), np.int64(8), np.int64(1)]",48.72346184624764,"(np.int64(4), np.int64(6))",0-2:24.36;2-3:24.37;3-4:24.40;4-6:48.72;6-7:24.42;7-8:24.41;8-1:24.32
4,"N=9, d=195m (margin 0.14m), Fail 5@t=10",2054,195,5,11,False,DISCONNECTED_BYPASS,-167.0,0,1,0.6665329004851771,"[np.int64(0), np.int64(2), np.int64(3), np.int64(4), np.int64(6), np.int64(7), np.int64(8), np.int64(1)]",48.64739015965686,"(np.int64(4), np.int64(6))",0-2:24.39;2-3:24.34;3-4:24.44;4-6:48.65;6-7:24.46;7-8:24.37;8-1:24.35
4,"N=9, d=195m (margin 0.14m), Fail 5@t=10",2054,195,5,12,False,DISCONNECTED_BYPASS,-167.0,0,1,0.7772203854570916,"[np.int64(0), np.int64(2), np.int64(3), np.int64(4), np.int64(6), np.int64(7), np.int64(8), np.int64(1)]",48.52010695343696,"(np.int64(4), np.int64(6))",0-2:24.40;2-3:24.36;3-4:24.49;4-6:48.52;6-7:24.50;7-8:24.35;8-1:24.38
4,"N=9, d=195m (margin 0.14m), Fail 5@t=10",2054,195,5,13,False,DISCONNECTED_BYPASS,-167.0,0,1,1.0182003628309062,"[np.int64(0), np.int64(2), np.int64(3), np.int64(4), np.int64(6), np.int64(7), np.int64(8), np.int64(1)]",48.34402317773045,"(np.int64(4), np.int64(6))",0-2:24.41;2-3:24.41;3-4:24.52;4-6:48.34;6-7:24.52;7-8:24.36;8-1:24.42
4,"N=9, d=195m (margin 0.14m), Fail 5@t=10",2054,195,5,14,False,DISCONNECTED_BYPASS,-167.0,0,1,1.174321566318118,"[np.int64(0), np.int64(2), np.int64(3), np.int64(4), np.int64(6), np.int64(7), np.int64(8), np.int64(1)]",48.131099024814056,"(np.int64(4), np.int64(6))",0-2:24.45;2-3:24.45;3-4:24.57;4-6:48.13;6-7:24.55;7-8:24.44;8-1:24.42
4,"N=9, d=195m (margin 0.14m), Fail 5@t=10",2054,195,5,15,False,DISCONNECTED_BYPASS,-167.0,0,1,1.293072986854961,"[np.int64(0), np.int64(2), np.int64(3), np.int64(4), np.int64(6), np.int64(7), np.int64(8), np.int64(1)]",47.88971433579151,"(np.int64(4), np.int64(6))",0-2:24.49;2-3:24.49;3-4:24.61;4-6:47.89;6-7:24.56;7-8:24.54;8-1:24.42
4,"N=9, d=195m (margin 0.14m), Fail 5@t=10",2054,195,5,16,False,DISCONNECTED_BYPASS,-167.0,0,1,1.3919313561780822,"[np.int64(0), np.int64(2), np.int64(3), np.int64(4), np.int64(6), np.int64(7), np.int64(8), np.int64(1)]",47.625134643978654,"(np.int64(4), np.int64(6))",0-2:24.55;2-3:24.53;3-4:24.65;4-6:47.63;6-7:24.61;7-8:24.58;8-1:24.46
4,"N=9, d=195m (margin 0.14m), Fail 5@t=10",2054,195,5,17,False,DISCONNECTED_BYPASS,-167.0,0,1,1.4747083274887405,"[np.int64(0), np.int64(2), np.int64(3), np.int64(4), np.int64(6), np.int64(7), np.int64(8), np.int64(1)]",47.341505997385056,"(np.int64(4), np.int64(6))",0-2:24.61;2-3:24.57;3-4:24.69;4-6:47.34;6-7:24.69;7-8:24.58;8-1:24.52
4,"N=9, d=195m (margin 0.14m), Fail 5@t=10",2054,195,5,18,False,DISCONNECTED_BYPASS,-167.0,0,1,1.5415965031405474,"[np.int64(0), np.int64(2), np.int64(3), np.int64(4), np.int64(6), np.int64(7), np.int64(8), np.int64(1)]",47.04031784095105,"(np.int64(4), np.int64(6))",0-2:24.67;2-3:24.63;3-4:24.72;4-6:47.04;6-7:24.77;7-8:24.60;8-1:24.57
4,"N=9, d=195m (margin 0.14m), Fail 5@t=10",2054,195,5,19,False,DISCONNECTED_BYPASS,-167.0,0,1,1.5925760179170254,"[np.int64(0), np.int64(2), np.int64(3), np.int64(4), np.int64(6), np.int64(7), np.int64(8), np.int64(1)]",46.72713685093584,"(np.int64(4), np.int64(6))",0-2:24.71;2-3:24.71;3-4:24.76;4-6:46.73;6-7:24.83;7-8:24.64;8-1:24.62
4,"N=9, d=195m (margin 0.14m), Fail 5@t=10",2054,195,5,20,False,DISCONNECTED_BYPASS,-167.0,0,1,1.6286183958018876,"[np.int64(0), np.int64(2), np.int64(3), np.int64(4), np.int64(6), np.int64(7), np.int64(8), np.int64(1)]",46.40598792066696,"(np.int64(4), np.int64(6))",0-2:24.77;2-3:24.77;3-4:24.80;4-6:46.41;6-7:24.88;7-8:24.70;8-1:24.68
4,"N=9, d=195m (margin 0.14m), Fail 5@t=10",2054,195,5,21,False,DISCONNECTED_BYPASS,-167.0,0,1,1.6758565778409404,"[np.int64(0), np.int64(2), np.int64(3), np.int64(4), np.int64(6), np.int64(7), np.int64(8), np.int64(1)]",46.07667584371453,"(np.int64(4), np.int64(6))",0-2:24.83;2-3:24.82;3-4:24.85;4-6:46.08;6-7:24.94;7-8:24.76;8-1:24.72
4,"N=9, d=195m (margin 0.14m), Fail 5@t=10",2054,195,5,22,False,DISCONNECTED_BYPASS,-167.0,0,1,1.7389451510491007,"[np.int64(0), np.int64(2), np.int64(3), np.int64(4), np.int64(6), np.int64(7), np.int64(8), np.int64(1)]",45.73823305447066,"(np.int64(4), np.int64(6))",0-2:24.89;2-3:24.87;3-4:24.91;4-6:45.74;6-7:25.02;7-8:24.83;8-1:24.75
4,"N=9, d=195m (margin 0.14m), Fail 5@t=10",2054,195,5,23,False,DISCONNECTED_BYPASS,-167.0,0,1,1.8086400896296684,"[np.int64(0), np.int64(2), np.int64(3), np.int64(4), np.int64(6), np.int64(7), np.int64(8), np.int64(1)]",45.39019203869819,"(np.int64(4), np.int64(6))",0-2:24.94;2-3:24.93;3-4:24.97;4-6:45.39;6-7:25.09;7-8:24.90;8-1:24.79
4,"N=9, d=195m (margin 0.14m), Fail 5@t=10",2054,195,5,24,False,DISCONNECTED_BYPASS,-167.0,0,1,1.8500344584337365,"[np.int64(0), np.int64(2), np.int64(3), np.int64(4), np.int64(6), np.int64(7), np.int64(8), np.int64(1)]",45.0354963381202,"(np.int64(4), np.int64(6))",0-2:24.97;2-3:25.00;3-4:25.03;4-6:45.04;6-7:25.14;7-8:24.97;8-1:24.84
4,"N=9, d=195m (margin 0.14m), Fail 5@t=10",2054,195,5,25,False,DISCONNECTED_BYPASS,-167.0,0,1,1.8671150121998625,"[np.int64(0), np.int64(2), np.int64(3), np.int64(4), np.int64(6), np.int64(7), np.int64(8), np.int64(1)]",44.67678572403398,"(np.int64(4), np.int64(6))",0-2:25.02;2-3:25.05;3-4:25.11;4-6:44.68;6-7:25.20;7-8:25.03;8-1:24.91
4,"N=9, d=195m (margin 0.14m), Fail 5@t=10",2054,195,5,26,False,DISCONNECTED_BYPASS,-167.0,0,1,1.8807548879560922,"[np.int64(0), np.int64(2), np.int64(3), np.int64(4), np.int64(6), np.int64(7), np.int64(8), np.int64(1)]",44.31461487485572,"(np.int64(4), np.int64(6))",0-2:25.09;2-3:25.09;3-4:25.18;4-6:44.31;6-7:25.27;7-8:25.10;8-1:24.96
4,"N=9, d=195m (margin 0.14m), Fail 5@t=10",2054,195,5,27,False,DISCONNECTED_BYPASS,-167.0,0,1,1.8847864013550817,"[np.int64(0), np.int64(2), np.int64(3), np.int64(4), np.int64(6), np.int64(7), np.int64(8), np.int64(1)]",43.950527195024264,"(np.int64(4), np.int64(6))",0-2:25.15;2-3:25.14;3-4:25.25;4-6:43.95;6-7:25.35;7-8:25.17;8-1:25.00
4,"N=9, d=195m (margin 0.14m), Fail 5@t=10",2054,195,5,28,False,DISCONNECTED_BYPASS,-167.0,0,1,1.8888179164489953,"[np.int64(0), np.int64(2), np.int64(3), np.int64(4), np.int64(6), np.int64(7), np.int64(8), np.int64(1)]",43.585449607391524,"(np.int64(4), np.int64(6))",0-2:25.21;2-3:25.20;3-4:25.31;4-6:43.59;6-7:25.42;7-8:25.23;8-1:25.05
4,"N=9, d=195m (margin 0.14m), Fail 5@t=10",2054,195,5,29,False,DISCONNECTED_BYPASS,-167.0,0,1,1.8928494332270032,"[np.int64(0), np.int64(2), np.int64(3), np.int64(4), np.int64(6), np.int64(7), np.int64(8), np.int64(1)]",43.22008590886689,"(np.int64(4), np.int64(6))",0-2:25.25;2-3:25.27;3-4:25.37;4-6:43.22;6-7:25.47;7-8:25.29;8-1:25.14
4,"N=9, d=195m (margin 0.14m), Fail 5@t=10",2054,195,5,30,False,DISCONNECTED_BYPASS,-167.0,0,1,1.904401554583617,"[np.int64(0), np.int64(2), np.int64(3), np.int64(4), np.int64(6), np.int64(7), np.int64(8), np.int64(1)]",42.85390304760988,"(np.int64(4), np.int64(6))",0-2:25.30;2-3:25.34;3-4:25.43;4-6:42.85;6-7:25.52;7-8:25.33;8-1:25.23
4,"N=9, d=195m (margin 0.14m), Fail 5@t=10",2054,195,5,31,False,DISCONNECTED_BYPASS,-167.0,0,1,1.9205692180418479,"[np.int64(0), np.int64(2), np.int64(3), np.int64(4), np.int64(6), np.int64(7), np.int64(8), np.int64(1)]",42.486410962448694,"(np.int64(4), np.int64(6))",0-2:25.36;2-3:25.40;3-4:25.48;4-6:42.49;6-7:25.58;7-8:25.37;8-1:25.32
4,"N=9, d=195m (margin 0.14m), Fail 5@t=10",2054,195,5,32,False,DISCONNECTED_BYPASS,-167.0,0,1,1.932326194847305,"[np.int64(0), np.int64(2), np.int64(3), np.int64(4), np.int64(6), np.int64(7), np.int64(8), np.int64(1)]",42.1179562818854,"(np.int64(4), np.int64(6))",0-2:25.43;2-3:25.45;3-4:25.54;4-6:42.12;6-7:25.65;7-8:25.42;8-1:25.39
4,"N=9, d=195m (margin 0.14m), Fail 5@t=10",2054,195,5,33,False,DISCONNECTED_BYPASS,-167.0,0,1,1.9470544207694611,"[np.int64(0), np.int64(2), np.int64(3), np.int64(4), np.int64(6), np.int64(7), np.int64(8), np.int64(1)]",41.748153769070456,"(np.int64(4), np.int64(6))",0-2:25.50;2-3:25.50;3-4:25.60;4-6:41.75;6-7:25.73;7-8:25.48;8-1:25.45
4,"N=9, d=195m (margin 0.14m), Fail 5@t=10",2054,195,5,34,False,DISCONNECTED_BYPASS,-167.0,0,1,1.9622364645964223,"[np.int64(0), np.int64(2), np.int64(3), np.int64(4), np.int64(6), np.int64(7), np.int64(8), np.int64(1)]",41.3770183750043,"(np.int64(4), np.int64(6))",0-2:25.56;2-3:25.56;3-4:25.65;4-6:41.38;6-7:25.80;7-8:25.56;8-1:25.51
4,"N=9, d=195m (margin 0.14m), Fail 5@t=10",2054,195,5,35,False,DISCONNECTED_BYPASS,-167.0,0,1,1.9725880038090298,"[np.int64(0), np.int64(2), np.int64(3), np.int64(4), np.int64(6), np.int64(7), np.int64(8), np.int64(1)]",41.005130501516916,"(np.int64(4), np.int64(6))",0-2:25.62;2-3:25.62;3-4:25.71;4-6:41.01;6-7:25.86;7-8:25.64;8-1:25.55
4,"N=9, d=195m (margin 0.14m), Fail 5@t=10",2054,195,5,36,False,DISCONNECTED_BYPASS,-167.0,0,1,1.9778116273195545,"[np.int64(0), np.int64(2), np.int64(3), np.int64(4), np.int64(6), np.int64(7), np.int64(8), np.int64(1)]",40.633028331145525,"(np.int64(4), np.int64(6))",0-2:25.66;2-3:25.69;3-4:25.77;4-6:40.63;6-7:25.93;7-8:25.73;8-1:25.59
4,"N=9, d=195m (margin 0.14m), Fail 5@t=10",2054,195,5,37,False,DISCONNECTED_BYPASS,-167.0,0,1,1.9818433683714187,"[np.int64(0), np.int64(2), np.int64(3), np.int64(4), np.int64(6), np.int64(7), np.int64(8), np.int64(1)]",40.2607157429601,"(np.int64(4), np.int64(6))",0-2:25.71;2-3:25.74;3-4:25.84;4-6:40.26;6-7:26.01;7-8:25.81;8-1:25.62
4,"N=9, d=195m (margin 0.14m), Fail 5@t=10",2054,195,5,38,False,DISCONNECTED_BYPASS,-167.0,0,1,1.9858751101110301,"[np.int64(0), np.int64(2), np.int64(3), np.int64(4), np.int64(6), np.int64(7), np.int64(8), np.int64(1)]",39.88807529612199,"(np.int64(4), np.int64(6))",0-2:25.78;2-3:25.78;3-4:25.91;4-6:39.89;6-7:26.11;7-8:25.88;8-1:25.66
4,"N=9, d=195m (margin 0.14m), Fail 5@t=10",2054,195,5,39,False,DISCONNECTED_BYPASS,-167.0,0,1,1.989906852534208,"[np.int64(0), np.int64(2), np.int64(3), np.int64(4), np.int64(6), np.int64(7), np.int64(8), np.int64(1)]",39.514974536183146,"(np.int64(4), np.int64(6))",0-2:25.84;2-3:25.80;3-4:26.00;4-6:39.51;6-7:26.18;7-8:25.93;8-1:25.73
4,"N=9, d=195m (margin 0.14m), Fail 5@t=10",2054,195,5,40,False,DISCONNECTED_BYPASS,-167.0,0,1,1.9939385956368063,"[np.int64(0), np.int64(2), np.int64(3), np.int64(4), np.int64(6), np.int64(7), np.int64(8), np.int64(1)]",39.141372017080236,"(np.int64(4), np.int64(6))",0-2:25.91;2-3:25.83;3-4:26.08;4-6:39.14;6-7:26.25;7-8:25.98;8-1:25.82
4,"N=9, d=195m (margin 0.14m), Fail 5@t=10",2054,195,5,41,False,DISCONNECTED_BYPASS,-167.0,0,1,1.9979703394147117,"[np.int64(0), np.int64(2), np.int64(3), np.int64(4), np.int64(6), np.int64(7), np.int64(8), np.int64(1)]",38.767469271150325,"(np.int64(4), np.int64(6))",0-2:25.96;2-3:25.88;3-4:26.15;4-6:38.77;6-7:26.33;7-8:26.01;8-1:25.90
4,"N=9, d=195m (margin 0.14m), Fail 5@t=10",2054,195,5,42,False,DISCONNECTED_BYPASS,-167.0,0,1,1.9996972160794497,"[np.int64(0), np.int64(2), np.int64(3), np.int64(4), np.int64(6), np.int64(7), np.int64(8), np.int64(1)]",38.39370628186404,"(np.int64(4), np.int64(6))",0-2:26.00;2-3:25.95;3-4:26.22;4-6:38.39;6-7:26.42;7-8:26.04;8-1:25.99
4,"N=9, d=195m (margin 0.14m), Fail 5@t=10",2054,195,5,43,False,DISCONNECTED_BYPASS,-167.0,0,1,2.003728885978908,"[np.int64(0), np.int64(2), np.int64(3), np.int64(4), np.int64(6), np.int64(7), np.int64(8), np.int64(1)]",38.01995104915424,"(np.int64(4), np.int64(6))",0-2:26.02;2-3:26.05;3-4:26.28;4-6:38.02;6-7:26.51;7-8:26.08;8-1:26.06
4,"N=9, d=195m (margin 0.14m), Fail 5@t=10",2054,195,5,44,False,DISCONNECTED_BYPASS,-167.0,0,1,2.013425535777285,"[np.int64(0), np.int64(2), np.int64(3), np.int64(4), np.int64(6), np.int64(7), np.int64(8), np.int64(1)]",37.64560352851938,"(np.int64(4), np.int64(6))",0-2:26.02;2-3:26.16;3-4:26.33;4-6:37.65;6-7:26.60;7-8:26.12;8-1:26.12
4,"N=9, d=195m (margin 0.14m), Fail 5@t=10",2054,195,5,45,False,DISCONNECTED_BYPASS,-167.0,0,1,2.025566599824774,"[np.int64(0), np.int64(2), np.int64(3), np.int64(4), np.int64(6), np.int64(7), np.int64(8), np.int64(1)]",37.27040601135075,"(np.int64(4), np.int64(6))",0-2:26.07;2-3:26.24;3-4:26.38;4-6:37.27;6-7:26.68;7-8:26.20;8-1:26.16
4,"N=9, d=195m (margin 0.14m), Fail 5@t=10",2054,195,5,46,False,DISCONNECTED_BYPASS,-167.0,0,1,2.031631725185118,"[np.int64(0), np.int64(2), np.int64(3), np.int64(4), np.int64(6), np.int64(7), np.int64(8), np.int64(1)]",36.89500119923667,"(np.int64(4), np.int64(6))",0-2:26.13;2-3:26.30;3-4:26.44;4-6:36.90;6-7:26.76;7-8:26.29;8-1:26.20
4,"N=9, d=195m (margin 0.14m), Fail 5@t=10",2054,195,5,47,False,DISCONNECTED_BYPASS,-167.0,0,1,2.0356630678834864,"[np.int64(0), np.int64(2), np.int64(3), np.int64(4), np.int64(6), np.int64(7), np.int64(8), np.int64(1)]",36.51960409191618,"(np.int64(4), np.int64(6))",0-2:26.20;2-3:26.33;3-4:26.51;4-6:36.52;6-7:26.84;7-8:26.38;8-1:26.24
4,"N=9, d=195m (margin 0.14m), Fail 5@t=10",2054,195,5,48,False,DISCONNECTED_BYPASS,-167.0,0,1,2.0396944128261794,"[np.int64(0), np.int64(2), np.int64(3), np.int64(4), np.int64(6), np.int64(7), np.int64(8), np.int64(1)]",36.14405899926317,"(np.int64(4), np.int64(6))",0-2:26.27;2-3:26.36;3-4:26.58;4-6:36.14;6-7:26.91;7-8:26.48;8-1:26.26
4,"N=9, d=195m (margin 0.14m), Fail 5@t=10",2054,195,5,49,False,DISCONNECTED_BYPASS,-167.0,0,1,2.0437257599999166,"[np.int64(0), np.int64(2), np.int64(3), np.int64(4), np.int64(6), np.int64(7), np.int64(8), np.int64(1)]",35.76792475910189,"(np.int64(4), np.int64(6))",0-2:26.34;2-3:26.39;3-4:26.65;4-6:35.77;6-7:26.99;7-8:26.57;8-1:26.30
4,"N=9, d=195m (margin 0.14m), Fail 5@t=10",2054,195,5,50,False,DISCONNECTED_BYPASS,-167.0,0,1,2.047757109391521,"[np.int64(0), np.int64(2), np.int64(3), np.int64(4), np.int64(6), np.int64(7), np.int64(8), np.int64(1)]",35.391098804897275,"(np.int64(4), np.int64(6))",0-2:26.41;2-3:26.42;3-4:26.72;4-6:35.39;6-7:27.07;7-8:26.63;8-1:26.36
4,"N=9, d=195m (margin 0.14m), Fail 5@t=10",2054,195,5,51,False,DISCONNECTED_BYPASS,-167.0,0,1,2.05178846098792,"[np.int64(0), np.int64(2), np.int64(3), np.int64(4), np.int64(6), np.int64(7), np.int64(8), np.int64(1)]",35.013457592935495,"(np.int64(4), np.int64(6))",0-2:26.48;2-3:26.47;3-4:26.78;4-6:35.01;6-7:27.14;7-8:26.68;8-1:26.45
4,"N=9, d=195m (margin 0.14m), Fail 5@t=10",2054,195,5,52,False,DISCONNECTED_BYPASS,-167.0,0,1,2.046436329372633,"[np.int64(0), np.int64(2), np.int64(3), np.int64(4), np.int64(6), np.int64(7), np.int64(8), np.int64(1)]",34.63577007424204,"(np.int64(4), np.int64(6))",0-2:26.54;2-3:26.52;3-4:26.84;4-6:34.64;6-7:27.20;7-8:26.73;8-1:26.55
4,"N=9, d=195m (margin 0.14m), Fail 5@t=10",2054,195,5,53,False,DISCONNECTED_BYPASS,-167.0,0,1,2.0310848111614495,"[np.int64(0), np.int64(2), np.int64(3), np.int64(4), np.int64(6), np.int64(7), np.int64(8), np.int64(1)]",34.258993255522014,"(np.int64(4), np.int64(6))",0-2:26.58;2-3:26.60;3-4:26.89;4-6:34.26;6-7:27.26;7-8:26.78;8-1:26.64
4,"N=9, d=195m (margin 0.14m), Fail 5@t=10",2054,195,5,54,False,DISCONNECTED_BYPASS,-167.0,0,1,2.015950361922825,"[np.int64(0), np.int64(2), np.int64(3), np.int64(4), np.int64(6), np.int64(7), np.int64(8), np.int64(1)]",33.883402820232426,"(np.int64(4), np.int64(6))",0-2:26.60;2-3:26.70;3-4:26.95;4-6:33.88;6-7:27.32;7-8:26.83;8-1:26.73
4,"N=9, d=195m (margin 0.14m), Fail 5@t=10",2054,195,5,55,False,DISCONNECTED_BYPASS,-167.0,0,1,2.0119815226814715,"[np.int64(0), np.int64(2), np.int64(3), np.int64(4), np.int64(6), np.int64(7), np.int64(8), np.int64(1)]",33.50835198016939,"(np.int64(4), np.int64(6))",0-2:26.63;2-3:26.80;3-4:27.00;4-6:33.51;6-7:27.40;7-8:26.87;8-1:26.81
4,"N=9, d=195m (margin 0.14m), Fail 5@t=10",2054,195,5,56,False,DISCONNECTED_BYPASS,-167.0,0,1,2.0108990077828737,"[np.int64(0), np.int64(2), np.int64(3), np.int64(4), np.int64(6), np.int64(7), np.int64(8), np.int64(1)]",33.133628212218746,"(np.int64(4), np.int64(6))",0-2:26.68;2-3:26.87;3-4:27.04;4-6:33.13;6-7:27.47;7-8:26.92;8-1:26.90
4,"N=9, d=195m (margin 0.14m), Fail 5@t=10",2054,195,5,57,False,DISCONNECTED_BYPASS,-167.0,0,1,2.0146054780019433,"[np.int64(0), np.int64(2), np.int64(3), np.int64(4), np.int64(6), np.int64(7), np.int64(8), np.int64(1)]",32.758618871052086,"(np.int64(4), np.int64(6))",0-2:26.74;2-3:26.92;3-4:27.11;4-6:32.76;6-7:27.54;7-8:26.96;8-1:26.98
4,"N=9, d=195m (margin 0.14m), Fail 5@t=10",2054,195,5,58,False,DISCONNECTED_BYPASS,-167.0,0,1,2.018627858774441,"[np.int64(0), np.int64(2), np.int64(3), np.int64(4), np.int64(6), np.int64(7), np.int64(8), np.int64(1)]",32.38303002510631,"(np.int64(4), np.int64(6))",0-2:26.81;2-3:26.96;3-4:27.18;4-6:32.38;6-7:27.62;7-8:27.01;8-1:27.05
4,"N=9, d=195m (margin 0.14m), Fail 5@t=10",2054,195,5,59,False,DISCONNECTED_BYPASS,-167.0,0,1,2.022650277494483,"[np.int64(0), np.int64(2), np.int64(3), np.int64(4), np.int64(6), np.int64(7), np.int64(8), np.int64(1)]",32.006046578662925,"(np.int64(4), np.int64(6))",0-2:26.87;2-3:26.99;3-4:27.26;4-6:32.01;6-7:27.69;7-8:27.08;8-1:27.12
4,"N=9, d=195m (margin 0.14m), Fail 5@t=10",2054,195,5,60,False,DISCONNECTED_BYPASS,-167.0,0,1,2.0266727339361212,"[np.int64(0), np.int64(2), np.int64(3), np.int64(4), np.int64(6), np.int64(7), np.int64(8), np.int64(1)]",31.626459141453974,"(np.int64(4), np.int64(6))",0-2:26.93;2-3:27.02;3-4:27.34;4-6:31.63;6-7:27.77;7-8:27.15;8-1:27.17
4,"N=9, d=195m (margin 0.14m), Fail 5@t=10",2054,195,5,61,False,DISCONNECTED_BYPASS,-167.0,0,1,2.030695227875196,"[np.int64(0), np.int64(2), np.int64(3), np.int64(4), np.int64(6), np.int64(7), np.int64(8), np.int64(1)]",31.244645498810687,"(np.int64(4), np.int64(6))",0-2:26.99;2-3:27.07;3-4:27.41;4-6:31.24;6-7:27.84;7-8:27.23;8-1:27.22
4,"N=9, d=195m (margin 0.14m), Fail 5@t=10",2054,195,5,62,False,DISCONNECTED_BYPASS,-167.0,0,1,2.0347177590893177,"[np.int64(0), np.int64(2), np.int64(3), np.int64(4), np.int64(6), np.int64(7), np.int64(8), np.int64(1)]",30.86115904166857,"(np.int64(4), np.int64(6))",0-2:27.05;2-3:27.12;3-4:27.49;4-6:30.86;6-7:27.92;7-8:27.30;8-1:27.28
4,"N=9, d=195m (margin 0.14m), Fail 5@t=10",2054,195,5,63,False,DISCONNECTED_BYPASS,-167.0,0,1,2.03874032735785,"[np.int64(0), np.int64(2), np.int64(3), np.int64(4), np.int64(6), np.int64(7), np.int64(8), np.int64(1)]",30.476802350590944,"(np.int64(4), np.int64(6))",0-2:27.10;2-3:27.18;3-4:27.56;4-6:30.48;6-7:28.00;7-8:27.34;8-1:27.36
4,"N=9, d=195m (margin 0.14m), Fail 5@t=10",2054,195,5,64,False,DISCONNECTED_BYPASS,-167.0,0,1,2.0775092107800797,"[np.int64(0), np.int64(2), np.int64(3), np.int64(4), np.int64(6), np.int64(7), np.int64(8), np.int64(1)]",30.08927780609179,"(np.int64(4), np.int64(6))",0-2:27.15;2-3:27.23;3-4:27.64;4-6:30.09;6-7:28.07;7-8:27.40;8-1:27.44
4,"N=9, d=195m (margin 0.14m), Fail 5@t=10",2054,195,5,65,False,DISCONNECTED_BYPASS,-167.0,0,1,2.0970755717441354,"[np.int64(0), np.int64(2), np.int64(3), np.int64(4), np.int64(6), np.int64(7), np.int64(8), np.int64(1)]",29.701431339745866,"(np.int64(4), np.int64(6))",0-2:27.22;2-3:27.27;3-4:27.71;4-6:29.70;6-7:28.14;7-8:27.46;8-1:27.51
4,"N=9, d=195m (margin 0.14m), Fail 5@t=10",2054,195,5,66,False,DISCONNECTED_BYPASS,-167.0,0,1,2.078822096064398,"[np.int64(0), np.int64(2), np.int64(3), np.int64(4), np.int64(6), np.int64(7), np.int64(8), np.int64(1)]",29.316745140604258,"(np.int64(4), np.int64(6))",0-2:27.29;2-3:27.31;3-4:27.78;4-6:29.32;6-7:28.20;7-8:27.55;8-1:27.57
4,"N=9, d=195m (margin 0.14m), Fail 5@t=10",2054,195,5,67,False,DISCONNECTED_BYPASS,-167.0,0,1,2.065527769885504,"[np.int64(0), np.int64(2), np.int64(3), np.int64(4), np.int64(6), np.int64(7), np.int64(8), np.int64(1)]",28.93476861124153,"(np.int64(4), np.int64(6))",0-2:27.37;2-3:27.34;3-4:27.85;4-6:28.93;6-7:28.25;7-8:27.64;8-1:27.63
4,"N=9, d=195m (margin 0.14m), Fail 5@t=10",2054,195,5,68,False,DISCONNECTED_BYPASS,-167.0,0,1,2.056240050217798,"[np.int64(0), np.int64(2), np.int64(3), np.int64(4), np.int64(6), np.int64(7), np.int64(8), np.int64(1)]",28.555080454170046,"(np.int64(4), np.int64(6))",0-2:27.45;2-3:27.37;3-4:27.92;4-6:28.56;6-7:28.30;7-8:27.73;8-1:27.69
4,"N=9, d=195m (margin 0.14m), Fail 5@t=10",2054,195,5,69,False,DISCONNECTED_BYPASS,-167.0,0,1,2.0504482376367186,"[np.int64(0), np.int64(2), np.int64(3), np.int64(4), np.int64(6), np.int64(7), np.int64(8), np.int64(1)]",28.347048334485205,"(np.int64(6), np.int64(7))",0-2:27.53;2-3:27.40;3-4:27.98;4-6:28.18;6-7:28.35;7-8:27.80;8-1:27.77
4,"N=9, d=195m (margin 0.14m), Fail 5@t=10",2054,195,5,70,False,DISCONNECTED_BYPASS,-167.0,0,1,2.0473845726449182,"[np.int64(0), np.int64(2), np.int64(3), np.int64(4), np.int64(6), np.int64(7), np.int64(8), np.int64(1)]",28.389833790097978,"(np.int64(6), np.int64(7))",0-2:27.60;2-3:27.44;3-4:28.04;4-6:27.80;6-7:28.39;7-8:27.88;8-1:27.84
4,"N=9, d=195m (margin 0.14m), Fail 5@t=10",2054,195,5,71,False,DISCONNECTED_BYPASS,-167.0,0,1,1.5981325056080113,"[np.int64(0), np.int64(2), np.int64(3), np.int64(4), np.int64(6), np.int64(7), np.int64(8), np.int64(1)]",28.38281276082503,"(np.int64(6), np.int64(7))",0-2:27.65;2-3:27.51;3-4:28.07;4-6:27.50;6-7:28.38;7-8:27.98;8-1:27.91
4,"N=9, d=195m (margin 0.14m), Fail 5@t=10",2054,195,5,72,False,DISCONNECTED_BYPASS,-167.0,0,1,1.6019756966343175,"[np.int64(0), np.int64(2), np.int64(3), np.int64(4), np.int64(6), np.int64(7), np.int64(8), np.int64(1)]",28.325893049780156,"(np.int64(6), np.int64(7))",0-2:27.68;2-3:27.61;3-4:28.07;4-6:27.28;6-7:28.33;7-8:28.07;8-1:27.96
4,"N=9, d=195m (margin 0.14m), Fail 5@t=10",2054,195,5,73,False,DISCONNECTED_BYPASS,-167.0,0,1,1.600354880444573,"[np.int64(0), np.int64(2), np.int64(3), np.int64(4), np.int64(6), np.int64(7), np.int64(8), np.int64(1)]",28.21923204737658,"(np.int64(6), np.int64(7))",0-2:27.68;2-3:27.73;3-4:28.04;4-6:27.14;6-7:28.22;7-8:28.16;8-1:28.03
4,"N=9, d=195m (margin 0.14m), Fail 5@t=10",2054,195,5,74,False,DISCONNECTED_BYPASS,-167.0,0,1,1.5996951361008538,"[np.int64(0), np.int64(2), np.int64(3), np.int64(4), np.int64(6), np.int64(7), np.int64(8), np.int64(1)]",28.252245855723146,"(np.int64(7), np.int64(8))",0-2:27.67;2-3:27.87;3-4:27.96;4-6:27.09;6-7:28.06;7-8:28.25;8-1:28.10
4,"N=9, d=195m (margin 0.14m), Fail 5@t=10",2054,195,5,75,False,DISCONNECTED_BYPASS,-167.0,0,1,1.599485241106252,"[np.int64(0), np.int64(2), np.int64(3), np.int64(4), np.int64(6), np.int64(7), np.int64(8), np.int64(1)]",28.3515183156107,"(np.int64(7), np.int64(8))",0-2:27.69;2-3:27.97;3-4:27.86;4-6:27.10;6-7:27.88;7-8:28.35;8-1:28.16
4,"N=9, d=195m (margin 0.14m), Fail 5@t=10",2054,195,5,76,False,DISCONNECTED_BYPASS,-167.0,0,1,1.135516333499634,"[np.int64(0), np.int64(2), np.int64(3), np.int64(4), np.int64(6), np.int64(7), np.int64(8), np.int64(1)]",28.41154945840029,"(np.int64(7), np.int64(8))",0-2:27.74;2-3:28.03;3-4:27.74;4-6:27.15;6-7:27.73;7-8:28.41;8-1:28.21
4,"N=9, d=195m (margin 0.14m), Fail 5@t=10",2054,195,5,77,False,DISCONNECTED_BYPASS,-167.0,0,1,0.7033366620447962,"[np.int64(0), np.int64(2), np.int64(3), np.int64(4), np.int64(6), np.int64(7), np.int64(8), np.int64(1)]",28.430420403781223,"(np.int64(7), np.int64(8))",0-2:27.77;2-3:28.06;3-4:27.66;4-6:27.21;6-7:27.62;7-8:28.43;8-1:28.26
4,"N=9, d=195m (margin 0.14m), Fail 5@t=10",2054,195,5,78,False,DISCONNECTED_BYPASS,-167.0,0,1,0.5202907847145023,"[np.int64(0), np.int64(2), np.int64(3), np.int64(4), np.int64(6), np.int64(7), np.int64(8), np.int64(1)]",28.423429796480473,"(np.int64(7), np.int64(8))",0-2:27.82;2-3:28.04;3-4:27.59;4-6:27.29;6-7:27.54;7-8:28.42;8-1:28.31
4,"N=9, d=195m (margin 0.14m), Fail 5@t=10",2054,195,5,79,False,DISCONNECTED_BYPASS,-167.0,0,1,0.6735448632175695,"[np.int64(0), np.int64(2), np.int64(3), np.int64(4), np.int64(6), np.int64(7), np.int64(8), np.int64(1)]",28.39569015367486,"(np.int64(7), np.int64(8))",0-2:27.86;2-3:27.99;3-4:27.54;4-6:27.38;6-7:27.47;7-8:28.40;8-1:28.36
4,"N=9, d=195m (margin 0.14m), Fail 5@t=10",2054,195,5,80,False,DISCONNECTED_BYPASS,-167.0,0,1,0.7691514342113359,"[np.int64(0), np.int64(2), np.int64(3), np.int64(4), np.int64(6), np.int64(7), np.int64(8), np.int64(1)]",28.40811333198405,"(np.int64(8), np.int64(1))",0-2:27.90;2-3:27.91;3-4:27.51;4-6:27.50;6-7:27.43;7-8:28.34;8-1:28.41
4,"N=9, d=195m (margin 0.14m), Fail 5@t=10",2054,195,5,81,False,DISCONNECTED_BYPASS,-167.0,0,1,0.7874013493036377,"[np.int64(0), np.int64(2), np.int64(3), np.int64(4), np.int64(6), np.int64(7), np.int64(8), np.int64(1)]",28.458174042191487,"(np.int64(8), np.int64(1))",0-2:27.93;2-3:27.81;3-4:27.51;4-6:27.62;6-7:27.42;7-8:28.26;8-1:28.46
4,"N=9, d=195m (margin 0.14m), Fail 5@t=10",2054,195,5,82,False,DISCONNECTED_BYPASS,-167.0,0,1,0.9974330493425133,"[np.int64(0), np.int64(2), np.int64(3), np.int64(4), np.int64(6), np.int64(7), np.int64(8), np.int64(1)]",28.508247070952066,"(np.int64(8), np.int64(1))",0-2:27.93;2-3:27.71;3-4:27.55;4-6:27.72;6-7:27.43;7-8:28.15;8-1:28.51
4,"N=9, d=195m (margin 0.14m), Fail 5@t=10",2054,195,5,83,False,DISCONNECTED_BYPASS,-167.0,0,1,1.047927604981273,"[np.int64(0), np.int64(2), np.int64(3), np.int64(4), np.int64(6), np.int64(7), np.int64(8), np.int64(1)]",28.55826144064548,"(np.int64(8), np.int64(1))",0-2:27.91;2-3:27.63;3-4:27.62;4-6:27.80;6-7:27.49;7-8:28.00;8-1:28.56
4,"N=9, d=195m (margin 0.14m), Fail 5@t=10",2054,195,5,84,False,DISCONNECTED_BYPASS,-167.0,0,1,1.061631441155978,"[np.int64(0), np.int64(2), np.int64(3), np.int64(4), np.int64(6), np.int64(7), np.int64(8), np.int64(1)]",28.564031993617796,"(np.int64(8), np.int64(1))",0-2:27.86;2-3:27.58;3-4:27.69;4-6:27.83;6-7:27.58;7-8:27.90;8-1:28.56
4,"N=9, d=195m (margin 0.14m), Fail 5@t=10",2054,195,5,85,False,DISCONNECTED_BYPASS,-167.0,0,1,1.07463113294097,"[np.int64(0), np.int64(2), np.int64(3), np.int64(4), np.int64(6), np.int64(7), np.int64(8), np.int64(1)]",28.53460995175648,"(np.int64(8), np.int64(1))",0-2:27.79;2-3:27.54;3-4:27.77;4-6:27.84;6-7:27.70;7-8:27.84;8-1:28.53
4,"N=9, d=195m (margin 0.14m), Fail 5@t=10",2054,195,5,86,False,DISCONNECTED_BYPASS,-167.0,0,1,0.9428116804472971,"[np.int64(0), np.int64(2), np.int64(3), np.int64(4), np.int64(6), np.int64(7), np.int64(8), np.int64(1)]",28.479237358015073,"(np.int64(8), np.int64(1))",0-2:27.71;2-3:27.53;3-4:27.81;4-6:27.82;6-7:27.83;7-8:27.82;8-1:28.48
4,"N=9, d=195m (margin 0.14m), Fail 5@t=10",2054,195,5,87,False,DISCONNECTED_BYPASS,-167.0,0,1,0.8351810983635273,"[np.int64(0), np.int64(2), np.int64(3), np.int64(4), np.int64(6), np.int64(7), np.int64(8), np.int64(1)]",28.40323573122104,"(np.int64(8), np.int64(1))",0-2:27.63;2-3:27.54;3-4:27.84;4-6:27.79;6-7:27.95;7-8:27.86;8-1:28.40
4,"N=9, d=195m (margin 0.14m), Fail 5@t=10",2054,195,5,88,False,DISCONNECTED_BYPASS,-167.0,0,1,0.8552176842613651,"[np.int64(0), np.int64(2), np.int64(3), np.int64(4), np.int64(6), np.int64(7), np.int64(8), np.int64(1)]",28.31948262863537,"(np.int64(8), np.int64(1))",0-2:27.55;2-3:27.55;3-4:27.84;4-6:27.79;6-7:28.02;7-8:27.94;8-1:28.32
4,"N=9, d=195m (margin 0.14m), Fail 5@t=10",2054,195,5,89,False,DISCONNECTED_BYPASS,-167.0,0,1,0.8376363441775143,"[np.int64(0), np.int64(2), np.int64(3), np.int64(4), np.int64(6), np.int64(7), np.int64(8), np.int64(1)]",28.2380796057337,"(np.int64(8), np.int64(1))",0-2:27.48;2-3:27.56;3-4:27.83;4-6:27.84;6-7:28.01;7-8:28.04;8-1:28.24
4,"N=9, d=195m (margin 0.14m), Fail 5@t=10",2054,195,5,90,False,DISCONNECTED_BYPASS,-167.0,0,1,0.7471559767914858,"[np.int64(0), np.int64(2), np.int64(3), np.int64(4), np.int64(6), np.int64(7), np.int64(8), np.int64(1)]",28.170697009788288,"(np.int64(7), np.int64(8))",0-2:27.42;2-3:27.56;3-4:27.84;4-6:27.92;6-7:27.92;7-8:28.17;8-1:28.17
4,"N=9, d=195m (margin 0.14m), Fail 5@t=10",2054,195,5,91,False,DISCONNECTED_BYPASS,-167.0,0,1,0.6357818905243481,"[np.int64(0), np.int64(2), np.int64(3), np.int64(4), np.int64(6), np.int64(7), np.int64(8), np.int64(1)]",28.249027108397847,"(np.int64(7), np.int64(8))",0-2:27.38;2-3:27.56;3-4:27.84;4-6:28.00;6-7:27.87;7-8:28.25;8-1:28.11
4,"N=9, d=195m (margin 0.14m), Fail 5@t=10",2054,195,5,92,False,DISCONNECTED_BYPASS,-167.0,0,1,0.8295841373851086,"[np.int64(0), np.int64(2), np.int64(3), np.int64(4), np.int64(6), np.int64(7), np.int64(8), np.int64(1)]",28.270559920364704,"(np.int64(7), np.int64(8))",0-2:27.35;2-3:27.56;3-4:27.87;4-6:28.01;6-7:27.89;7-8:28.27;8-1:28.06
4,"N=9, d=195m (margin 0.14m), Fail 5@t=10",2054,195,5,93,False,DISCONNECTED_BYPASS,-167.0,0,1,1.241003414889006,"[np.int64(0), np.int64(2), np.int64(3), np.int64(4), np.int64(6), np.int64(7), np.int64(8), np.int64(1)]",28.240663698576277,"(np.int64(7), np.int64(8))",0-2:27.35;2-3:27.54;3-4:27.94;4-6:27.95;6-7:27.98;7-8:28.24;8-1:28.01
4,"N=9, d=195m (margin 0.14m), Fail 5@t=10",2054,195,5,94,False,DISCONNECTED_BYPASS,-167.0,0,1,0.997532274798488,"[np.int64(0), np.int64(2), np.int64(3), np.int64(4), np.int64(6), np.int64(7), np.int64(8), np.int64(1)]",28.165967032398882,"(np.int64(7), np.int64(8))",0-2:27.35;2-3:27.54;3-4:27.97;4-6:27.89;6-7:28.10;7-8:28.17;8-1:27.99
4,"N=9, d=195m (margin 0.14m), Fail 5@t=10",2054,195,5,95,False,DISCONNECTED_BYPASS,-167.0,0,1,0.9417801631858687,"[np.int64(0), np.int64(2), np.int64(3), np.int64(4), np.int64(6), np.int64(7), np.int64(8), np.int64(1)]",28.171469859484947,"(np.int64(6), np.int64(7))",0-2:27.35;2-3:27.55;3-4:28.01;4-6:27.86;6-7:28.17;7-8:28.07;8-1:28.00
4,"N=9, d=195m (margin 0.14m), Fail 5@t=10",2054,195,5,96,False,DISCONNECTED_BYPASS,-167.0,0,1,0.9896894471834663,"[np.int64(0), np.int64(2), np.int64(3), np.int64(4), np.int64(6), np.int64(7), np.int64(8), np.int64(1)]",28.21306891569199,"(np.int64(6), np.int64(7))",0-2:27.35;2-3:27.59;3-4:28.00;4-6:27.85;6-7:28.21;7-8:27.98;8-1:28.03
4,"N=9, d=195m (margin 0.14m), Fail 5@t=10",2054,195,5,97,False,DISCONNECTED_BYPASS,-167.0,0,1,1.00027984568044,"[np.int64(0), np.int64(2), np.int64(3), np.int64(4), np.int64(6), np.int64(7), np.int64(8), np.int64(1)]",28.188425273237794,"(np.int64(6), np.int64(7))",0-2:27.38;2-3:27.61;3-4:27.98;4-6:27.87;6-7:28.19;7-8:27.97;8-1:28.01
4,"N=9, d=195m (margin 0.14m), Fail 5@t=10",2054,195,5,98,False,DISCONNECTED_BYPASS,-167.0,0,1,1.0168890550888996,"[np.int64(0), np.int64(2), np.int64(3), np.int64(4), np.int64(6), np.int64(7), np.int64(8), np.int64(1)]",28.099402091052276,"(np.int64(6), np.int64(7))",0-2:27.43;2-3:27.62;3-4:27.97;4-6:27.91;6-7:28.10;7-8:28.02;8-1:27.96
4,"N=9, d=195m (margin 0.14m), Fail 5@t=10",2054,195,5,99,False,DISCONNECTED_BYPASS,-167.0,0,1,1.1586803687342668,"[np.int64(0), np.int64(2), np.int64(3), np.int64(4), np.int64(6), np.int64(7), np.int64(8), np.int64(1)]",28.043245204740597,"(np.int64(7), np.int64(8))",0-2:27.50;2-3:27.61;3-4:27.95;4-6:27.97;6-7:27.98;7-8:28.04;8-1:27.95
4,"N=9, d=195m (margin 0.14m), Fail 5@t=10",2054,195,5,100,False,DISCONNECTED_BYPASS,-167.0,0,1,1.0414392736803104,"[np.int64(0), np.int64(2), np.int64(3), np.int64(4), np.int64(6), np.int64(7), np.int64(8), np.int64(1)]",28.0411883143648,"(np.int64(4), np.int64(6))",0-2:27.57;2-3:27.60;3-4:27.93;4-6:28.04;6-7:27.89;7-8:28.00;8-1:27.98
4,"N=9, d=195m (margin 0.14m), Fail 5@t=10",2054,195,5,101,False,DISCONNECTED_BYPASS,-167.0,0,1,0.913304765222336,"[np.int64(0), np.int64(2), np.int64(3), np.int64(4), np.int64(6), np.int64(7), np.int64(8), np.int64(1)]",28.058918911027963,"(np.int64(4), np.int64(6))",0-2:27.66;2-3:27.58;3-4:27.92;4-6:28.06;6-7:27.85;7-8:27.91;8-1:28.04
4,"N=9, d=195m (margin 0.14m), Fail 5@t=10",2054,195,5,102,False,DISCONNECTED_BYPASS,-167.0,0,1,1.0827779741644223,"[np.int64(0), np.int64(2), np.int64(3), np.int64(4), np.int64(6), np.int64(7), np.int64(8), np.int64(1)]",28.100197287405575,"(np.int64(8), np.int64(1))",0-2:27.73;2-3:27.57;3-4:27.95;4-6:28.01;6-7:27.82;7-8:27.84;8-1:28.10
4,"N=9, d=195m (margin 0.14m), Fail 5@t=10",2054,195,5,103,False,DISCONNECTED_BYPASS,-167.0,0,1,1.2470924099250862,"[np.int64(0), np.int64(2), np.int64(3), np.int64(4), np.int64(6), np.int64(7), np.int64(8), np.int64(1)]",28.165714105257333,"(np.int64(8), np.int64(1))",0-2:27.77;2-3:27.57;3-4:28.01;4-6:27.90;6-7:27.82;7-8:27.78;8-1:28.17
4,"N=9, d=195m (margin 0.14m), Fail 5@t=10",2054,195,5,104,False,DISCONNECTED_BYPASS,-167.0,0,1,1.007358963305378,"[np.int64(0), np.int64(2), np.int64(3), np.int64(4), np.int64(6), np.int64(7), np.int64(8), np.int64(1)]",28.231838929296615,"(np.int64(8), np.int64(1))",0-2:27.78;2-3:27.62;3-4:28.02;4-6:27.83;6-7:27.80;7-8:27.75;8-1:28.23
4,"N=9, d=195m (margin 0.14m), Fail 5@t=10",2054,195,5,105,False,DISCONNECTED_BYPASS,-167.0,0,1,0.8849633421637054,"[np.int64(0), np.int64(2), np.int64(3), np.int64(4), np.int64(6), np.int64(7), np.int64(8), np.int64(1)]",28.280112738770068,"(np.int64(8), np.int64(1))",0-2:27.77;2-3:27.69;3-4:27.98;4-6:27.81;6-7:27.77;7-8:27.74;8-1:28.28
4,"N=9, d=195m (margin 0.14m), Fail 5@t=10",2054,195,5,106,False,DISCONNECTED_BYPASS,-167.0,0,1,0.7486593277084154,"[np.int64(0), np.int64(2), np.int64(3), np.int64(4), np.int64(6), np.int64(7), np.int64(8), np.int64(1)]",28.30044757799516,"(np.int64(8), np.int64(1))",0-2:27.75;2-3:27.75;3-4:27.93;4-6:27.80;6-7:27.74;7-8:27.77;8-1:28.30
4,"N=9, d=195m (margin 0.14m), Fail 5@t=10",2054,195,5,107,False,DISCONNECTED_BYPASS,-167.0,0,1,0.9034297150367929,"[np.int64(0), np.int64(2), np.int64(3), np.int64(4), np.int64(6), np.int64(7), np.int64(8), np.int64(1)]",28.306299449984966,"(np.int64(8), np.int64(1))",0-2:27.75;2-3:27.80;3-4:27.87;4-6:27.78;6-7:27.73;7-8:27.81;8-1:28.31
4,"N=9, d=195m (margin 0.14m), Fail 5@t=10",2054,195,5,108,False,DISCONNECTED_BYPASS,-167.0,0,1,0.985750304224715,"[np.int64(0), np.int64(2), np.int64(3), np.int64(4), np.int64(6), np.int64(7), np.int64(8), np.int64(1)]",28.327315833841947,"(np.int64(8), np.int64(1))",0-2:27.76;2-3:27.83;3-4:27.80;4-6:27.75;6-7:27.74;7-8:27.84;8-1:28.33
4,"N=9, d=195m (margin 0.14m), Fail 5@t=10",2054,195,5,109,False,DISCONNECTED_BYPASS,-167.0,0,1,0.7427432713051276,"[np.int64(0), np.int64(2), np.int64(3), np.int64(4), np.int64(6), np.int64(7), np.int64(8), np.int64(1)]",28.354421796188536,"(np.int64(8), np.int64(1))",0-2:27.77;2-3:27.84;3-4:27.74;4-6:27.72;6-7:27.75;7-8:27.86;8-1:28.35
4,"N=9, d=195m (margin 0.14m), Fail 5@t=10",2054,195,5,110,False,DISCONNECTED_BYPASS,-167.0,0,1,0.7012663255384292,"[np.int64(0), np.int64(2), np.int64(3), np.int64(4), np.int64(6), np.int64(7), np.int64(8), np.int64(1)]",28.33470853031038,"(np.int64(8), np.int64(1))",0-2:27.78;2-3:27.84;3-4:27.69;4-6:27.69;6-7:27.77;7-8:27.93;8-1:28.33
4,"N=9, d=195m (margin 0.14m), Fail 5@t=10",2054,195,5,111,False,DISCONNECTED_BYPASS,-167.0,0,1,0.7587453203658321,"[np.int64(0), np.int64(2), np.int64(3), np.int64(4), np.int64(6), np.int64(7), np.int64(8), np.int64(1)]",28.27220998397305,"(np.int64(8), np.int64(1))",0-2:27.79;2-3:27.83;3-4:27.64;4-6:27.68;6-7:27.79;7-8:28.04;8-1:28.27
4,"N=9, d=195m (margin 0.14m), Fail 5@t=10",2054,195,5,112,False,DISCONNECTED_BYPASS,-167.0,0,1,0.8461298832764853,"[np.int64(0), np.int64(2), np.int64(3), np.int64(4), np.int64(6), np.int64(7), np.int64(8), np.int64(1)]",28.21786394035254,"(np.int64(8), np.int64(1))",0-2:27.79;2-3:27.80;3-4:27.60;4-6:27.67;6-7:27.84;7-8:28.11;8-1:28.22
4,"N=9, d=195m (margin 0.14m), Fail 5@t=10",2054,195,5,113,False,DISCONNECTED_BYPASS,-167.0,0,1,1.037887713787363,"[np.int64(0), np.int64(2), np.int64(3), np.int64(4), np.int64(6), np.int64(7), np.int64(8), np.int64(1)]",28.178433511571956,"(np.int64(8), np.int64(1))",0-2:27.80;2-3:27.76;3-4:27.58;4-6:27.67;6-7:27.91;7-8:28.13;8-1:28.18
4,"N=9, d=195m (margin 0.14m), Fail 5@t=10",2054,195,5,114,False,DISCONNECTED_BYPASS,-167.0,0,1,1.1968255680724615,"[np.int64(0), np.int64(2), np.int64(3), np.int64(4), np.int64(6), np.int64(7), np.int64(8), np.int64(1)]",28.15795059664781,"(np.int64(8), np.int64(1))",0-2:27.80;2-3:27.71;3-4:27.57;4-6:27.70;6-7:27.99;7-8:28.11;8-1:28.16
4,"N=9, d=195m (margin 0.14m), Fail 5@t=10",2054,195,5,115,False,DISCONNECTED_BYPASS,-167.0,0,1,0.8679423979573022,"[np.int64(0), np.int64(2), np.int64(3), np.int64(4), np.int64(6), np.int64(7), np.int64(8), np.int64(1)]",28.136549794532215,"(np.int64(8), np.int64(1))",0-2:27.79;2-3:27.64;3-4:27.57;4-6:27.75;6-7:28.07;7-8:28.07;8-1:28.14
4,"N=9, d=195m (margin 0.14m), Fail 5@t=10",2054,195,5,116,False,DISCONNECTED_BYPASS,-167.0,0,1,1.0314009570277891,"[np.int64(0), np.int64(2), np.int64(3), np.int64(4), np.int64(6), np.int64(7), np.int64(8), np.int64(1)]",28.12016125939291,"(np.int64(8), np.int64(1))",0-2:27.78;2-3:27.56;3-4:27.61;4-6:27.81;6-7:28.09;7-8:28.06;8-1:28.12
4,"N=9, d=195m (margin 0.14m), Fail 5@t=10",2054,195,5,117,False,DISCONNECTED_BYPASS,-167.0,0,1,1.1683035494012222,"[np.int64(0), np.int64(2), np.int64(3), np.int64(4), np.int64(6), np.int64(7), np.int64(8), np.int64(1)]",28.107899899297287,"(np.int64(8), np.int64(1))",0-2:27.75;2-3:27.48;3-4:27.71;4-6:27.85;6-7:28.05;7-8:28.08;8-1:28.11
4,"N=9, d=195m (margin 0.14m), Fail 5@t=10",2054,195,5,118,False,DISCONNECTED_BYPASS,-167.0,0,1,1.2637684064799777,"[np.int64(0), np.int64(2), np.int64(3), np.int64(4), np.int64(6), np.int64(7), np.int64(8), np.int64(1)]",28.12792861820293,"(np.int64(7), np.int64(8))",0-2:27.71;2-3:27.41;3-4:27.82;4-6:27.89;6-7:27.97;7-8:28.13;8-1:28.10
4,"N=9, d=195m (margin 0.14m), Fail 5@t=10",2054,195,5,119,False,DISCONNECTED_BYPASS,-167.0,0,1,1.2748585313535452,"[np.int64(0), np.int64(2), np.int64(3), np.int64(4), np.int64(6), np.int64(7), np.int64(8), np.int64(1)]",28.118326097340375,"(np.int64(7), np.int64(8))",0-2:27.65;2-3:27.37;3-4:27.93;4-6:27.91;6-7:27.96;7-8:28.12;8-1:28.09
4,"N=9, d=195m (margin 0.14m), Fail 5@t=10",2054,195,5,120,False,DISCONNECTED_BYPASS,-167.0,0,1,1.0520062567655775,"[np.int64(0), np.int64(2), np.int64(3), np.int64(4), np.int64(6), np.int64(7), np.int64(8), np.int64(1)]",28.08433070858187,"(np.int64(8), np.int64(1))",0-2:27.57;2-3:27.38;3-4:28.00;4-6:27.93;6-7:28.00;7-8:28.06;8-1:28.08
4,"N=9, d=195m (margin 0.14m), Fail 5@t=10",2054,195,5,121,False,DISCONNECTED_BYPASS,-167.0,0,1,1.0314944821135732,"[np.int64(0), np.int64(2), np.int64(3), np.int64(4), np.int64(6), np.int64(7), np.int64(8), np.int64(1)]",28.082546164279872,"(np.int64(8), np.int64(1))",0-2:27.48;2-3:27.44;3-4:28.00;4-6:28.00;6-7:27.97;7-8:28.04;8-1:28.08
4,"N=9, d=195m (margin 0.14m), Fail 5@t=10",2054,195,5,122,False,DISCONNECTED_BYPASS,-167.0,0,1,1.1808791734716575,"[np.int64(0), np.int64(2), np.int64(3), np.int64(4), np.int64(6), np.int64(7), np.int64(8), np.int64(1)]",28.08505917442744,"(np.int64(8), np.int64(1))",0-2:27.40;2-3:27.54;3-4:27.98;4-6:28.04;6-7:27.99;7-8:27.98;8-1:28.09
4,"N=9, d=195m (margin 0.14m), Fail 5@t=10",2054,195,5,123,False,DISCONNECTED_BYPASS,-167.0,0,1,1.105720969563463,"[np.int64(0), np.int64(2), np.int64(3), np.int64(4), np.int64(6), np.int64(7), np.int64(8), np.int64(1)]",28.06223673684168,"(np.int64(8), np.int64(1))",0-2:27.32;2-3:27.64;3-4:27.99;4-6:28.00;6-7:28.04;7-8:27.97;8-1:28.06
4,"N=9, d=195m (margin 0.14m), Fail 5@t=10",2054,195,5,124,False,DISCONNECTED_BYPASS,-167.0,0,1,0.8811822395853295,"[np.int64(0), np.int64(2), np.int64(3), np.int64(4), np.int64(6), np.int64(7), np.int64(8), np.int64(1)]",28.057261358929917,"(np.int64(6), np.int64(7))",0-2:27.29;2-3:27.71;3-4:28.02;4-6:27.92;6-7:28.06;7-8:27.98;8-1:28.03
4,"N=9, d=195m (margin 0.14m), Fail 5@t=10",2054,195,5,125,False,DISCONNECTED_BYPASS,-167.0,0,1,0.8804009694285925,"[np.int64(0), np.int64(2), np.int64(3), np.int64(4), np.int64(6), np.int64(7), np.int64(8), np.int64(1)]",28.034540779442683,"(np.int64(7), np.int64(8))",0-2:27.29;2-3:27.76;3-4:28.02;4-6:27.91;6-7:28.00;7-8:28.03;8-1:28.00
4,"N=9, d=195m (margin 0.14m), Fail 5@t=10",2054,195,5,126,False,DISCONNECTED_BYPASS,-167.0,0,1,0.7029590487793638,"[np.int64(0), np.int64(2), np.int64(3), np.int64(4), np.int64(6), np.int64(7), np.int64(8), np.int64(1)]",28.06110843182843,"(np.int64(7), np.int64(8))",0-2:27.31;2-3:27.80;3-4:27.98;4-6:27.95;6-7:27.93;7-8:28.06;8-1:28.00
4,"N=9, d=195m (margin 0.14m), Fail 5@t=10",2054,195,5,127,False,DISCONNECTED_BYPASS,-167.0,0,1,0.5516407971697843,"[np.int64(0), np.int64(2), np.int64(3), np.int64(4), np.int64(6), np.int64(7), np.int64(8), np.int64(1)]",28.031002563511656,"(np.int64(7), np.int64(8))",0-2:27.34;2-3:27.81;3-4:27.95;4-6:27.97;6-7:27.88;7-8:28.03;8-1:28.03
4,"N=9, d=195m (margin 0.14m), Fail 5@t=10",2054,195,5,128,False,DISCONNECTED_BYPASS,-167.0,0,1,0.5253180538770089,"[np.int64(0), np.int64(2), np.int64(3), np.int64(4), np.int64(6), np.int64(7), np.int64(8), np.int64(1)]",28.051956877286287,"(np.int64(8), np.int64(1))",0-2:27.38;2-3:27.81;3-4:27.95;4-6:28.00;6-7:27.85;7-8:27.99;8-1:28.05
4,"N=9, d=195m (margin 0.14m), Fail 5@t=10",2054,195,5,129,False,DISCONNECTED_BYPASS,-167.0,0,1,0.7159328323380371,"[np.int64(0), np.int64(2), np.int64(3), np.int64(4), np.int64(6), np.int64(7), np.int64(8), np.int64(1)]",28.07202386943797,"(np.int64(8), np.int64(1))",0-2:27.41;2-3:27.79;3-4:27.95;4-6:28.01;6-7:27.83;7-8:27.95;8-1:28.07
4,"N=9, d=195m (margin 0.14m), Fail 5@t=10",2054,195,5,130,False,DISCONNECTED_BYPASS,-167.0,0,1,0.9069041849750293,"[np.int64(0), np.int64(2), np.int64(3), np.int64(4), np.int64(6), np.int64(7), np.int64(8), np.int64(1)]",28.096075825463426,"(np.int64(8), np.int64(1))",0-2:27.43;2-3:27.79;3-4:27.98;4-6:27.95;6-7:27.84;7-8:27.93;8-1:28.10
4,"N=9, d=195m (margin 0.14m), Fail 5@t=10",2054,195,5,131,False,DISCONNECTED_BYPASS,-167.0,0,1,0.5656812398003269,"[np.int64(0), np.int64(2), np.int64(3), np.int64(4), np.int64(6), np.int64(7), np.int64(8), np.int64(1)]",28.109964204977317,"(np.int64(8), np.int64(1))",0-2:27.45;2-3:27.79;3-4:28.01;4-6:27.89;6-7:27.84;7-8:27.93;8-1:28.11
4,"N=9, d=195m (margin 0.14m), Fail 5@t=10",2054,195,5,132,False,DISCONNECTED_BYPASS,-167.0,0,1,0.33227817221204725,"[np.int64(0), np.int64(2), np.int64(3), np.int64(4), np.int64(6), np.int64(7), np.int64(8), np.int64(1)]",28.102902487086887,"(np.int64(8), np.int64(1))",0-2:27.47;2-3:27.80;3-4:27.99;4-6:27.88;6-7:27.83;7-8:27.95;8-1:28.10
4,"N=9, d=195m (margin 0.14m), Fail 5@t=10",2054,195,5,133,False,DISCONNECTED_BYPASS,-167.0,0,1,0.6460402429609927,"[np.int64(0), np.int64(2), np.int64(3), np.int64(4), np.int64(6), np.int64(7), np.int64(8), np.int64(1)]",28.077526197700845,"(np.int64(8), np.int64(1))",0-2:27.51;2-3:27.79;3-4:27.95;4-6:27.88;6-7:27.82;7-8:28.00;8-1:28.08
4,"N=9, d=195m (margin 0.14m), Fail 5@t=10",2054,195,5,134,False,DISCONNECTED_BYPASS,-167.0,0,1,0.6072973861984653,"[np.int64(0), np.int64(2), np.int64(3), np.int64(4), np.int64(6), np.int64(7), np.int64(8), np.int64(1)]",28.072691372887867,"(np.int64(7), np.int64(8))",0-2:27.56;2-3:27.75;3-4:27.89;4-6:27.91;6-7:27.80;7-8:28.07;8-1:28.04
4,"N=9, d=195m (margin 0.14m), Fail 5@t=10",2054,195,5,135,False,DISCONNECTED_BYPASS,-167.0,0,1,0.6642482978841668,"[np.int64(0), np.int64(2), np.int64(3), np.int64(4), np.int64(6), np.int64(7), np.int64(8), np.int64(1)]",28.11745968659326,"(np.int64(7), np.int64(8))",0-2:27.63;2-3:27.68;3-4:27.84;4-6:27.97;6-7:27.78;7-8:28.12;8-1:27.99
4,"N=9, d=195m (margin 0.14m), Fail 5@t=10",2054,195,5,136,False,DISCONNECTED_BYPASS,-167.0,0,1,0.7026241858719429,"[np.int64(0), np.int64(2), np.int64(3), np.int64(4), np.int64(6), np.int64(7), np.int64(8), np.int64(1)]",28.10468149675519,"(np.int64(7), np.int64(8))",0-2:27.70;2-3:27.58;3-4:27.82;4-6:28.06;6-7:27.76;7-8:28.10;8-1:27.99
4,"N=9, d=195m (margin 0.14m), Fail 5@t=10",2054,195,5,137,False,DISCONNECTED_BYPASS,-167.0,0,1,0.7444321583089658,"[np.int64(0), np.int64(2), np.int64(3), np.int64(4), np.int64(6), np.int64(7), np.int64(8), np.int64(1)]",28.09150116142668,"(np.int64(4), np.int64(6))",0-2:27.77;2-3:27.49;3-4:27.84;4-6:28.09;6-7:27.80;7-8:28.01;8-1:28.01
4,"N=9, d=195m (margin 0.14m), Fail 5@t=10",2054,195,5,138,False,DISCONNECTED_BYPASS,-167.0,0,1,0.9789662257384768,"[np.int64(0), np.int64(2), np.int64(3), np.int64(4), np.int64(6), np.int64(7), np.int64(8), np.int64(1)]",28.05444785073534,"(np.int64(4), np.int64(6))",0-2:27.82;2-3:27.42;3-4:27.91;4-6:28.05;6-7:27.89;7-8:27.91;8-1:28.02
4,"N=9, d=195m (margin 0.14m), Fail 5@t=10",2054,195,5,139,False,DISCONNECTED_BYPASS,-167.0,0,1,0.9211181025786981,"[np.int64(0), np.int64(2), np.int64(3), np.int64(4), np.int64(6), np.int64(7), np.int64(8), np.int64(1)]",28.01354950089467,"(np.int64(8), np.int64(1))",0-2:27.84;2-3:27.38;3-4:27.99;4-6:27.95;6-7:27.99;7-8:27.85;8-1:28.01
4,"N=9, d=195m (margin 0.14m), Fail 5@t=10",2054,195,5,140,False,DISCONNECTED_BYPASS,-167.0,0,1,0.7052310671200632,"[np.int64(0), np.int64(2), np.int64(3), np.int64(4), np.int64(6), np.int64(7), np.int64(8), np.int64(1)]",28.082731465513092,"(np.int64(6), np.int64(7))",0-2:27.82;2-3:27.42;3-4:28.02;4-6:27.87;6-7:28.08;7-8:27.83;8-1:27.98
4,"N=9, d=195m (margin 0.14m), Fail 5@t=10",2054,195,5,141,False,DISCONNECTED_BYPASS,-167.0,0,1,0.5624484283370652,"[np.int64(0), np.int64(2), np.int64(3), np.int64(4), np.int64(6), np.int64(7), np.int64(8), np.int64(1)]",28.102073758677797,"(np.int64(6), np.int64(7))",0-2:27.79;2-3:27.50;3-4:28.00;4-6:27.84;6-7:28.10;7-8:27.83;8-1:27.95
4,"N=9, d=195m (margin 0.14m), Fail 5@t=10",2054,195,5,142,False,DISCONNECTED_BYPASS,-167.0,0,1,0.8230582198566067,"[np.int64(0), np.int64(2), np.int64(3), np.int64(4), np.int64(6), np.int64(7), np.int64(8), np.int64(1)]",28.078747232766677,"(np.int64(6), np.int64(7))",0-2:27.73;2-3:27.62;3-4:27.95;4-6:27.85;6-7:28.08;7-8:27.87;8-1:27.93
4,"N=9, d=195m (margin 0.14m), Fail 5@t=10",2054,195,5,143,False,DISCONNECTED_BYPASS,-167.0,0,1,0.8874275850882374,"[np.int64(0), np.int64(2), np.int64(3), np.int64(4), np.int64(6), np.int64(7), np.int64(8), np.int64(1)]",28.01188895501033,"(np.int64(6), np.int64(7))",0-2:27.67;2-3:27.74;3-4:27.90;4-6:27.86;6-7:28.01;7-8:27.92;8-1:27.91
4,"N=9, d=195m (margin 0.14m), Fail 5@t=10",2054,195,5,144,True,DISCONNECTED_BYPASS,-167.0,0,1,0.837494509283497,"[np.int64(0), np.int64(2), np.int64(3), np.int64(4), np.int64(6), np.int64(7), np.int64(8), np.int64(1)]",27.99492085367337,"(np.int64(7), np.int64(8))",0-2:27.63;2-3:27.83;3-4:27.89;4-6:27.88;6-7:27.90;7-8:27.99;8-1:27.91
4,"N=9, d=195m (margin 0.14m), Fail 5@t=10",2054,195,5,145,False,SOLVED,-167.0,0,1,0.6652474686252611,"[np.int64(0), np.int64(2), np.int64(3), np.int64(4), np.int64(6), np.int64(7), np.int64(8), np.int64(1)]",28.044073447448987,"(np.int64(7), np.int64(8))",0-2:27.60;2-3:27.89;3-4:27.89;4-6:27.88;6-7:27.82;7-8:28.04;8-1:27.91
4,"N=9, d=195m (margin 0.14m), Fail 5@t=10",2054,195,5,146,False,DISCONNECTED_BYPASS,-167.0,0,1,0.5812526648502881,"[np.int64(0), np.int64(2), np.int64(3), np.int64(4), np.int64(6), np.int64(7), np.int64(8), np.int64(1)]",28.017066676722155,"(np.int64(7), np.int64(8))",0-2:27.60;2-3:27.89;3-4:27.91;4-6:27.87;6-7:27.81;7-8:28.02;8-1:27.94
4,"N=9, d=195m (margin 0.14m), Fail 5@t=10",2054,195,5,147,False,DISCONNECTED_BYPASS,-167.0,0,1,0.8478914356015623,"[np.int64(0), np.int64(2), np.int64(3), np.int64(4), np.int64(6), np.int64(7), np.int64(8), np.int64(1)]",28.00229169643986,"(np.int64(8), np.int64(1))",0-2:27.60;2-3:27.89;3-4:27.94;4-6:27.86;6-7:27.81;7-8:27.94;8-1:28.00
4,"N=9, d=195m (margin 0.14m), Fail 5@t=10",2054,195,5,148,False,DISCONNECTED_BYPASS,-167.0,0,1,0.8509712415014217,"[np.int64(0), np.int64(2), np.int64(3), np.int64(4), np.int64(6), np.int64(7), np.int64(8), np.int64(1)]",28.06438659705559,"(np.int64(8), np.int64(1))",0-2:27.60;2-3:27.88;3-4:27.96;4-6:27.85;6-7:27.81;7-8:27.87;8-1:28.06
4,"N=9, d=195m (margin 0.14m), Fail 5@t=10",2054,195,5,149,False,DISCONNECTED_BYPASS,-167.0,0,1,0.8431281163760397,"[np.int64(0), np.int64(2), np.int64(3), np.int64(4), np.int64(6), np.int64(7), np.int64(8), np.int64(1)]",28.127379556527845,"(np.int64(8), np.int64(1))",0-2:27.60;2-3:27.88;3-4:27.99;4-6:27.84;6-7:27.80;7-8:27.79;8-1:28.13
4,"N=9, d=195m (margin 0.14m), Fail 5@t=10",2054,195,5,150,False,DISCONNECTED_BYPASS,-167.0,0,1,0.8077988275310176,"[np.int64(0), np.int64(2), np.int64(3), np.int64(4), np.int64(6), np.int64(7), np.int64(8), np.int64(1)]",28.190097056513604,"(np.int64(8), np.int64(1))",0-2:27.60;2-3:27.88;3-4:28.01;4-6:27.83;6-7:27.80;7-8:27.72;8-1:28.19
4,"N=9, d=195m (margin 0.14m), Fail 5@t=10",2054,195,5,151,False,DISCONNECTED_BYPASS,-167.0,0,1,0.7208934994162888,"[np.int64(0), np.int64(2), np.int64(3), np.int64(4), np.int64(6), np.int64(7), np.int64(8), np.int64(1)]",28.249295727230763,"(np.int64(8), np.int64(1))",0-2:27.60;2-3:27.90;3-4:27.98;4-6:27.86;6-7:27.80;7-8:27.65;8-1:28.25
4,"N=9, d=195m (margin 0.14m), Fail 5@t=10",2054,195,5,152,False,DISCONNECTED_BYPASS,-167.0,0,1,0.5942872725687365,"[np.int64(0), np.int64(2), np.int64(3), np.int64(4), np.int64(6), np.int64(7), np.int64(8), np.int64(1)]",28.302295838493933,"(np.int64(8), np.int64(1))",0-2:27.60;2-3:27.92;3-4:27.95;4-6:27.88;6-7:27.80;7-8:27.58;8-1:28.30
4,"N=9, d=195m (margin 0.14m), Fail 5@t=10",2054,195,5,153,False,DISCONNECTED_BYPASS,-167.0,0,1,0.545062417113732,"[np.int64(0), np.int64(2), np.int64(3), np.int64(4), np.int64(6), np.int64(7), np.int64(8), np.int64(1)]",28.345381254586,"(np.int64(8), np.int64(1))",0-2:27.60;2-3:27.94;3-4:27.90;4-6:27.92;6-7:27.80;7-8:27.53;8-1:28.35
4,"N=9, d=195m (margin 0.14m), Fail 5@t=10",2054,195,5,154,False,DISCONNECTED_BYPASS,-167.0,0,1,0.6932725810064028,"[np.int64(0), np.int64(2), np.int64(3), np.int64(4), np.int64(6), np.int64(7), np.int64(8), np.int64(1)]",28.371153575733906,"(np.int64(8), np.int64(1))",0-2:27.60;2-3:27.96;3-4:27.86;4-6:27.96;6-7:27.78;7-8:27.52;8-1:28.37
4,"N=9, d=195m (margin 0.14m), Fail 5@t=10",2054,195,5,155,False,DISCONNECTED_BYPASS,-167.0,0,1,0.7123469123548601,"[np.int64(0), np.int64(2), np.int64(3), np.int64(4), np.int64(6), np.int64(7), np.int64(8), np.int64(1)]",28.38156514353093,"(np.int64(8), np.int64(1))",0-2:27.60;2-3:27.97;3-4:27.81;4-6:27.98;6-7:27.75;7-8:27.55;8-1:28.38
4,"N=9, d=195m (margin 0.14m), Fail 5@t=10",2054,195,5,156,False,DISCONNECTED_BYPASS,-167.0,0,1,0.7823982574650791,"[np.int64(0), np.int64(2), np.int64(3), np.int64(4), np.int64(6), np.int64(7), np.int64(8), np.int64(1)]",28.368990777223125,"(np.int64(8), np.int64(1))",0-2:27.60;2-3:27.98;3-4:27.76;4-6:27.98;6-7:27.72;7-8:27.63;8-1:28.37
4,"N=9, d=195m (margin 0.14m), Fail 5@t=10",2054,195,5,157,False,DISCONNECTED_BYPASS,-167.0,0,1,0.9815333233068189,"[np.int64(0), np.int64(2), np.int64(3), np.int64(4), np.int64(6), np.int64(7), np.int64(8), np.int64(1)]",28.34765615590004,"(np.int64(8), np.int64(1))",0-2:27.60;2-3:28.00;3-4:27.71;4-6:27.95;6-7:27.70;7-8:27.74;8-1:28.35
4,"N=9, d=195m (margin 0.14m), Fail 5@t=10",2054,195,5,158,False,DISCONNECTED_BYPASS,-167.0,0,1,1.1399415666347297,"[np.int64(0), np.int64(2), np.int64(3), np.int64(4), np.int64(6), np.int64(7), np.int64(8), np.int64(1)]",28.33170721741462,"(np.int64(8), np.int64(1))",0-2:27.59;2-3:28.01;3-4:27.67;4-6:27.88;6-7:27.71;7-8:27.84;8-1:28.33
4,"N=9, d=195m (margin 0.14m), Fail 5@t=10",2054,195,5,159,False,DISCONNECTED_BYPASS,-167.0,0,1,1.1075106781068365,"[np.int64(0), np.int64(2), np.int64(3), np.int64(4), np.int64(6), np.int64(7), np.int64(8), np.int64(1)]",28.32665254585826,"(np.int64(8), np.int64(1))",0-2:27.61;2-3:27.97;3-4:27.67;4-6:27.80;6-7:27.73;7-8:27.93;8-1:28.33
4,"N=9, d=195m (margin 0.14m), Fail 5@t=10",2054,195,5,160,False,DISCONNECTED_BYPASS,-167.0,0,1,1.1826930803617417,"[np.int64(0), np.int64(2), np.int64(3), np.int64(4), np.int64(6), np.int64(7), np.int64(8), np.int64(1)]",28.31221994855459,"(np.int64(8), np.int64(1))",0-2:27.62;2-3:27.92;3-4:27.69;4-6:27.71;6-7:27.78;7-8:28.01;8-1:28.31
4,"N=9, d=195m (margin 0.14m), Fail 5@t=10",2054,195,5,161,False,DISCONNECTED_BYPASS,-167.0,0,1,0.966064429390413,"[np.int64(0), np.int64(2), np.int64(3), np.int64(4), np.int64(6), np.int64(7), np.int64(8), np.int64(1)]",28.296355647178697,"(np.int64(8), np.int64(1))",0-2:27.61;2-3:27.88;3-4:27.69;4-6:27.68;6-7:27.82;7-8:28.05;8-1:28.30
4,"N=9, d=195m (margin 0.14m), Fail 5@t=10",2054,195,5,162,False,DISCONNECTED_BYPASS,-167.0,0,1,0.9803433803557793,"[np.int64(0), np.int64(2), np.int64(3), np.int64(4), np.int64(6), np.int64(7), np.int64(8), np.int64(1)]",28.28408502265103,"(np.int64(8), np.int64(1))",0-2:27.58;2-3:27.86;3-4:27.68;4-6:27.71;6-7:27.85;7-8:28.07;8-1:28.28
4,"N=9, d=195m (margin 0.14m), Fail 5@t=10",2054,195,5,163,False,DISCONNECTED_BYPASS,-167.0,0,1,1.09485859219963,"[np.int64(0), np.int64(2), np.int64(3), np.int64(4), np.int64(6), np.int64(7), np.int64(8), np.int64(1)]",28.276895841683505,"(np.int64(8), np.int64(1))",0-2:27.56;2-3:27.83;3-4:27.66;4-6:27.74;6-7:27.90;7-8:28.06;8-1:28.28
4,"N=9, d=195m (margin 0.14m), Fail 5@t=10",2054,195,5,164,False,DISCONNECTED_BYPASS,-167.0,0,1,0.9718373564184002,"[np.int64(0), np.int64(2), np.int64(3), np.int64(4), np.int64(6), np.int64(7), np.int64(8), np.int64(1)]",28.27148986125268,"(np.int64(8), np.int64(1))",0-2:27.54;2-3:27.77;3-4:27.68;4-6:27.77;6-7:27.97;7-8:28.02;8-1:28.27
4,"N=9, d=195m (margin 0.14m), Fail 5@t=10",2054,195,5,165,False,DISCONNECTED_BYPASS,-167.0,0,1,1.0436629005098503,"[np.int64(0), np.int64(2), np.int64(3), np.int64(4), np.int64(6), np.int64(7), np.int64(8), np.int64(1)]",28.269285161877743,"(np.int64(8), np.int64(1))",0-2:27.54;2-3:27.68;3-4:27.72;4-6:27.79;6-7:28.08;7-8:27.96;8-1:28.27
4,"N=9, d=195m (margin 0.14m), Fail 5@t=10",2054,195,5,166,False,DISCONNECTED_BYPASS,-167.0,0,1,0.9957083715985776,"[np.int64(0), np.int64(2), np.int64(3), np.int64(4), np.int64(6), np.int64(7), np.int64(8), np.int64(1)]",28.243661030695083,"(np.int64(8), np.int64(1))",0-2:27.53;2-3:27.59;3-4:27.78;4-6:27.84;6-7:28.11;7-8:27.94;8-1:28.24
4,"N=9, d=195m (margin 0.14m), Fail 5@t=10",2054,195,5,167,False,DISCONNECTED_BYPASS,-167.0,0,1,0.8892161262136167,"[np.int64(0), np.int64(2), np.int64(3), np.int64(4), np.int64(6), np.int64(7), np.int64(8), np.int64(1)]",28.203132535973626,"(np.int64(8), np.int64(1))",0-2:27.53;2-3:27.50;3-4:27.83;4-6:27.91;6-7:28.08;7-8:27.97;8-1:28.20
4,"N=9, d=195m (margin 0.14m), Fail 5@t=10",2054,195,5,168,False,DISCONNECTED_BYPASS,-167.0,0,1,0.8618119162703758,"[np.int64(0), np.int64(2), np.int64(3), np.int64(4), np.int64(6), np.int64(7), np.int64(8), np.int64(1)]",28.134985215111826,"(np.int64(8), np.int64(1))",0-2:27.53;2-3:27.43;3-4:27.88;4-6:28.01;6-7:28.00;7-8:28.06;8-1:28.13
4,"N=9, d=195m (margin 0.14m), Fail 5@t=10",2054,195,5,169,False,DISCONNECTED_BYPASS,-167.0,0,1,0.9327561242682368,"[np.int64(0), np.int64(2), np.int64(3), np.int64(4), np.int64(6), np.int64(7), np.int64(8), np.int64(1)]",28.120746746898767,"(np.int64(7), np.int64(8))",0-2:27.51;2-3:27.38;3-4:27.95;4-6:28.04;6-7:27.96;7-8:28.12;8-1:28.07
4,"N=9, d=195m (margin 0.14m), Fail 5@t=10",2054,195,5,170,False,DISCONNECTED_BYPASS,-167.0,0,1,0.8510378752103945,"[np.int64(0), np.int64(2), np.int64(3), np.int64(4), np.int64(6), np.int64(7), np.int64(8), np.int64(1)]",28.151983194759797,"(np.int64(7), np.int64(8))",0-2:27.49;2-3:27.38;3-4:28.00;4-6:28.04;6-7:27.95;7-8:28.15;8-1:28.02
4,"N=9, d=195m (margin 0.14m), Fail 5@t=10",2054,195,5,171,False,DISCONNECTED_BYPASS,-167.0,0,1,0.9375629573095633,"[np.int64(0), np.int64(2), np.int64(3), np.int64(4), np.int64(6), np.int64(7), np.int64(8), np.int64(1)]",28.125816552759268,"(np.int64(7), np.int64(8))",0-2:27.47;2-3:27.41;3-4:28.02;4-6:28.02;6-7:27.99;7-8:28.13;8-1:27.99
4,"N=9, d=195m (margin 0.14m), Fail 5@t=10",2054,195,5,172,False,DISCONNECTED_BYPASS,-167.0,0,1,1.2903221050279985,"[np.int64(0), np.int64(2), np.int64(3), np.int64(4), np.int64(6), np.int64(7), np.int64(8), np.int64(1)]",28.08782930328483,"(np.int64(6), np.int64(7))",0-2:27.44;2-3:27.47;3-4:28.03;4-6:27.99;6-7:28.09;7-8:28.04;8-1:27.99
4,"N=9, d=195m (margin 0.14m), Fail 5@t=10",2054,195,5,173,False,DISCONNECTED_BYPASS,-167.0,0,1,1.0725658760138959,"[np.int64(0), np.int64(2), np.int64(3), np.int64(4), np.int64(6), np.int64(7), np.int64(8), np.int64(1)]",28.136276195922388,"(np.int64(6), np.int64(7))",0-2:27.43;2-3:27.53;3-4:28.00;4-6:27.99;6-7:28.14;7-8:27.95;8-1:28.02
4,"N=9, d=195m (margin 0.14m), Fail 5@t=10",2054,195,5,174,False,DISCONNECTED_BYPASS,-167.0,0,1,0.7420643729015091,"[np.int64(0), np.int64(2), np.int64(3), np.int64(4), np.int64(6), np.int64(7), np.int64(8), np.int64(1)]",28.14078799114853,"(np.int64(6), np.int64(7))",0-2:27.42;2-3:27.57;3-4:27.97;4-6:28.00;6-7:28.14;7-8:27.90;8-1:28.03
4,"N=9, d=195m (margin 0.14m), Fail 5@t=10",2054,195,5,175,False,DISCONNECTED_BYPASS,-167.0,0,1,0.626502158742213,"[np.int64(0), np.int64(2), np.int64(3), np.int64(4), np.int64(6), np.int64(7), np.int64(8), np.int64(1)]",28.14792512735601,"(np.int64(6), np.int64(7))",0-2:27.44;2-3:27.59;3-4:27.99;4-6:27.95;6-7:28.15;7-8:27.92;8-1:28.02
4,"N=9, d=195m (margin 0.14m), Fail 5@t=10",2054,195,5,176,False,DISCONNECTED_BYPASS,-167.0,0,1,0.9923531714654891,"[np.int64(0), np.int64(2), np.int64(3), np.int64(4), np.int64(6), np.int64(7), np.int64(8), np.int64(1)]",28.11270043241348,"(np.int64(6), np.int64(7))",0-2:27.46;2-3:27.60;3-4:28.00;4-6:27.91;6-7:28.11;7-8:27.98;8-1:27.98
4,"N=9, d=195m (margin 0.14m), Fail 5@t=10",2054,195,5,177,False,DISCONNECTED_BYPASS,-167.0,0,1,1.1699347816930326,"[np.int64(0), np.int64(2), np.int64(3), np.int64(4), np.int64(6), np.int64(7), np.int64(8), np.int64(1)]",28.073353295823516,"(np.int64(7), np.int64(8))",0-2:27.47;2-3:27.64;3-4:27.97;4-6:27.90;6-7:28.03;7-8:28.07;8-1:27.96
4,"N=9, d=195m (margin 0.14m), Fail 5@t=10",2054,195,5,178,False,DISCONNECTED_BYPASS,-167.0,0,1,1.0856259887718467,"[np.int64(0), np.int64(2), np.int64(3), np.int64(4), np.int64(6), np.int64(7), np.int64(8), np.int64(1)]",28.118026734367714,"(np.int64(7), np.int64(8))",0-2:27.49;2-3:27.68;3-4:27.94;4-6:27.91;6-7:27.95;7-8:28.12;8-1:27.97
4,"N=9, d=195m (margin 0.14m), Fail 5@t=10",2054,195,5,179,False,DISCONNECTED_BYPASS,-167.0,0,1,1.1292272239097723,"[np.int64(0), np.int64(2), np.int64(3), np.int64(4), np.int64(6), np.int64(7), np.int64(8), np.int64(1)]",28.085489374117046,"(np.int64(7), np.int64(8))",0-2:27.51;2-3:27.71;3-4:27.91;4-6:27.91;6-7:27.92;7-8:28.09;8-1:28.02
4,"N=9, d=195m (margin 0.14m), Fail 5@t=10",2054,195,5,180,False,DISCONNECTED_BYPASS,-167.0,0,1,0.740813094634628,"[np.int64(0), np.int64(2), np.int64(3), np.int64(4), np.int64(6), np.int64(7), np.int64(8), np.int64(1)]",28.049945066278116,"(np.int64(8), np.int64(1))",0-2:27.53;2-3:27.74;3-4:27.88;4-6:27.89;6-7:27.95;7-8:28.01;8-1:28.05
4,"N=9, d=195m (margin 0.14m), Fail 5@t=10",2054,195,5,181,False,DISCONNECTED_BYPASS,-167.0,0,1,0.6811171638381012,"[np.int64(0), np.int64(2), np.int64(3), np.int64(4), np.int64(6), np.int64(7), np.int64(8), np.int64(1)]",28.073976262287637,"(np.int64(8), np.int64(1))",0-2:27.57;2-3:27.74;3-4:27.86;4-6:27.88;6-7:28.00;7-8:27.93;8-1:28.07
4,"N=9, d=195m (margin 0.14m), Fail 5@t=10",2054,195,5,182,False,DISCONNECTED_BYPASS,-167.0,0,1,0.6672488227311071,"[np.int64(0), np.int64(2), np.int64(3), np.int64(4), np.int64(6), np.int64(7), np.int64(8), np.int64(1)]",28.056503388103653,"(np.int64(8), np.int64(1))",0-2:27.62;2-3:27.71;3-4:27.85;4-6:27.90;6-7:28.00;7-8:27.92;8-1:28.06
4,"N=9, d=195m (margin 0.14m), Fail 5@t=10",2054,195,5,183,False,DISCONNECTED_BYPASS,-167.0,0,1,0.943450315089979,"[np.int64(0), np.int64(2), np.int64(3), np.int64(4), np.int64(6), np.int64(7), np.int64(8), np.int64(1)]",28.007384523255755,"(np.int64(8), np.int64(1))",0-2:27.67;2-3:27.67;3-4:27.84;4-6:27.95;6-7:27.97;7-8:27.97;8-1:28.01
4,"N=9, d=195m (margin 0.14m), Fail 5@t=10",2054,195,5,184,False,DISCONNECTED_BYPASS,-167.0,0,1,0.7230996563615752,"[np.int64(0), np.int64(2), np.int64(3), np.int64(4), np.int64(6), np.int64(7), np.int64(8), np.int64(1)]",28.013024159276924,"(np.int64(7), np.int64(8))",0-2:27.70;2-3:27.62;3-4:27.85;4-6:27.97;6-7:27.96;7-8:28.01;8-1:27.96
4,"N=9, d=195m (margin 0.14m), Fail 5@t=10",2054,195,5,185,False,DISCONNECTED_BYPASS,-167.0,0,1,0.6699780553209426,"[np.int64(0), np.int64(2), np.int64(3), np.int64(4), np.int64(6), np.int64(7), np.int64(8), np.int64(1)]",28.005287579491974,"(np.int64(7), np.int64(8))",0-2:27.72;2-3:27.60;3-4:27.84;4-6:28.00;6-7:27.97;7-8:28.01;8-1:27.94
4,"N=9, d=195m (margin 0.14m), Fail 5@t=10",2054,195,5,186,True,DISCONNECTED_BYPASS,-167.0,0,1,0.7594047459415637,"[np.int64(0), np.int64(2), np.int64(3), np.int64(4), np.int64(6), np.int64(7), np.int64(8), np.int64(1)]",27.990409362061726,"(np.int64(4), np.int64(6))",0-2:27.72;2-3:27.58;3-4:27.89;4-6:27.99;6-7:27.98;7-8:27.96;8-1:27.95
4,"N=9, d=195m (margin 0.14m), Fail 5@t=10",2054,195,5,187,True,SOLVED,-167.0,0,1,0.7683541703075426,"[np.int64(0), np.int64(2), np.int64(3), np.int64(4), np.int64(6), np.int64(7), np.int64(8), np.int64(1)]",27.998013191835703,"(np.int64(6), np.int64(7))",0-2:27.71;2-3:27.58;3-4:27.92;4-6:27.98;6-7:28.00;7-8:27.92;8-1:27.97
4,"N=9, d=195m (margin 0.14m), Fail 5@t=10",2054,195,5,188,False,SOLVED,-167.0,0,1,0.6182340680785767,"[np.int64(0), np.int64(2), np.int64(3), np.int64(4), np.int64(6), np.int64(7), np.int64(8), np.int64(1)]",28.00742673638359,"(np.int64(6), np.int64(7))",0-2:27.70;2-3:27.59;3-4:27.93;4-6:27.98;6-7:28.01;7-8:27.90;8-1:27.97
4,"N=9, d=195m (margin 0.14m), Fail 5@t=10",2054,195,5,189,False,DISCONNECTED_BYPASS,-167.0,0,1,0.6124149139443885,"[np.int64(0), np.int64(2), np.int64(3), np.int64(4), np.int64(6), np.int64(7), np.int64(8), np.int64(1)]",28.00832129202329,"(np.int64(4), np.int64(6))",0-2:27.68;2-3:27.61;3-4:27.93;4-6:28.01;6-7:27.97;7-8:27.90;8-1:27.99
4,"N=9, d=195m (margin 0.14m), Fail 5@t=10",2054,195,5,190,False,DISCONNECTED_BYPASS,-167.0,0,1,0.6431519648927342,"[np.int64(0), np.int64(2), np.int64(3), np.int64(4), np.int64(6), np.int64(7), np.int64(8), np.int64(1)]",28.00049769310308,"(np.int64(8), np.int64(1))",0-2:27.66;2-3:27.61;3-4:27.98;4-6:27.96;6-7:27.97;7-8:27.90;8-1:28.00
4,"N=9, d=195m (margin 0.14m), Fail 5@t=10",2054,195,5,191,False,DISCONNECTED_BYPASS,-167.0,0,1,0.7703758592069159,"[np.int64(0), np.int64(2), np.int64(3), np.int64(4), np.int64(6), np.int64(7), np.int64(8), np.int64(1)]",28.013988714536517,"(np.int64(3), np.int64(4))",0-2:27.66;2-3:27.61;3-4:28.01;4-6:27.89;6-7:27.97;7-8:27.96;8-1:27.97
4,"N=9, d=195m (margin 0.14m), Fail 5@t=10",2054,195,5,192,False,DISCONNECTED_BYPASS,-167.0,0,1,0.6767189558342287,"[np.int64(0), np.int64(2), np.int64(3), np.int64(4), np.int64(6), np.int64(7), np.int64(8), np.int64(1)]",28.01080074265218,"(np.int64(7), np.int64(8))",0-2:27.64;2-3:27.65;3-4:28.00;4-6:27.86;6-7:27.96;7-8:28.01;8-1:27.96
4,"N=9, d=195m (margin 0.14m), Fail 5@t=10",2054,195,5,193,False,DISCONNECTED_BYPASS,-167.0,0,1,0.6472231374355737,"[np.int64(0), np.int64(2), np.int64(3), np.int64(4), np.int64(6), np.int64(7), np.int64(8), np.int64(1)]",28.006810487981202,"(np.int64(7), np.int64(8))",0-2:27.64;2-3:27.66;3-4:27.97;4-6:27.83;6-7:27.98;7-8:28.01;8-1:27.97
4,"N=9, d=195m (margin 0.14m), Fail 5@t=10",2054,195,5,194,False,DISCONNECTED_BYPASS,-167.0,0,1,0.8629482418339742,"[np.int64(0), np.int64(2), np.int64(3), np.int64(4), np.int64(6), np.int64(7), np.int64(8), np.int64(1)]",28.028793985680114,"(np.int64(6), np.int64(7))",0-2:27.64;2-3:27.67;3-4:27.94;4-6:27.83;6-7:28.03;7-8:27.97;8-1:28.00
4,"N=9, d=195m (margin 0.14m), Fail 5@t=10",2054,195,5,195,False,DISCONNECTED_BYPASS,-167.0,0,1,0.4673079504128913,"[np.int64(0), np.int64(2), np.int64(3), np.int64(4), np.int64(6), np.int64(7), np.int64(8), np.int64(1)]",28.041532104591877,"(np.int64(8), np.int64(1))",0-2:27.64;2-3:27.67;3-4:27.89;4-6:27.87;6-7:28.01;7-8:27.94;8-1:28.04
4,"N=9, d=195m (margin 0.14m), Fail 5@t=10",2054,195,5,196,False,DISCONNECTED_BYPASS,-167.0,0,1,0.7258438628815513,"[np.int64(0), np.int64(2), np.int64(3), np.int64(4), np.int64(6), np.int64(7), np.int64(8), np.int64(1)]",28.080466908109933,"(np.int64(8), np.int64(1))",0-2:27.64;2-3:27.67;3-4:27.83;4-6:27.97;6-7:27.95;7-8:27.93;8-1:28.08
4,"N=9, d=195m (margin 0.14m), Fail 5@t=10",2054,195,5,197,False,DISCONNECTED_BYPASS,-167.0,0,1,0.6652874142861357,"[np.int64(0), np.int64(2), np.int64(3), np.int64(4), np.int64(6), np.int64(7), np.int64(8), np.int64(1)]",28.080101152787197,"(np.int64(8), np.int64(1))",0-2:27.64;2-3:27.67;3-4:27.78;4-6:28.02;6-7:27.91;7-8:27.96;8-1:28.08
4,"N=9, d=195m (margin 0.14m), Fail 5@t=10",2054,195,5,198,False,DISCONNECTED_BYPASS,-167.0,0,1,0.490685365054128,"[np.int64(0), np.int64(2), np.int64(3), np.int64(4), np.int64(6), np.int64(7), np.int64(8), np.int64(1)]",28.051524846058694,"(np.int64(8), np.int64(1))",0-2:27.64;2-3:27.66;3-4:27.79;4-6:28.00;6-7:27.90;7-8:28.02;8-1:28.05
4,"N=9, d=195m (margin 0.14m), Fail 5@t=10",2054,195,5,199,False,DISCONNECTED_BYPASS,-167.0,0,1,0.5489919199703984,"[np.int64(0), np.int64(2), np.int64(3), np.int64(4), np.int64(6), np.int64(7), np.int64(8), np.int64(1)]",28.043816641775475,"(np.int64(7), np.int64(8))",0-2:27.64;2-3:27.66;3-4:27.79;4-6:27.96;6-7:27.93;7-8:28.04;8-1:28.04
4,"N=9, d=195m (margin 0.14m), Fail 5@t=10",2054,195,5,200,False,DISCONNECTED_BYPASS,-167.0,0,1,0.788066404466576,"[np.int64(0), np.int64(2), np.int64(3), np.int64(4), np.int64(6), np.int64(7), np.int64(8), np.int64(1)]",28.038319425428586,"(np.int64(7), np.int64(8))",0-2:27.64;2-3:27.65;3-4:27.80;4-6:27.92;6-7:27.98;7-8:28.04;8-1:28.03
4,"N=9, d=195m (margin 0.14m), Fail 5@t=10",2054,195,5,201,False,DISCONNECTED_BYPASS,-167.0,0,1,0.9564725687173462,"[np.int64(0), np.int64(2), np.int64(3), np.int64(4), np.int64(6), np.int64(7), np.int64(8), np.int64(1)]",28.049928854467613,"(np.int64(6), np.int64(7))",0-2:27.64;2-3:27.64;3-4:27.81;4-6:27.88;6-7:28.05;7-8:28.01;8-1:28.02
4,"N=9, d=195m (margin 0.14m), Fail 5@t=10",2054,195,5,202,False,DISCONNECTED_BYPASS,-167.0,0,1,0.7897211965180517,"[np.int64(0), np.int64(2), np.int64(3), np.int64(4), np.int64(6), np.int64(7), np.int64(8), np.int64(1)]",28.061964647376108,"(np.int64(6), np.int64(7))",0-2:27.64;2-3:27.64;3-4:27.82;4-6:27.88;6-7:28.06;7-8:28.00;8-1:28.02
4,"N=9, d=195m (margin 0.14m), Fail 5@t=10",2054,195,5,203,False,DISCONNECTED_BYPASS,-167.0,0,1,0.6421012276187716,"[np.int64(0), np.int64(2), np.int64(3), np.int64(4), np.int64(6), np.int64(7), np.int64(8), np.int64(1)]",28.040687430059016,"(np.int64(6), np.int64(7))",0-2:27.64;2-3:27.63;3-4:27.83;4-6:27.90;6-7:28.04;7-8:28.01;8-1:28.01
4,"N=9, d=195m (margin 0.14m), Fail 5@t=10",2054,195,5,204,False,DISCONNECTED_BYPASS,-167.0,0,1,0.7004703756294907,"[np.int64(0), np.int64(2), np.int64(3), np.int64(4), np.int64(6), np.int64(7), np.int64(8), np.int64(1)]",28.028791984896596,"(np.int64(7), np.int64(8))",0-2:27.64;2-3:27.62;3-4:27.84;4-6:27.94;6-7:27.98;7-8:28.03;8-1:28.01
4,"N=9, d=195m (margin 0.14m), Fail 5@t=10",2054,195,5,205,False,DISCONNECTED_BYPASS,-167.0,0,1,0.7598293349602337,"[np.int64(0), np.int64(2), np.int64(3), np.int64(4), np.int64(6), np.int64(7), np.int64(8), np.int64(1)]",28.007598902911027,"(np.int64(7), np.int64(8))",0-2:27.63;2-3:27.62;3-4:27.85;4-6:27.98;6-7:27.97;7-8:28.01;8-1:28.00
4,"N=9, d=195m (margin 0.14m), Fail 5@t=10",2054,195,5,206,False,DISCONNECTED_BYPASS,-167.0,0,1,1.0063009656285775,"[np.int64(0), np.int64(2), np.int64(3), np.int64(4), np.int64(6), np.int64(7), np.int64(8), np.int64(1)]",28.007141491482408,"(np.int64(4), np.int64(6))",0-2:27.63;2-3:27.61;3-4:27.85;4-6:28.01;6-7:28.01;7-8:27.96;8-1:27.99
4,"N=9, d=195m (margin 0.14m), Fail 5@t=10",2054,195,5,207,False,DISCONNECTED_BYPASS,-167.0,0,1,0.6513256904831597,"[np.int64(0), np.int64(2), np.int64(3), np.int64(4), np.int64(6), np.int64(7), np.int64(8), np.int64(1)]",28.00506622168797,"(np.int64(6), np.int64(7))",0-2:27.63;2-3:27.60;3-4:27.90;4-6:27.99;6-7:28.01;7-8:27.93;8-1:27.99
4,"N=9, d=195m (margin 0.14m), Fail 5@t=10",2054,195,5,208,False,DISCONNECTED_BYPASS,-167.0,0,1,0.8433274954080546,"[np.int64(0), np.int64(2), np.int64(3), np.int64(4), np.int64(6), np.int64(7), np.int64(8), np.int64(1)]",28.026304974216767,"(np.int64(4), np.int64(6))",0-2:27.62;2-3:27.61;3-4:27.93;4-6:28.03;6-7:27.94;7-8:27.92;8-1:28.00
4,"N=9, d=195m (margin 0.14m), Fail 5@t=10",2054,195,5,209,False,DISCONNECTED_BYPASS,-167.0,0,1,1.070923461422581,"[np.int64(0), np.int64(2), np.int64(3), np.int64(4), np.int64(6), np.int64(7), np.int64(8), np.int64(1)]",28.01800841445136,"(np.int64(8), np.int64(1))",0-2:27.62;2-3:27.62;3-4:27.97;4-6:28.00;6-7:27.90;7-8:27.91;8-1:28.02
4,"N=9, d=195m (margin 0.14m), Fail 5@t=10",2054,195,5,210,False,DISCONNECTED_BYPASS,-167.0,0,1,1.11073024628183,"[np.int64(0), np.int64(2), np.int64(3), np.int64(4), np.int64(6), np.int64(7), np.int64(8), np.int64(1)]",28.024994727662868,"(np.int64(8), np.int64(1))",0-2:27.61;2-3:27.64;3-4:27.99;4-6:27.98;6-7:27.86;7-8:27.92;8-1:28.02
4,"N=9, d=195m (margin 0.14m), Fail 5@t=10",2054,195,5,211,False,DISCONNECTED_BYPASS,-167.0,0,1,1.104050375163571,"[np.int64(0), np.int64(2), np.int64(3), np.int64(4), np.int64(6), np.int64(7), np.int64(8), np.int64(1)]",28.019108061104447,"(np.int64(8), np.int64(1))",0-2:27.61;2-3:27.67;3-4:27.97;4-6:27.99;6-7:27.81;7-8:27.95;8-1:28.02
4,"N=9, d=195m (margin 0.14m), Fail 5@t=10",2054,195,5,212,False,DISCONNECTED_BYPASS,-167.0,0,1,1.071762582456925,"[np.int64(0), np.int64(2), np.int64(3), np.int64(4), np.int64(6), np.int64(7), np.int64(8), np.int64(1)]",28.013850605569083,"(np.int64(4), np.int64(6))",0-2:27.59;2-3:27.72;3-4:27.93;4-6:28.01;6-7:27.77;7-8:28.00;8-1:28.01
4,"N=9, d=195m (margin 0.14m), Fail 5@t=10",2054,195,5,213,False,DISCONNECTED_BYPASS,-167.0,0,1,0.6517407476821729,"[np.int64(0), np.int64(2), np.int64(3), np.int64(4), np.int64(6), np.int64(7), np.int64(8), np.int64(1)]",28.039411764970534,"(np.int64(7), np.int64(8))",0-2:27.57;2-3:27.76;3-4:27.93;4-6:27.99;6-7:27.74;7-8:28.04;8-1:28.00
4,"N=9, d=195m (margin 0.14m), Fail 5@t=10",2054,195,5,214,False,DISCONNECTED_BYPASS,-167.0,0,1,0.5737420963461131,"[np.int64(0), np.int64(2), np.int64(3), np.int64(4), np.int64(6), np.int64(7), np.int64(8), np.int64(1)]",28.01826360004663,"(np.int64(8), np.int64(1))",0-2:27.56;2-3:27.77;3-4:27.95;4-6:27.96;6-7:27.74;7-8:28.02;8-1:28.02
4,"N=9, d=195m (margin 0.14m), Fail 5@t=10",2054,195,5,215,False,DISCONNECTED_BYPASS,-167.0,0,1,0.851304162091422,"[np.int64(0), np.int64(2), np.int64(3), np.int64(4), np.int64(6), np.int64(7), np.int64(8), np.int64(1)]",28.034480642557646,"(np.int64(8), np.int64(1))",0-2:27.56;2-3:27.77;3-4:27.98;4-6:27.91;6-7:27.80;7-8:27.97;8-1:28.03
4,"N=9, d=195m (margin 0.14m), Fail 5@t=10",2054,195,5,216,False,DISCONNECTED_BYPASS,-167.0,0,1,0.8892918016031257,"[np.int64(0), np.int64(2), np.int64(3), np.int64(4), np.int64(6), np.int64(7), np.int64(8), np.int64(1)]",28.012033979197934,"(np.int64(8), np.int64(1))",0-2:27.58;2-3:27.76;3-4:28.00;4-6:27.87;6-7:27.85;7-8:27.95;8-1:28.01
4,"N=9, d=195m (margin 0.14m), Fail 5@t=10",2054,195,5,217,True,DISCONNECTED_BYPASS,-167.0,0,1,0.987645680916586,"[np.int64(0), np.int64(2), np.int64(3), np.int64(4), np.int64(6), np.int64(7), np.int64(8), np.int64(1)]",27.987317756307952,"(np.int64(8), np.int64(1))",0-2:27.59;2-3:27.76;3-4:27.98;4-6:27.86;6-7:27.90;7-8:27.95;8-1:27.99
4,"N=9, d=195m (margin 0.14m), Fail 5@t=10",2054,195,5,218,True,SOLVED,-167.0,0,1,0.6467868520167956,"[np.int64(0), np.int64(2), np.int64(3), np.int64(4), np.int64(6), np.int64(7), np.int64(8), np.int64(1)]",27.967448221128194,"(np.int64(8), np.int64(1))",0-2:27.60;2-3:27.74;3-4:27.97;4-6:27.86;6-7:27.94;7-8:27.95;8-1:27.97
4,"N=9, d=195m (margin 0.14m), Fail 5@t=10",2054,195,5,219,True,SOLVED,-167.0,0,1,0.4783251569504223,"[np.int64(0), np.int64(2), np.int64(3), np.int64(4), np.int64(6), np.int64(7), np.int64(8), np.int64(1)]",27.968551269525793,"(np.int64(6), np.int64(7))",0-2:27.62;2-3:27.71;3-4:27.95;4-6:27.86;6-7:27.97;7-8:27.95;8-1:27.95
4,"N=9, d=195m (margin 0.14m), Fail 5@t=10",2054,195,5,220,True,SOLVED,-167.0,0,1,0.5172703738234695,"[np.int64(0), np.int64(2), np.int64(3), np.int64(4), np.int64(6), np.int64(7), np.int64(8), np.int64(1)]",27.990139422909078,"(np.int64(6), np.int64(7))",0-2:27.64;2-3:27.69;3-4:27.92;4-6:27.88;6-7:27.99;7-8:27.95;8-1:27.95
4,"N=9, d=195m (margin 0.14m), Fail 5@t=10",2054,195,5,221,False,SOLVED,-167.0,0,1,0.46487674206837787,"[np.int64(0), np.int64(2), np.int64(3), np.int64(4), np.int64(6), np.int64(7), np.int64(8), np.int64(1)]",28.005668402934624,"(np.int64(6), np.int64(7))",0-2:27.66;2-3:27.66;3-4:27.89;4-6:27.89;6-7:28.01;7-8:27.96;8-1:27.95
4,"N=9, d=195m (margin 0.14m), Fail 5@t=10",2054,195,5,222,True,DISCONNECTED_BYPASS,-167.0,0,1,0.5279255288576583,"[np.int64(0), np.int64(2), np.int64(3), np.int64(4), np.int64(6), np.int64(7), np.int64(8), np.int64(1)]",27.993989884588604,"(np.int64(7), np.int64(8))",0-2:27.68;2-3:27.65;3-4:27.86;4-6:27.93;6-7:27.95;7-8:27.99;8-1:27.94
4,"N=9, d=195m (margin 0.14m), Fail 5@t=10",2054,195,5,223,False,SOLVED,-167.0,0,1,0.5302981201828016,"[np.int64(0), np.int64(2), np.int64(3), np.int64(4), np.int64(6), np.int64(7), np.int64(8), np.int64(1)]",28.018730068607436,"(np.int64(7), np.int64(8))",0-2:27.70;2-3:27.62;3-4:27.85;4-6:27.97;6-7:27.92;7-8:28.02;8-1:27.94
4,"N=9, d=195m (margin 0.14m), Fail 5@t=10",2054,195,5,224,True,DISCONNECTED_BYPASS,-167.0,0,1,0.7813193964729637,"[np.int64(0), np.int64(2), np.int64(3), np.int64(4), np.int64(6), np.int64(7), np.int64(8), np.int64(1)]",27.989072367493428,"(np.int64(4), np.int64(6))",0-2:27.73;2-3:27.57;3-4:27.85;4-6:27.99;6-7:27.94;7-8:27.97;8-1:27.98
4,"N=9, d=195m (margin 0.14m), Fail 5@t=10",2054,195,5,225,False,SOLVED,-167.0,0,1,0.799269029788398,"[np.int64(0), np.int64(2), np.int64(3), np.int64(4), np.int64(6), np.int64(7), np.int64(8), np.int64(1)]",28.00345028220642,"(np.int64(4), np.int64(6))",0-2:27.74;2-3:27.53;3-4:27.85;4-6:28.00;6-7:27.96;7-8:27.93;8-1:28.00
4,"N=9, d=195m (margin 0.14m), Fail 5@t=10",2054,195,5,226,False,DISCONNECTED_BYPASS,-167.0,0,1,0.7392458577954879,"[np.int64(0), np.int64(2), np.int64(3), np.int64(4), np.int64(6), np.int64(7), np.int64(8), np.int64(1)]",28.0340549291624,"(np.int64(8), np.int64(1))",0-2:27.76;2-3:27.49;3-4:27.90;4-6:27.94;6-7:27.98;7-8:27.91;8-1:28.03
4,"N=9, d=195m (margin 0.14m), Fail 5@t=10",2054,195,5,227,False,DISCONNECTED_BYPASS,-167.0,0,1,0.6277616711662165,"[np.int64(0), np.int64(2), np.int64(3), np.int64(4), np.int64(6), np.int64(7), np.int64(8), np.int64(1)]",28.076177206792497,"(np.int64(8), np.int64(1))",0-2:27.78;2-3:27.46;3-4:27.94;4-6:27.87;6-7:28.01;7-8:27.89;8-1:28.08
4,"N=9, d=195m (margin 0.14m), Fail 5@t=10",2054,195,5,228,False,DISCONNECTED_BYPASS,-167.0,0,1,0.6771877032815636,"[np.int64(0), np.int64(2), np.int64(3), np.int64(4), np.int64(6), np.int64(7), np.int64(8), np.int64(1)]",28.11286423796031,"(np.int64(8), np.int64(1))",0-2:27.79;2-3:27.42;3-4:27.98;4-6:27.85;6-7:27.96;7-8:27.90;8-1:28.11
4,"N=9, d=195m (margin 0.14m), Fail 5@t=10",2054,195,5,229,False,DISCONNECTED_BYPASS,-167.0,0,1,0.6751622363879672,"[np.int64(0), np.int64(2), np.int64(3), np.int64(4), np.int64(6), np.int64(7), np.int64(8), np.int64(1)]",28.112711489109024,"(np.int64(8), np.int64(1))",0-2:27.81;2-3:27.39;3-4:28.02;4-6:27.83;6-7:27.91;7-8:27.95;8-1:28.11
4,"N=9, d=195m (margin 0.14m), Fail 5@t=10",2054,195,5,230,False,DISCONNECTED_BYPASS,-167.0,0,1,0.6773549302962429,"[np.int64(0), np.int64(2), np.int64(3), np.int64(4), np.int64(6), np.int64(7), np.int64(8), np.int64(1)]",28.092093766946054,"(np.int64(8), np.int64(1))",0-2:27.80;2-3:27.41;3-4:27.99;4-6:27.84;6-7:27.86;7-8:28.03;8-1:28.09
4,"N=9, d=195m (margin 0.14m), Fail 5@t=10",2054,195,5,231,False,DISCONNECTED_BYPASS,-167.0,0,1,0.5270085788223436,"[np.int64(0), np.int64(2), np.int64(3), np.int64(4), np.int64(6), np.int64(7), np.int64(8), np.int64(1)]",28.08048588598721,"(np.int64(7), np.int64(8))",0-2:27.78;2-3:27.45;3-4:27.93;4-6:27.89;6-7:27.81;7-8:28.08;8-1:28.07
4,"N=9, d=195m (margin 0.14m), Fail 5@t=10",2054,195,5,232,False,DISCONNECTED_BYPASS,-167.0,0,1,0.6709616808129936,"[np.int64(0), np.int64(2), np.int64(3), np.int64(4), np.int64(6), np.int64(7), np.int64(8), np.int64(1)]",28.079263304671077,"(np.int64(7), np.int64(8))",0-2:27.75;2-3:27.50;3-4:27.84;4-6:27.98;6-7:27.80;7-8:28.08;8-1:28.07
4,"N=9, d=195m (margin 0.14m), Fail 5@t=10",2054,195,5,233,False,DISCONNECTED_BYPASS,-167.0,0,1,0.828052453438391,"[np.int64(0), np.int64(2), np.int64(3), np.int64(4), np.int64(6), np.int64(7), np.int64(8), np.int64(1)]",28.081463787903715,"(np.int64(8), np.int64(1))",0-2:27.73;2-3:27.55;3-4:27.73;4-6:28.07;6-7:27.82;7-8:28.03;8-1:28.08
4,"N=9, d=195m (margin 0.14m), Fail 5@t=10",2054,195,5,234,False,DISCONNECTED_BYPASS,-167.0,0,1,1.103977765582487,"[np.int64(0), np.int64(2), np.int64(3), np.int64(4), np.int64(6), np.int64(7), np.int64(8), np.int64(1)]",28.105854379234625,"(np.int64(4), np.int64(6))",0-2:27.70;2-3:27.58;3-4:27.69;4-6:28.11;6-7:27.90;7-8:27.93;8-1:28.10
4,"N=9, d=195m (margin 0.14m), Fail 5@t=10",2054,195,5,235,False,DISCONNECTED_BYPASS,-167.0,0,1,1.1179120843670607,"[np.int64(0), np.int64(2), np.int64(3), np.int64(4), np.int64(6), np.int64(7), np.int64(8), np.int64(1)]",28.080327479521994,"(np.int64(8), np.int64(1))",0-2:27.68;2-3:27.59;3-4:27.72;4-6:28.05;6-7:28.00;7-8:27.89;8-1:28.08
4,"N=9, d=195m (margin 0.14m), Fail 5@t=10",2054,195,5,236,False,DISCONNECTED_BYPASS,-167.0,0,1,0.9334842879043153,"[np.int64(0), np.int64(2), np.int64(3), np.int64(4), np.int64(6), np.int64(7), np.int64(8), np.int64(1)]",28.067101597724125,"(np.int64(6), np.int64(7))",0-2:27.66;2-3:27.59;3-4:27.80;4-6:27.94;6-7:28.07;7-8:27.92;8-1:28.03
4,"N=9, d=195m (margin 0.14m), Fail 5@t=10",2054,195,5,237,False,DISCONNECTED_BYPASS,-167.0,0,1,0.711742679531893,"[np.int64(0), np.int64(2), np.int64(3), np.int64(4), np.int64(6), np.int64(7), np.int64(8), np.int64(1)]",28.064676534700652,"(np.int64(6), np.int64(7))",0-2:27.65;2-3:27.60;3-4:27.88;4-6:27.87;6-7:28.06;7-8:28.00;8-1:27.97
4,"N=9, d=195m (margin 0.14m), Fail 5@t=10",2054,195,5,238,False,DISCONNECTED_BYPASS,-167.0,0,1,0.913719454560261,"[np.int64(0), np.int64(2), np.int64(3), np.int64(4), np.int64(6), np.int64(7), np.int64(8), np.int64(1)]",28.101788706813263,"(np.int64(7), np.int64(8))",0-2:27.63;2-3:27.62;3-4:27.93;4-6:27.82;6-7:28.00;7-8:28.10;8-1:27.91
4,"N=9, d=195m (margin 0.14m), Fail 5@t=10",2054,195,5,239,False,DISCONNECTED_BYPASS,-167.0,0,1,0.9823734601400888,"[np.int64(0), np.int64(2), np.int64(3), np.int64(4), np.int64(6), np.int64(7), np.int64(8), np.int64(1)]",28.158043949618552,"(np.int64(7), np.int64(8))",0-2:27.61;2-3:27.67;3-4:27.97;4-6:27.79;6-7:27.93;7-8:28.16;8-1:27.89
4,"N=9, d=195m (margin 0.14m), Fail 5@t=10",2054,195,5,240,False,DISCONNECTED_BYPASS,-167.0,0,1,0.72768698432688,"[np.int64(0), np.int64(2), np.int64(3), np.int64(4), np.int64(6), np.int64(7), np.int64(8), np.int64(1)]",28.131810007161352,"(np.int64(7), np.int64(8))",0-2:27.59;2-3:27.74;3-4:27.98;4-6:27.77;6-7:27.91;7-8:28.13;8-1:27.91
4,"N=9, d=195m (margin 0.14m), Fail 5@t=10",2054,195,5,241,False,DISCONNECTED_BYPASS,-167.0,0,1,0.7072439099205439,"[np.int64(0), np.int64(2), np.int64(3), np.int64(4), np.int64(6), np.int64(7), np.int64(8), np.int64(1)]",28.03734459766338,"(np.int64(7), np.int64(8))",0-2:27.57;2-3:27.80;3-4:27.96;4-6:27.79;6-7:27.91;7-8:28.04;8-1:27.96
4,"N=9, d=195m (margin 0.14m), Fail 5@t=10",2054,195,5,242,False,DISCONNECTED_BYPASS,-167.0,0,1,0.9786319412853661,"[np.int64(0), np.int64(2), np.int64(3), np.int64(4), np.int64(6), np.int64(7), np.int64(8), np.int64(1)]",28.02636276764693,"(np.int64(8), np.int64(1))",0-2:27.58;2-3:27.83;3-4:27.95;4-6:27.80;6-7:27.95;7-8:27.89;8-1:28.03
4,"N=9, d=195m (margin 0.14m), Fail 5@t=10",2054,195,5,243,False,DISCONNECTED_BYPASS,-167.0,0,1,0.8535157356062028,"[np.int64(0), np.int64(2), np.int64(3), np.int64(4), np.int64(6), np.int64(7), np.int64(8), np.int64(1)]",28.072960719926733,"(np.int64(8), np.int64(1))",0-2:27.61;2-3:27.84;3-4:27.94;4-6:27.81;6-7:27.98;7-8:27.77;8-1:28.07
4,"N=9, d=195m (margin 0.14m), Fail 5@t=10",2054,195,5,244,False,DISCONNECTED_BYPASS,-167.0,0,1,0.8559141118135396,"[np.int64(0), np.int64(2), np.int64(3), np.int64(4), np.int64(6), np.int64(7), np.int64(8), np.int64(1)]",28.12014312776135,"(np.int64(8), np.int64(1))",0-2:27.66;2-3:27.82;3-4:27.94;4-6:27.82;6-7:27.98;7-8:27.69;8-1:28.12
4,"N=9, d=195m (margin 0.14m), Fail 5@t=10",2054,195,5,245,False,DISCONNECTED_BYPASS,-167.0,0,1,0.8386932745953989,"[np.int64(0), np.int64(2), np.int64(3), np.int64(4), np.int64(6), np.int64(7), np.int64(8), np.int64(1)]",28.166542547947188,"(np.int64(8), np.int64(1))",0-2:27.71;2-3:27.79;3-4:27.95;4-6:27.84;6-7:27.97;7-8:27.61;8-1:28.17
4,"N=9, d=195m (margin 0.14m), Fail 5@t=10",2054,195,5,246,False,DISCONNECTED_BYPASS,-167.0,0,1,0.7617088358550042,"[np.int64(0), np.int64(2), np.int64(3), np.int64(4), np.int64(6), np.int64(7), np.int64(8), np.int64(1)]",28.21010704172767,"(np.int64(8), np.int64(1))",0-2:27.77;2-3:27.74;3-4:27.97;4-6:27.85;6-7:27.94;7-8:27.56;8-1:28.21
4,"N=9, d=195m (margin 0.14m), Fail 5@t=10",2054,195,5,247,False,DISCONNECTED_BYPASS,-167.0,0,1,0.6855979070534087,"[np.int64(0), np.int64(2), np.int64(3), np.int64(4), np.int64(6), np.int64(7), np.int64(8), np.int64(1)]",28.248634160435415,"(np.int64(8), np.int64(1))",0-2:27.82;2-3:27.67;3-4:28.00;4-6:27.87;6-7:27.88;7-8:27.55;8-1:28.25
4,"N=9, d=195m (margin 0.14m), Fail 5@t=10",2054,195,5,248,False,DISCONNECTED_BYPASS,-167.0,0,1,0.6712115669762786,"[np.int64(0), np.int64(2), np.int64(3), np.int64(4), np.int64(6), np.int64(7), np.int64(8), np.int64(1)]",28.28574815386783,"(np.int64(8), np.int64(1))",0-2:27.86;2-3:27.63;3-4:28.01;4-6:27.89;6-7:27.82;7-8:27.53;8-1:28.29
4,"N=9, d=195m (margin 0.14m), Fail 5@t=10",2054,195,5,249,False,DISCONNECTED_BYPASS,-167.0,0,1,0.6471926407748969,"[np.int64(0), np.int64(2), np.int64(3), np.int64(4), np.int64(6), np.int64(7), np.int64(8), np.int64(1)]",28.320414214780065,"(np.int64(8), np.int64(1))",0-2:27.88;2-3:27.65;3-4:27.97;4-6:27.94;6-7:27.76;7-8:27.52;8-1:28.32
4,"N=9, d=195m (margin 0.14m), Fail 5@t=10",2054,195,5,250,False,DISCONNECTED_BYPASS,-167.0,0,1,0.6787483788278584,"[np.int64(0), np.int64(2), np.int64(3), np.int64(4), np.int64(6), np.int64(7), np.int64(8), np.int64(1)]",28.350514272753028,"(np.int64(8), np.int64(1))",0-2:27.88;2-3:27.67;3-4:27.94;4-6:27.98;6-7:27.70;7-8:27.53;8-1:28.35
4,"N=9, d=195m (margin 0.14m), Fail 5@t=10",2054,195,5,251,False,DISCONNECTED_BYPASS,-167.0,0,1,0.8347343820323906,"[np.int64(0), np.int64(2), np.int64(3), np.int64(4), np.int64(6), np.int64(7), np.int64(8), np.int64(1)]",28.379569275027066,"(np.int64(8), np.int64(1))",0-2:27.87;2-3:27.68;3-4:27.92;4-6:27.99;6-7:27.64;7-8:27.57;8-1:28.38
4,"N=9, d=195m (margin 0.14m), Fail 5@t=10",2054,195,5,252,False,DISCONNECTED_BYPASS,-167.0,0,1,0.9443379930238579,"[np.int64(0), np.int64(2), np.int64(3), np.int64(4), np.int64(6), np.int64(7), np.int64(8), np.int64(1)]",28.405229528413493,"(np.int64(8), np.int64(1))",0-2:27.87;2-3:27.67;3-4:27.91;4-6:27.98;6-7:27.59;7-8:27.62;8-1:28.41
4,"N=9, d=195m (margin 0.14m), Fail 5@t=10",2054,195,5,253,False,DISCONNECTED_BYPASS,-167.0,0,1,1.0154730899050566,"[np.int64(0), np.int64(2), np.int64(3), np.int64(4), np.int64(6), np.int64(7), np.int64(8), np.int64(1)]",28.412857954172747,"(np.int64(8), np.int64(1))",0-2:27.87;2-3:27.66;3-4:27.91;4-6:27.93;6-7:27.57;7-8:27.70;8-1:28.41
4,"N=9, d=195m (margin 0.14m), Fail 5@t=10",2054,195,5,254,False,DISCONNECTED_BYPASS,-167.0,0,1,0.9647612390047591,"[np.int64(0), np.int64(2), np.int64(3), np.int64(4), np.int64(6), np.int64(7), np.int64(8), np.int64(1)]",28.38614641336688,"(np.int64(8), np.int64(1))",0-2:27.86;2-3:27.65;3-4:27.90;4-6:27.88;6-7:27.57;7-8:27.81;8-1:28.39
4,"N=9, d=195m (margin 0.14m), Fail 5@t=10",2054,195,5,255,False,DISCONNECTED_BYPASS,-167.0,0,1,0.8778277426891499,"[np.int64(0), np.int64(2), np.int64(3), np.int64(4), np.int64(6), np.int64(7), np.int64(8), np.int64(1)]",28.337909668076758,"(np.int64(8), np.int64(1))",0-2:27.85;2-3:27.64;3-4:27.87;4-6:27.85;6-7:27.57;7-8:27.94;8-1:28.34
4,"N=9, d=195m (margin 0.14m), Fail 5@t=10",2054,195,5,256,False,DISCONNECTED_BYPASS,-167.0,0,1,1.011264325251722,"[np.int64(0), np.int64(2), np.int64(3), np.int64(4), np.int64(6), np.int64(7), np.int64(8), np.int64(1)]",28.26782353560666,"(np.int64(8), np.int64(1))",0-2:27.85;2-3:27.63;3-4:27.82;4-6:27.83;6-7:27.59;7-8:28.07;8-1:28.27
4,"N=9, d=195m (margin 0.14m), Fail 5@t=10",2054,195,5,257,False,DISCONNECTED_BYPASS,-167.0,0,1,1.144732716888495,"[np.int64(0), np.int64(2), np.int64(3), np.int64(4), np.int64(6), np.int64(7), np.int64(8), np.int64(1)]",28.20559664150956,"(np.int64(8), np.int64(1))",0-2:27.83;2-3:27.61;3-4:27.78;4-6:27.81;6-7:27.67;7-8:28.15;8-1:28.21
4,"N=9, d=195m (margin 0.14m), Fail 5@t=10",2054,195,5,258,False,DISCONNECTED_BYPASS,-167.0,0,1,1.1737470833685069,"[np.int64(0), np.int64(2), np.int64(3), np.int64(4), np.int64(6), np.int64(7), np.int64(8), np.int64(1)]",28.165283634418167,"(np.int64(7), np.int64(8))",0-2:27.81;2-3:27.60;3-4:27.73;4-6:27.78;6-7:27.81;7-8:28.17;8-1:28.16
4,"N=9, d=195m (margin 0.14m), Fail 5@t=10",2054,195,5,259,False,DISCONNECTED_BYPASS,-167.0,0,1,1.120878947334336,"[np.int64(0), np.int64(2), np.int64(3), np.int64(4), np.int64(6), np.int64(7), np.int64(8), np.int64(1)]",28.13940234441808,"(np.int64(7), np.int64(8))",0-2:27.78;2-3:27.59;3-4:27.67;4-6:27.77;6-7:27.98;7-8:28.14;8-1:28.12
4,"N=9, d=195m (margin 0.14m), Fail 5@t=10",2054,195,5,260,False,DISCONNECTED_BYPASS,-167.0,0,1,1.1319704939587283,"[np.int64(0), np.int64(2), np.int64(3), np.int64(4), np.int64(6), np.int64(7), np.int64(8), np.int64(1)]",28.1517845667256,"(np.int64(6), np.int64(7))",0-2:27.73;2-3:27.58;3-4:27.63;4-6:27.76;6-7:28.15;7-8:28.09;8-1:28.10
4,"N=9, d=195m (margin 0.14m), Fail 5@t=10",2054,195,5,261,False,DISCONNECTED_BYPASS,-167.0,0,1,0.9082396938818762,"[np.int64(0), np.int64(2), np.int64(3), np.int64(4), np.int64(6), np.int64(7), np.int64(8), np.int64(1)]",28.245036812598116,"(np.int64(6), np.int64(7))",0-2:27.69;2-3:27.56;3-4:27.61;4-6:27.79;6-7:28.25;7-8:28.07;8-1:28.07
4,"N=9, d=195m (margin 0.14m), Fail 5@t=10",2054,195,5,262,False,DISCONNECTED_BYPASS,-167.0,0,1,0.8513893202213938,"[np.int64(0), np.int64(2), np.int64(3), np.int64(4), np.int64(6), np.int64(7), np.int64(8), np.int64(1)]",28.262007971021593,"(np.int64(6), np.int64(7))",0-2:27.64;2-3:27.54;3-4:27.63;4-6:27.84;6-7:28.26;7-8:28.08;8-1:28.04
4,"N=9, d=195m (margin 0.14m), Fail 5@t=10",2054,195,5,263,False,DISCONNECTED_BYPASS,-167.0,0,1,0.8554978968922946,"[np.int64(0), np.int64(2), np.int64(3), np.int64(4), np.int64(6), np.int64(7), np.int64(8), np.int64(1)]",28.22222848035882,"(np.int64(6), np.int64(7))",0-2:27.59;2-3:27.50;3-4:27.69;4-6:27.90;6-7:28.22;7-8:28.11;8-1:28.02
4,"N=9, d=195m (margin 0.14m), Fail 5@t=10",2054,195,5,264,False,DISCONNECTED_BYPASS,-167.0,0,1,0.7976895948809338,"[np.int64(0), np.int64(2), np.int64(3), np.int64(4), np.int64(6), np.int64(7), np.int64(8), np.int64(1)]",28.159654830996264,"(np.int64(7), np.int64(8))",0-2:27.54;2-3:27.48;3-4:27.76;4-6:27.95;6-7:28.14;7-8:28.16;8-1:28.01
4,"N=9, d=195m (margin 0.14m), Fail 5@t=10",2054,195,5,265,False,DISCONNECTED_BYPASS,-167.0,0,1,0.9284738632038547,"[np.int64(0), np.int64(2), np.int64(3), np.int64(4), np.int64(6), np.int64(7), np.int64(8), np.int64(1)]",28.22301617118162,"(np.int64(7), np.int64(8))",0-2:27.50;2-3:27.45;3-4:27.83;4-6:28.03;6-7:28.01;7-8:28.22;8-1:27.99
4,"N=9, d=195m (margin 0.14m), Fail 5@t=10",2054,195,5,266,False,DISCONNECTED_BYPASS,-167.0,0,1,1.138162221485419,"[np.int64(0), np.int64(2), np.int64(3), np.int64(4), np.int64(6), np.int64(7), np.int64(8), np.int64(1)]",28.25937806904949,"(np.int64(7), np.int64(8))",0-2:27.45;2-3:27.43;3-4:27.93;4-6:28.06;6-7:27.89;7-8:28.26;8-1:28.01
4,"N=9, d=195m (margin 0.14m), Fail 5@t=10",2054,195,5,267,False,DISCONNECTED_BYPASS,-167.0,0,1,1.1503823771162363,"[np.int64(0), np.int64(2), np.int64(3), np.int64(4), np.int64(6), np.int64(7), np.int64(8), np.int64(1)]",28.268164536034465,"(np.int64(7), np.int64(8))",0-2:27.41;2-3:27.42;3-4:28.04;4-6:28.05;6-7:27.84;7-8:28.27;8-1:28.00
4,"N=9, d=195m (margin 0.14m), Fail 5@t=10",2054,195,5,268,False,DISCONNECTED_BYPASS,-167.0,0,1,0.8931695069955441,"[np.int64(0), np.int64(2), np.int64(3), np.int64(4), np.int64(6), np.int64(7), np.int64(8), np.int64(1)]",28.203047780312716,"(np.int64(7), np.int64(8))",0-2:27.37;2-3:27.45;3-4:28.10;4-6:28.03;6-7:27.85;7-8:28.20;8-1:28.02
4,"N=9, d=195m (margin 0.14m), Fail 5@t=10",2054,195,5,269,False,DISCONNECTED_BYPASS,-167.0,0,1,1.0704302298892463,"[np.int64(0), np.int64(2), np.int64(3), np.int64(4), np.int64(6), np.int64(7), np.int64(8), np.int64(1)]",28.1192486939449,"(np.int64(3), np.int64(4))",0-2:27.34;2-3:27.50;3-4:28.12;4-6:28.00;6-7:27.91;7-8:28.11;8-1:28.04
4,"N=9, d=195m (margin 0.14m), Fail 5@t=10",2054,195,5,270,False,DISCONNECTED_BYPASS,-167.0,0,1,1.3319028969530728,"[np.int64(0), np.int64(2), np.int64(3), np.int64(4), np.int64(6), np.int64(7), np.int64(8), np.int64(1)]",28.11099053965851,"(np.int64(3), np.int64(4))",0-2:27.34;2-3:27.55;3-4:28.11;4-6:27.96;6-7:28.03;7-8:28.01;8-1:28.05
4,"N=9, d=195m (margin 0.14m), Fail 5@t=10",2054,195,5,271,False,DISCONNECTED_BYPASS,-167.0,0,1,1.0641775873762334,"[np.int64(0), np.int64(2), np.int64(3), np.int64(4), np.int64(6), np.int64(7), np.int64(8), np.int64(1)]",28.078606403077924,"(np.int64(6), np.int64(7))",0-2:27.35;2-3:27.59;3-4:28.07;4-6:27.96;6-7:28.08;7-8:27.94;8-1:28.05
4,"N=9, d=195m (margin 0.14m), Fail 5@t=10",2054,195,5,272,False,DISCONNECTED_BYPASS,-167.0,0,1,0.7345886249606224,"[np.int64(0), np.int64(2), np.int64(3), np.int64(4), np.int64(6), np.int64(7), np.int64(8), np.int64(1)]",28.088184128901993,"(np.int64(6), np.int64(7))",0-2:27.38;2-3:27.63;3-4:28.01;4-6:27.98;6-7:28.09;7-8:27.92;8-1:28.02
4,"N=9, d=195m (margin 0.14m), Fail 5@t=10",2054,195,5,273,False,DISCONNECTED_BYPASS,-167.0,0,1,1.0751856666035597,"[np.int64(0), np.int64(2), np.int64(3), np.int64(4), np.int64(6), np.int64(7), np.int64(8), np.int64(1)]",28.057138500432714,"(np.int64(6), np.int64(7))",0-2:27.41;2-3:27.68;3-4:27.93;4-6:28.03;6-7:28.06;7-8:27.95;8-1:27.98
4,"N=9, d=195m (margin 0.14m), Fail 5@t=10",2054,195,5,274,False,DISCONNECTED_BYPASS,-167.0,0,1,0.9411246428287124,"[np.int64(0), np.int64(2), np.int64(3), np.int64(4), np.int64(6), np.int64(7), np.int64(8), np.int64(1)]",28.02095932523326,"(np.int64(4), np.int64(6))",0-2:27.44;2-3:27.73;3-4:27.89;4-6:28.02;6-7:28.00;7-8:27.99;8-1:27.96
4,"N=9, d=195m (margin 0.14m), Fail 5@t=10",2054,195,5,275,False,DISCONNECTED_BYPASS,-167.0,0,1,0.9793057236492777,"[np.int64(0), np.int64(2), np.int64(3), np.int64(4), np.int64(6), np.int64(7), np.int64(8), np.int64(1)]",28.028748010540856,"(np.int64(7), np.int64(8))",0-2:27.48;2-3:27.76;3-4:27.87;4-6:28.00;6-7:27.92;7-8:28.03;8-1:27.97
4,"N=9, d=195m (margin 0.14m), Fail 5@t=10",2054,195,5,276,False,DISCONNECTED_BYPASS,-167.0,0,1,0.7598954928931277,"[np.int64(0), np.int64(2), np.int64(3), np.int64(4), np.int64(6), np.int64(7), np.int64(8), np.int64(1)]",28.00733735711902,"(np.int64(7), np.int64(8))",0-2:27.52;2-3:27.78;3-4:27.87;4-6:27.96;6-7:27.89;7-8:28.01;8-1:28.00
4,"N=9, d=195m (margin 0.14m), Fail 5@t=10",2054,195,5,277,False,DISCONNECTED_BYPASS,-167.0,0,1,0.7687177495514357,"[np.int64(0), np.int64(2), np.int64(3), np.int64(4), np.int64(6), np.int64(7), np.int64(8), np.int64(1)]",28.051550608225494,"(np.int64(8), np.int64(1))",0-2:27.56;2-3:27.78;3-4:27.88;4-6:27.93;6-7:27.90;7-8:27.93;8-1:28.05
4,"N=9, d=195m (margin 0.14m), Fail 5@t=10",2054,195,5,278,False,DISCONNECTED_BYPASS,-167.0,0,1,0.6552715111711507,"[np.int64(0), np.int64(2), np.int64(3), np.int64(4), np.int64(6), np.int64(7), np.int64(8), np.int64(1)]",28.06901920603435,"(np.int64(8), np.int64(1))",0-2:27.60;2-3:27.76;3-4:27.90;4-6:27.89;6-7:27.88;7-8:27.92;8-1:28.07
4,"N=9, d=195m (margin 0.14m), Fail 5@t=10",2054,195,5,279,False,DISCONNECTED_BYPASS,-167.0,0,1,0.6814854989131135,"[np.int64(0), np.int64(2), np.int64(3), np.int64(4), np.int64(6), np.int64(7), np.int64(8), np.int64(1)]",28.064513893553134,"(np.int64(8), np.int64(1))",0-2:27.65;2-3:27.73;3-4:27.92;4-6:27.87;6-7:27.86;7-8:27.93;8-1:28.06
4,"N=9, d=195m (margin 0.14m), Fail 5@t=10",2054,195,5,280,False,DISCONNECTED_BYPASS,-167.0,0,1,0.647748046025696,"[np.int64(0), np.int64(2), np.int64(3), np.int64(4), np.int64(6), np.int64(7), np.int64(8), np.int64(1)]",28.057122174922334,"(np.int64(8), np.int64(1))",0-2:27.71;2-3:27.68;3-4:27.96;4-6:27.85;6-7:27.83;7-8:27.95;8-1:28.06
4,"N=9, d=195m (margin 0.14m), Fail 5@t=10",2054,195,5,281,False,DISCONNECTED_BYPASS,-167.0,0,1,0.7186223006310004,"[np.int64(0), np.int64(2), np.int64(3), np.int64(4), np.int64(6), np.int64(7), np.int64(8), np.int64(1)]",28.050142829976707,"(np.int64(8), np.int64(1))",0-2:27.76;2-3:27.63;3-4:27.98;4-6:27.83;6-7:27.81;7-8:27.96;8-1:28.05
4,"N=9, d=195m (margin 0.14m), Fail 5@t=10",2054,195,5,282,False,DISCONNECTED_BYPASS,-167.0,0,1,0.8509878476764235,"[np.int64(0), np.int64(2), np.int64(3), np.int64(4), np.int64(6), np.int64(7), np.int64(8), np.int64(1)]",28.04357591064962,"(np.int64(8), np.int64(1))",0-2:27.79;2-3:27.61;3-4:27.97;4-6:27.85;6-7:27.79;7-8:27.98;8-1:28.04
4,"N=9, d=195m (margin 0.14m), Fail 5@t=10",2054,195,5,283,False,DISCONNECTED_BYPASS,-167.0,0,1,0.6183903327615121,"[np.int64(0), np.int64(2), np.int64(3), np.int64(4), np.int64(6), np.int64(7), np.int64(8), np.int64(1)]",28.037421468118765,"(np.int64(8), np.int64(1))",0-2:27.81;2-3:27.62;3-4:27.92;4-6:27.88;6-7:27.77;7-8:28.00;8-1:28.04
4,"N=9, d=195m (margin 0.14m), Fail 5@t=10",2054,195,5,284,False,DISCONNECTED_BYPASS,-167.0,0,1,0.6376698703383086,"[np.int64(0), np.int64(2), np.int64(3), np.int64(4), np.int64(6), np.int64(7), np.int64(8), np.int64(1)]",28.03511431056295,"(np.int64(7), np.int64(8))",0-2:27.81;2-3:27.64;3-4:27.86;4-6:27.92;6-7:27.76;7-8:28.04;8-1:28.02
4,"N=9, d=195m (margin 0.14m), Fail 5@t=10",2054,195,5,285,False,DISCONNECTED_BYPASS,-167.0,0,1,0.6004607132888935,"[np.int64(0), np.int64(2), np.int64(3), np.int64(4), np.int64(6), np.int64(7), np.int64(8), np.int64(1)]",28.033716944748,"(np.int64(7), np.int64(8))",0-2:27.81;2-3:27.64;3-4:27.81;4-6:27.96;6-7:27.79;7-8:28.03;8-1:28.00
4,"N=9, d=195m (margin 0.14m), Fail 5@t=10",2054,195,5,286,False,DISCONNECTED_BYPASS,-167.0,0,1,0.7508627967801447,"[np.int64(0), np.int64(2), np.int64(3), np.int64(4), np.int64(6), np.int64(7), np.int64(8), np.int64(1)]",28.00488806634142,"(np.int64(8), np.int64(1))",0-2:27.80;2-3:27.64;3-4:27.79;4-6:27.98;6-7:27.87;7-8:27.96;8-1:28.00
4,"N=9, d=195m (margin 0.14m), Fail 5@t=10",2054,195,5,287,True,DISCONNECTED_BYPASS,-167.0,0,1,0.8243990804980605,"[np.int64(0), np.int64(2), np.int64(3), np.int64(4), np.int64(6), np.int64(7), np.int64(8), np.int64(1)]",27.999372778360833,"(np.int64(8), np.int64(1))",0-2:27.80;2-3:27.60;3-4:27.80;4-6:27.97;6-7:27.95;7-8:27.92;8-1:28.00
4,"N=9, d=195m (margin 0.14m), Fail 5@t=10",2054,195,5,288,False,SOLVED,-167.0,0,1,0.9993241921385372,"[np.int64(0), np.int64(2), np.int64(3), np.int64(4), np.int64(6), np.int64(7), np.int64(8), np.int64(1)]",28.003990470488674,"(np.int64(6), np.int64(7))",0-2:27.79;2-3:27.56;3-4:27.82;4-6:27.96;6-7:28.00;7-8:27.89;8-1:28.00
4,"N=9, d=195m (margin 0.14m), Fail 5@t=10",2054,195,5,289,False,DISCONNECTED_BYPASS,-167.0,0,1,0.7930626699384232,"[np.int64(0), np.int64(2), np.int64(3), np.int64(4), np.int64(6), np.int64(7), np.int64(8), np.int64(1)]",28.005621611000667,"(np.int64(4), np.int64(6))",0-2:27.78;2-3:27.52;3-4:27.84;4-6:28.01;6-7:27.98;7-8:27.90;8-1:28.00
4,"N=9, d=195m (margin 0.14m), Fail 5@t=10",2054,195,5,290,False,DISCONNECTED_BYPASS,-167.0,0,1,0.7897986767526824,"[np.int64(0), np.int64(2), np.int64(3), np.int64(4), np.int64(6), np.int64(7), np.int64(8), np.int64(1)]",28.001553436930426,"(np.int64(8), np.int64(1))",0-2:27.76;2-3:27.50;3-4:27.90;4-6:27.97;6-7:27.98;7-8:27.91;8-1:28.00
4,"N=9, d=195m (margin 0.14m), Fail 5@t=10",2054,195,5,291,True,DISCONNECTED_BYPASS,-167.0,0,1,0.7921460978586327,"[np.int64(0), np.int64(2), np.int64(3), np.int64(4), np.int64(6), np.int64(7), np.int64(8), np.int64(1)]",27.97828863768979,"(np.int64(6), np.int64(7))",0-2:27.75;2-3:27.48;3-4:27.94;4-6:27.94;6-7:27.98;7-8:27.97;8-1:27.98
4,"N=9, d=195m (margin 0.14m), Fail 5@t=10",2054,195,5,292,False,SOLVED,-167.0,0,1,0.7607795537704959,"[np.int64(0), np.int64(2), np.int64(3), np.int64(4), np.int64(6), np.int64(7), np.int64(8), np.int64(1)]",28.00451039998,"(np.int64(7), np.int64(8))",0-2:27.73;2-3:27.46;3-4:27.97;4-6:27.92;6-7:27.98;7-8:28.00;8-1:27.96
4,"N=9, d=195m (margin 0.14m), Fail 5@t=10",2054,195,5,293,True,DISCONNECTED_BYPASS,-167.0,0,1,0.6789031630839829,"[np.int64(0), np.int64(2), np.int64(3), np.int64(4), np.int64(6), np.int64(7), np.int64(8), np.int64(1)]",27.99816381194794,"(np.int64(6), np.int64(7))",0-2:27.70;2-3:27.48;3-4:27.95;4-6:27.95;6-7:28.00;7-8:27.97;8-1:27.98
4,"N=9, d=195m (margin 0.14m), Fail 5@t=10",2054,195,5,294,False,SOLVED,-167.0,0,1,0.5136544403082762,"[np.int64(0), np.int64(2), np.int64(3), np.int64(4), np.int64(6), np.int64(7), np.int64(8), np.int64(1)]",28.01125352897795,"(np.int64(6), np.int64(7))",0-2:27.65;2-3:27.51;3-4:27.93;4-6:27.98;6-7:28.01;7-8:27.95;8-1:27.99
4,"N=9, d=195m (margin 0.14m), Fail 5@t=10",2054,195,5,295,False,DISCONNECTED_BYPASS,-167.0,0,1,0.650996862370941,"[np.int64(0), np.int64(2), np.int64(3), np.int64(4), np.int64(6), np.int64(7), np.int64(8), np.int64(1)]",28.04028727760106,"(np.int64(4), np.int64(6))",0-2:27.59;2-3:27.55;3-4:27.92;4-6:28.04;6-7:27.95;7-8:27.95;8-1:28.01
4,"N=9, d=195m (margin 0.14m), Fail 5@t=10",2054,195,5,296,False,DISCONNECTED_BYPASS,-167.0,0,1,0.6520762930269395,"[np.int64(0), np.int64(2), np.int64(3), np.int64(4), np.int64(6), np.int64(7), np.int64(8), np.int64(1)]",28.011948452909817,"(np.int64(4), np.int64(6))",0-2:27.54;2-3:27.61;3-4:27.95;4-6:28.01;6-7:27.93;7-8:27.99;8-1:28.00
4,"N=9, d=195m (margin 0.14m), Fail 5@t=10",2054,195,5,297,False,DISCONNECTED_BYPASS,-167.0,0,1,0.7281205023412228,"[np.int64(0), np.int64(2), np.int64(3), np.int64(4), np.int64(6), np.int64(7), np.int64(8), np.int64(1)]",28.02073019809576,"(np.int64(7), np.int64(8))",0-2:27.49;2-3:27.66;3-4:28.00;4-6:27.91;6-7:27.94;7-8:28.02;8-1:28.00
4,"N=9, d=195m (margin 0.14m), Fail 5@t=10",2054,195,5,298,False,DISCONNECTED_BYPASS,-167.0,0,1,0.6319997504916671,"[np.int64(0), np.int64(2), np.int64(3), np.int64(4), np.int64(6), np.int64(7), np.int64(8), np.int64(1)]",28.008369394391696,"(np.int64(8), np.int64(1))",0-2:27.45;2-3:27.73;3-4:28.00;4-6:27.87;6-7:27.96;7-8:28.00;8-1:28.01
4,"N=9, d=195m (margin 0.14m), Fail 5@t=10",2054,195,5,299,False,DISCONNECTED_BYPASS,-167.0,0,1,0.6087414574428777,"[np.int64(0), np.int64(2), np.int64(3), np.int64(4), np.int64(6), np.int64(7), np.int64(8), np.int64(1)]",28.007049220039768,"(np.int64(7), np.int64(8))",0-2:27.42;2-3:27.78;3-4:27.96;4-6:27.87;6-7:27.98;7-8:28.01;8-1:27.99
