scenario_idx,desc,seed,d_ab,fail_id,tick,connected,max_speed,max_chain_link,max_chain_d,min_chain_slack,chain_str,cbf_active_total,qp_infeasible_total
1,"N=9, d=185m (margin 1.57m), Fail 5@t=10",2051,185,5,0,True,0.38646319710315685,7-8,23.139241636304888,4.860758363695112,0-2:23.13; 2-3:23.12; 3-4:23.13; 4-5:23.12; 5-6:23.12; 6-7:23.13; 7-8:23.14; 8-1:23.10,1,0
1,"N=9, d=185m (margin 1.57m), Fail 5@t=10",2051,185,5,1,True,0.6981725963620458,5-6,23.155450618195502,4.844549381804498,0-2:23.13; 2-3:23.12; 3-4:23.13; 4-5:23.12; 5-6:23.16; 6-7:23.13; 7-8:23.12; 8-1:23.09,2,0
1,"N=9, d=185m (margin 1.57m), Fail 5@t=10",2051,185,5,2,True,0.5924523462602806,4-5,23.185572311962527,4.814427688037473,0-2:23.13; 2-3:23.12; 3-4:23.11; 4-5:23.19; 5-6:23.15; 6-7:23.14; 7-8:23.07; 8-1:23.10,3,0
1,"N=9, d=185m (margin 1.57m), Fail 5@t=10",2051,185,5,3,True,0.48132930848474015,4-5,23.18836436217787,4.811635637822128,0-2:23.13; 2-3:23.10; 3-4:23.16; 4-5:23.19; 5-6:23.15; 6-7:23.11; 7-8:23.09; 8-1:23.07,4,0
1,"N=9, d=185m (margin 1.57m), Fail 5@t=10",2051,185,5,4,True,0.5887306187212228,3-4,23.173171429963244,4.826828570036756,0-2:23.11; 2-3:23.15; 3-4:23.17; 4-5:23.16; 5-6:23.16; 6-7:23.08; 7-8:23.11; 8-1:23.05,5,0
1,"N=9, d=185m (margin 1.57m), Fail 5@t=10",2051,185,5,5,True,0.3551256645553352,3-4,23.166145440468803,4.833854559531197,0-2:23.14; 2-3:23.16; 3-4:23.17; 4-5:23.15; 5-6:23.14; 6-7:23.11; 7-8:23.08; 8-1:23.07,6,0
1,"N=9, d=185m (margin 1.57m), Fail 5@t=10",2051,185,5,6,True,0.4918292498524457,0-2,23.171268727869563,4.828731272130437,0-2:23.17; 2-3:23.16; 3-4:23.13; 4-5:23.14; 5-6:23.15; 6-7:23.11; 7-8:23.08; 8-1:23.07,7,0
1,"N=9, d=185m (margin 1.57m), Fail 5@t=10",2051,185,5,7,True,0.524481741930823,0-2,23.22275799176884,4.777242008231159,0-2:23.22; 2-3:23.11; 3-4:23.11; 4-5:23.16; 5-6:23.12; 6-7:23.11; 7-8:23.10; 8-1:23.07,8,0
1,"N=9, d=185m (margin 1.57m), Fail 5@t=10",2051,185,5,8,True,0.5189629432236857,0-2,23.228218239494094,4.771781760505906,0-2:23.23; 2-3:23.12; 3-4:23.14; 4-5:23.12; 5-6:23.08; 6-7:23.14; 7-8:23.10; 8-1:23.07,9,0
1,"N=9, d=185m (margin 1.57m), Fail 5@t=10",2051,185,5,9,True,0.33670557672412627,0-2,23.217858487641493,4.782141512358507,0-2:23.22; 2-3:23.16; 3-4:23.13; 4-5:23.07; 5-6:23.09; 6-7:23.14; 7-8:23.09; 8-1:23.10,10,0
1,"N=9, d=185m (margin 1.57m), Fail 5@t=10",2051,185,5,10,False,0.3992320776652033,4-6,46.09608268015724,-18.096082680157238,0-2:23.20; 2-3:23.21; 3-4:23.14; 4-6:46.10; 6-7:23.15; 7-8:23.11; 8-1:23.09,10,0
1,"N=9, d=185m (margin 1.57m), Fail 5@t=10",2051,185,5,11,False,0.5387881930872321,4-6,45.99179199405695,-17.991791994056953,0-2:23.22; 2-3:23.18; 3-4:23.20; 4-6:45.99; 6-7:23.19; 7-8:23.14; 8-1:23.08,10,0
1,"N=9, d=185m (margin 1.57m), Fail 5@t=10",2051,185,5,12,False,0.8115925773641639,4-6,45.84784663391599,-17.847846633915992,0-2:23.23; 2-3:23.19; 3-4:23.25; 4-6:45.85; 6-7:23.27; 7-8:23.12; 8-1:23.09,10,0
1,"N=9, d=185m (margin 1.57m), Fail 5@t=10",2051,185,5,13,False,1.0839635274648438,4-6,45.66274855052193,-17.662748550521933,0-2:23.24; 2-3:23.23; 3-4:23.28; 4-6:45.66; 6-7:23.33; 7-8:23.17; 8-1:23.10,10,0
1,"N=9, d=185m (margin 1.57m), Fail 5@t=10",2051,185,5,14,False,1.3236194865432518,4-6,45.44216135385885,-17.44216135385885,0-2:23.27; 2-3:23.27; 3-4:23.29; 4-6:45.44; 6-7:23.38; 7-8:23.22; 8-1:23.12,10,0
1,"N=9, d=185m (margin 1.57m), Fail 5@t=10",2051,185,5,15,False,1.5176306887123958,4-6,45.19234821844196,-17.192348218441957,0-2:23.31; 2-3:23.32; 3-4:23.30; 4-6:45.19; 6-7:23.42; 7-8:23.28; 8-1:23.18,10,0
1,"N=9, d=185m (margin 1.57m), Fail 5@t=10",2051,185,5,16,False,1.6571695737696863,4-6,44.919719823127885,-16.919719823127885,0-2:23.38; 2-3:23.34; 3-4:23.32; 4-6:44.92; 6-7:23.46; 7-8:23.33; 8-1:23.26,10,0
1,"N=9, d=185m (margin 1.57m), Fail 5@t=10",2051,185,5,17,False,1.7634207736035092,4-6,44.62906717631731,-16.629067176317307,0-2:23.43; 2-3:23.39; 3-4:23.33; 4-6:44.63; 6-7:23.48; 7-8:23.40; 8-1:23.34,10,0
1,"N=9, d=185m (margin 1.57m), Fail 5@t=10",2051,185,5,18,False,1.8451701889254453,4-6,44.3232574120318,-16.3232574120318,0-2:23.46; 2-3:23.43; 3-4:23.38; 4-6:44.32; 6-7:23.50; 7-8:23.50; 8-1:23.40,10,0
1,"N=9, d=185m (margin 1.57m), Fail 5@t=10",2051,185,5,19,False,1.9101113838519446,4-6,44.004166807345975,-16.004166807345975,0-2:23.47; 2-3:23.48; 3-4:23.45; 4-6:44.00; 6-7:23.58; 7-8:23.53; 8-1:23.48,10,0
1,"N=9, d=185m (margin 1.57m), Fail 5@t=10",2051,185,5,20,False,1.9539457559016773,4-6,43.67436251314481,-15.674362513144807,0-2:23.50; 2-3:23.53; 3-4:23.51; 4-6:43.67; 6-7:23.65; 7-8:23.60; 8-1:23.54,10,0
1,"N=9, d=185m (margin 1.57m), Fail 5@t=10",2051,185,5,21,False,1.9785042380895443,4-6,43.33600535616222,-15.336005356162218,0-2:23.56; 2-3:23.56; 3-4:23.56; 4-6:43.34; 6-7:23.71; 7-8:23.66; 8-1:23.61,10,0
1,"N=9, d=185m (margin 1.57m), Fail 5@t=10",2051,185,5,22,False,1.995277473089285,4-6,42.99035929806006,-14.990359298060064,0-2:23.63; 2-3:23.58; 3-4:23.61; 4-6:42.99; 6-7:23.78; 7-8:23.72; 8-1:23.69,10,0
1,"N=9, d=185m (margin 1.57m), Fail 5@t=10",2051,185,5,23,False,2.0040197828260395,4-6,42.638894638964835,-14.638894638964835,0-2:23.69; 2-3:23.63; 3-4:23.66; 4-6:42.64; 6-7:23.83; 7-8:23.82; 8-1:23.73,10,0
1,"N=9, d=185m (margin 1.57m), Fail 5@t=10",2051,185,5,24,False,2.020833582659181,4-6,42.28189084545145,-14.28189084545145,0-2:23.72; 2-3:23.70; 3-4:23.71; 4-6:42.28; 6-7:23.90; 7-8:23.89; 8-1:23.80,10,0
1,"N=9, d=185m (margin 1.57m), Fail 5@t=10",2051,185,5,25,False,2.046243091938356,4-6,41.91998234254962,-13.919982342549623,0-2:23.75; 2-3:23.78; 3-4:23.76; 4-6:41.92; 6-7:23.98; 7-8:23.93; 8-1:23.89,10,0
1,"N=9, d=185m (margin 1.57m), Fail 5@t=10",2051,185,5,26,False,2.055286947092628,4-6,41.554406703056515,-13.554406703056515,0-2:23.82; 2-3:23.81; 3-4:23.82; 4-6:41.55; 6-7:24.06; 7-8:24.01; 8-1:23.93,10,0
1,"N=9, d=185m (margin 1.57m), Fail 5@t=10",2051,185,5,27,False,2.0592938741319244,4-6,41.18642363694538,-13.186423636945378,0-2:23.88; 2-3:23.85; 3-4:23.88; 4-6:41.19; 6-7:24.14; 7-8:24.07; 8-1:23.99,10,0
1,"N=9, d=185m (margin 1.57m), Fail 5@t=10",2051,185,5,28,False,2.0633008985091297,4-6,40.81376545032638,-12.813765450326379,0-2:23.92; 2-3:23.91; 3-4:23.94; 4-6:40.81; 6-7:24.20; 7-8:24.13; 8-1:24.08,10,0
1,"N=9, d=185m (margin 1.57m), Fail 5@t=10",2051,185,5,29,False,2.0673080196582396,4-6,40.43852788549289,-12.438527885492888,0-2:23.97; 2-3:23.97; 3-4:24.00; 4-6:40.44; 6-7:24.27; 7-8:24.17; 8-1:24.17,10,0
1,"N=9, d=185m (margin 1.57m), Fail 5@t=10",2051,185,5,30,False,2.071315237017615,4-6,40.06111813942792,-12.061118139427919,0-2:24.03; 2-3:24.03; 3-4:24.05; 4-6:40.06; 6-7:24.34; 7-8:24.27; 8-1:24.22,10,0
1,"N=9, d=185m (margin 1.57m), Fail 5@t=10",2051,185,5,31,False,2.0753225500299433,4-6,39.68169833455869,-11.68169833455869,0-2:24.10; 2-3:24.09; 3-4:24.10; 4-6:39.68; 6-7:24.40; 7-8:24.36; 8-1:24.28,10,0
1,"N=9, d=185m (margin 1.57m), Fail 5@t=10",2051,185,5,32,False,2.0883062595122333,4-6,39.29981263537742,-11.299812635377421,0-2:24.18; 2-3:24.14; 3-4:24.14; 4-6:39.30; 6-7:24.47; 7-8:24.44; 8-1:24.34,10,0
1,"N=9, d=185m (margin 1.57m), Fail 5@t=10",2051,185,5,33,False,2.094011619716461,4-6,38.91656293007239,-10.916562930072388,0-2:24.26; 2-3:24.18; 3-4:24.19; 4-6:38.92; 6-7:24.55; 7-8:24.49; 8-1:24.41,10,0
1,"N=9, d=185m (margin 1.57m), Fail 5@t=10",2051,185,5,34,False,2.0980214901983834,4-6,38.53223980738119,-10.532239807381188,0-2:24.33; 2-3:24.24; 3-4:24.24; 4-6:38.53; 6-7:24.65; 7-8:24.51; 8-1:24.50,10,0
1,"N=9, d=185m (margin 1.57m), Fail 5@t=10",2051,185,5,35,False,2.1020314449989352,4-6,38.14675799006501,-10.146757990065012,0-2:24.36; 2-3:24.32; 3-4:24.30; 4-6:38.15; 6-7:24.73; 7-8:24.56; 8-1:24.58,10,0
1,"N=9, d=185m (margin 1.57m), Fail 5@t=10",2051,185,5,36,False,2.1060414836364822,4-6,37.75993626735569,-9.759936267355691,0-2:24.38; 2-3:24.39; 3-4:24.39; 4-6:37.76; 6-7:24.80; 7-8:24.63; 8-1:24.66,10,0
1,"N=9, d=185m (margin 1.57m), Fail 5@t=10",2051,185,5,37,False,2.110051605633042,4-6,37.37181565698581,-9.37181565698581,0-2:24.44; 2-3:24.40; 3-4:24.50; 4-6:37.37; 6-7:24.89; 7-8:24.70; 8-1:24.71,10,0
1,"N=9, d=185m (margin 1.57m), Fail 5@t=10",2051,185,5,38,False,2.1140618105142477,4-6,36.98314039042347,-8.983140390423472,0-2:24.48; 2-3:24.44; 3-4:24.59; 4-6:36.98; 6-7:24.99; 7-8:24.77; 8-1:24.75,10,0
1,"N=9, d=185m (margin 1.57m), Fail 5@t=10",2051,185,5,39,False,2.1249752228732044,4-6,36.591265207544694,-8.591265207544694,0-2:24.51; 2-3:24.51; 3-4:24.67; 4-6:36.59; 6-7:25.07; 7-8:24.86; 8-1:24.79,10,0
1,"N=9, d=185m (margin 1.57m), Fail 5@t=10",2051,185,5,40,False,2.107229418963291,4-6,36.199648935778676,-8.199648935778676,0-2:24.54; 2-3:24.59; 3-4:24.74; 4-6:36.20; 6-7:25.15; 7-8:24.96; 8-1:24.82,10,0
1,"N=9, d=185m (margin 1.57m), Fail 5@t=10",2051,185,5,41,False,2.081778771171941,4-6,35.81093584307241,-7.810935843072407,0-2:24.61; 2-3:24.64; 3-4:24.81; 4-6:35.81; 6-7:25.22; 7-8:25.06; 8-1:24.86,10,0
1,"N=9, d=185m (margin 1.57m), Fail 5@t=10",2051,185,5,42,False,2.044131856473193,4-6,35.426563138153135,-7.426563138153135,0-2:24.68; 2-3:24.69; 3-4:24.86; 4-6:35.43; 6-7:25.29; 7-8:25.15; 8-1:24.90,10,0
1,"N=9, d=185m (margin 1.57m), Fail 5@t=10",2051,185,5,43,False,2.0301813039690115,4-6,35.04411384419166,-7.0441138441916635,0-2:24.75; 2-3:24.75; 3-4:24.91; 4-6:35.04; 6-7:25.38; 7-8:25.22; 8-1:24.94,10,0
1,"N=9, d=185m (margin 1.57m), Fail 5@t=10",2051,185,5,44,False,2.0362379967684934,4-6,34.66146723863124,-6.661467238631239,0-2:24.83; 2-3:24.81; 3-4:24.95; 4-6:34.66; 6-7:25.48; 7-8:25.30; 8-1:24.97,10,0
1,"N=9, d=185m (margin 1.57m), Fail 5@t=10",2051,185,5,45,False,2.0402680537055544,4-6,34.278821666914354,-6.278821666914354,0-2:24.91; 2-3:24.88; 3-4:24.99; 4-6:34.28; 6-7:25.56; 7-8:25.35; 8-1:25.04,10,0
1,"N=9, d=185m (margin 1.57m), Fail 5@t=10",2051,185,5,46,False,2.044298117952104,4-6,33.896177164053434,-5.896177164053434,0-2:24.98; 2-3:24.96; 3-4:25.02; 4-6:33.90; 6-7:25.63; 7-8:25.39; 8-1:25.14,10,0
1,"N=9, d=185m (margin 1.57m), Fail 5@t=10",2051,185,5,47,False,2.043721697643138,4-6,33.51403252242928,-5.514032522429282,0-2:25.03; 2-3:25.04; 3-4:25.05; 4-6:33.51; 6-7:25.69; 7-8:25.43; 8-1:25.25,10,0
1,"N=9, d=185m (margin 1.57m), Fail 5@t=10",2051,185,5,48,False,2.0477521376401344,4-6,33.13188926516127,-5.13188926516127,0-2:25.10; 2-3:25.10; 3-4:25.11; 4-6:33.13; 6-7:25.74; 7-8:25.47; 8-1:25.36,10,0
1,"N=9, d=185m (margin 1.57m), Fail 5@t=10",2051,185,5,49,False,2.051782583415091,4-6,32.74974744070983,-4.749747440709832,0-2:25.17; 2-3:25.14; 3-4:25.18; 4-6:32.75; 6-7:25.80; 7-8:25.51; 8-1:25.46,10,0
1,"N=9, d=185m (margin 1.57m), Fail 5@t=10",2051,185,5,50,False,2.055813034934026,4-6,32.367607099823786,-4.367607099823786,0-2:25.23; 2-3:25.18; 3-4:25.25; 4-6:32.37; 6-7:25.87; 7-8:25.57; 8-1:25.54,10,0
1,"N=9, d=185m (margin 1.57m), Fail 5@t=10",2051,185,5,51,False,2.0602279919645885,4-6,31.984940099814526,-3.9849400998145263,0-2:25.28; 2-3:25.25; 3-4:25.31; 4-6:31.98; 6-7:25.93; 7-8:25.64; 8-1:25.61,10,0
1,"N=9, d=185m (margin 1.57m), Fail 5@t=10",2051,185,5,52,False,2.064258461678522,4-6,31.60151937351918,-3.6015193735191815,0-2:25.30; 2-3:25.35; 3-4:25.37; 4-6:31.60; 6-7:25.99; 7-8:25.71; 8-1:25.69,10,0
1,"N=9, d=185m (margin 1.57m), Fail 5@t=10",2051,185,5,53,False,2.068288937008486,4-6,31.2174018207592,-3.2174018207592,0-2:25.34; 2-3:25.41; 3-4:25.44; 4-6:31.22; 6-7:26.05; 7-8:25.79; 8-1:25.76,10,0
1,"N=9, d=185m (margin 1.57m), Fail 5@t=10",2051,185,5,54,False,2.0723194179217126,4-6,30.83298094363323,-2.832980943633231,0-2:25.41; 2-3:25.44; 3-4:25.53; 4-6:30.83; 6-7:26.11; 7-8:25.88; 8-1:25.81,10,0
1,"N=9, d=185m (margin 1.57m), Fail 5@t=10",2051,185,5,55,False,2.0763499043856886,4-6,30.44851592801883,-2.4485159280188284,0-2:25.48; 2-3:25.47; 3-4:25.60; 4-6:30.45; 6-7:26.17; 7-8:25.98; 8-1:25.85,10,0
1,"N=9, d=185m (margin 1.57m), Fail 5@t=10",2051,185,5,56,False,2.0803803963681515,4-6,30.064052731414925,-2.0640527314149253,0-2:25.54; 2-3:25.52; 3-4:25.66; 4-6:30.06; 6-7:26.23; 7-8:26.07; 8-1:25.91,10,0
1,"N=9, d=185m (margin 1.57m), Fail 5@t=10",2051,185,5,57,False,2.0844108938370898,4-6,29.67959142451077,-1.6795914245107717,0-2:25.59; 2-3:25.59; 3-4:25.72; 4-6:29.68; 6-7:26.29; 7-8:26.14; 8-1:25.99,10,0
1,"N=9, d=185m (margin 1.57m), Fail 5@t=10",2051,185,5,58,False,2.0884413967607376,4-6,29.295132081706072,-1.2951320817060719,0-2:25.63; 2-3:25.68; 3-4:25.77; 4-6:29.30; 6-7:26.35; 7-8:26.20; 8-1:26.08,10,0
1,"N=9, d=185m (margin 1.57m), Fail 5@t=10",2051,185,5,59,False,2.0924719051075753,4-6,28.910674781357663,-0.9106747813576632,0-2:25.68; 2-3:25.77; 3-4:25.81; 4-6:28.91; 6-7:26.41; 7-8:26.25; 8-1:26.18,10,0
1,"N=9, d=185m (margin 1.57m), Fail 5@t=10",2051,185,5,60,False,2.0965024188463244,4-6,28.526219606046148,-0.5262196060461477,0-2:25.75; 2-3:25.83; 3-4:25.85; 4-6:28.53; 6-7:26.47; 7-8:26.30; 8-1:26.28,10,0
1,"N=9, d=185m (margin 1.57m), Fail 5@t=10",2051,185,5,61,False,2.100532937945946,4-6,28.14176664286427,-0.141766642864269,0-2:25.84; 2-3:25.88; 3-4:25.88; 4-6:28.14; 6-7:26.52; 7-8:26.36; 8-1:26.38,10,0
1,"N=9, d=185m (margin 1.57m), Fail 5@t=10",2051,185,5,62,True,2.1045634623756415,4-6,27.757315983729395,0.24268401627060499,0-2:25.93; 2-3:25.92; 3-4:25.93; 4-6:27.76; 6-7:26.58; 7-8:26.42; 8-1:26.47,10,0
1,"N=9, d=185m (margin 1.57m), Fail 5@t=10",2051,185,5,63,True,2.0973429814147306,4-6,27.373995561873695,0.626004438126305,0-2:26.03; 2-3:25.94; 3-4:25.98; 4-6:27.37; 6-7:26.64; 7-8:26.50; 8-1:26.55,11,0
1,"N=9, d=185m (margin 1.57m), Fail 5@t=10",2051,185,5,64,True,2.037339498776141,4-6,26.99709756750082,1.0029024324991802,0-2:26.12; 2-3:25.97; 3-4:26.03; 4-6:27.00; 6-7:26.70; 7-8:26.57; 8-1:26.61,12,0
1,"N=9, d=185m (margin 1.57m), Fail 5@t=10",2051,185,5,65,True,1.9429758916602229,6-7,26.760745258504734,1.239254741495266,0-2:26.18; 2-3:26.03; 3-4:26.09; 4-6:26.63; 6-7:26.76; 7-8:26.64; 8-1:26.67,13,0
1,"N=9, d=185m (margin 1.57m), Fail 5@t=10",2051,185,5,66,True,1.8525302292359456,6-7,26.823880144591342,1.1761198554086576,0-2:26.23; 2-3:26.09; 3-4:26.15; 4-6:26.27; 6-7:26.82; 7-8:26.71; 8-1:26.72,14,0
1,"N=9, d=185m (margin 1.57m), Fail 5@t=10",2051,185,5,67,True,1.8045906751363394,6-7,26.885952584927672,1.1140474150723279,0-2:26.26; 2-3:26.17; 3-4:26.22; 4-6:25.92; 6-7:26.89; 7-8:26.78; 8-1:26.77,15,0
1,"N=9, d=185m (margin 1.57m), Fail 5@t=10",2051,185,5,68,True,1.7216095729572538,6-7,26.937935882842535,1.0620641171574654,0-2:26.28; 2-3:26.25; 3-4:26.29; 4-6:25.58; 6-7:26.94; 7-8:26.85; 8-1:26.82,16,0
1,"N=9, d=185m (margin 1.57m), Fail 5@t=10",2051,185,5,69,True,1.715377377953276,6-7,26.97177193394167,1.028228066058329,0-2:26.29; 2-3:26.34; 3-4:26.36; 4-6:25.26; 6-7:26.97; 7-8:26.92; 8-1:26.87,17,0
1,"N=9, d=185m (margin 1.57m), Fail 5@t=10",2051,185,5,70,True,1.6184850595924416,7-8,26.9773158297127,1.0226841702872989,0-2:26.31; 2-3:26.41; 3-4:26.43; 4-6:24.98; 6-7:26.98; 7-8:26.98; 8-1:26.92,18,0
1,"N=9, d=185m (margin 1.57m), Fail 5@t=10",2051,185,5,71,True,1.3561256638998571,7-8,27.0359503113538,0.9640496886461989,0-2:26.35; 2-3:26.46; 3-4:26.48; 4-6:24.76; 6-7:26.94; 7-8:27.04; 8-1:26.98,19,0
1,"N=9, d=185m (margin 1.57m), Fail 5@t=10",2051,185,5,72,True,1.105937900859845,7-8,27.09158964141889,0.9084103585811114,0-2:26.39; 2-3:26.50; 3-4:26.50; 4-6:24.63; 6-7:26.87; 7-8:27.09; 8-1:27.03,20,0
1,"N=9, d=185m (margin 1.57m), Fail 5@t=10",2051,185,5,73,True,0.8247882568753455,7-8,27.122595168237883,0.8774048317621173,0-2:26.43; 2-3:26.51; 3-4:26.50; 4-6:24.60; 6-7:26.78; 7-8:27.12; 8-1:27.08,21,0
1,"N=9, d=185m (margin 1.57m), Fail 5@t=10",2051,185,5,74,True,0.6269213829988265,8-1,27.12921012237949,0.8707898776205099,0-2:26.47; 2-3:26.49; 3-4:26.47; 4-6:24.62; 6-7:26.70; 7-8:27.12; 8-1:27.13,22,0
1,"N=9, d=185m (margin 1.57m), Fail 5@t=10",2051,185,5,75,True,0.6004265710166264,8-1,27.174804881036977,0.8251951189630233,0-2:26.49; 2-3:26.49; 3-4:26.43; 4-6:24.69; 6-7:26.66; 7-8:27.08; 8-1:27.17,23,0
1,"N=9, d=185m (margin 1.57m), Fail 5@t=10",2051,185,5,76,True,0.6068954433828673,8-1,27.215472941750864,0.7845270582491359,0-2:26.49; 2-3:26.49; 3-4:26.36; 4-6:24.80; 6-7:26.64; 7-8:27.01; 8-1:27.22,24,0
1,"N=9, d=185m (margin 1.57m), Fail 5@t=10",2051,185,5,77,True,0.8423517304828592,8-1,27.221659665809202,0.7783403341907977,0-2:26.46; 2-3:26.49; 3-4:26.30; 4-6:24.92; 6-7:26.64; 7-8:26.97; 8-1:27.22,25,0
1,"N=9, d=185m (margin 1.57m), Fail 5@t=10",2051,185,5,78,True,1.0140646922493235,8-1,27.196081115161142,0.8039188848388577,0-2:26.42; 2-3:26.47; 3-4:26.27; 4-6:25.05; 6-7:26.65; 7-8:26.95; 8-1:27.20,26,0
1,"N=9, d=185m (margin 1.57m), Fail 5@t=10",2051,185,5,79,True,1.1590981504183469,8-1,27.1709059894143,0.829094010585699,0-2:26.39; 2-3:26.40; 3-4:26.26; 4-6:25.19; 6-7:26.67; 7-8:26.93; 8-1:27.17,27,0
1,"N=9, d=185m (margin 1.57m), Fail 5@t=10",2051,185,5,80,True,1.2647557242317453,8-1,27.146134258943324,0.8538657410566763,0-2:26.34; 2-3:26.32; 3-4:26.26; 4-6:25.33; 6-7:26.70; 7-8:26.91; 8-1:27.15,28,0
1,"N=9, d=185m (margin 1.57m), Fail 5@t=10",2051,185,5,81,True,1.3288203460101702,8-1,27.1217602641869,0.8782397358131,0-2:26.28; 2-3:26.25; 3-4:26.26; 4-6:25.48; 6-7:26.73; 7-8:26.89; 8-1:27.12,29,0
1,"N=9, d=185m (margin 1.57m), Fail 5@t=10",2051,185,5,82,True,1.3728365927243242,8-1,27.097789371885455,0.9022106281145454,0-2:26.21; 2-3:26.20; 3-4:26.25; 4-6:25.61; 6-7:26.77; 7-8:26.88; 8-1:27.10,30,0
1,"N=9, d=185m (margin 1.57m), Fail 5@t=10",2051,185,5,83,True,1.338888340375669,8-1,27.074221843026702,0.9257781569732977,0-2:26.11; 2-3:26.18; 3-4:26.23; 4-6:25.75; 6-7:26.81; 7-8:26.86; 8-1:27.07,31,0
1,"N=9, d=185m (margin 1.57m), Fail 5@t=10",2051,185,5,84,True,1.2712677489061799,8-1,27.051057646315424,0.9489423536845756,0-2:26.01; 2-3:26.20; 3-4:26.19; 4-6:25.87; 6-7:26.85; 7-8:26.84; 8-1:27.05,32,0
1,"N=9, d=185m (margin 1.57m), Fail 5@t=10",2051,185,5,85,True,1.1857958069343617,8-1,27.02829738885284,0.9717026111471583,0-2:25.93; 2-3:26.18; 3-4:26.17; 4-6:25.99; 6-7:26.88; 7-8:26.82; 8-1:27.03,33,0
1,"N=9, d=185m (margin 1.57m), Fail 5@t=10",2051,185,5,86,True,1.0892963893274017,8-1,27.005940448040047,0.9940595519599533,0-2:25.88; 2-3:26.12; 3-4:26.17; 4-6:26.11; 6-7:26.92; 7-8:26.80; 8-1:27.01,34,0
1,"N=9, d=185m (margin 1.57m), Fail 5@t=10",2051,185,5,87,True,1.0827074150776554,8-1,26.98398680830292,1.0160131916970805,0-2:25.89; 2-3:26.02; 3-4:26.17; 4-6:26.22; 6-7:26.94; 7-8:26.78; 8-1:26.98,35,0
1,"N=9, d=185m (margin 1.57m), Fail 5@t=10",2051,185,5,88,True,1.0943920904618827,8-1,26.962442378404088,1.0375576215959121,0-2:25.90; 2-3:25.90; 3-4:26.20; 4-6:26.33; 6-7:26.95; 7-8:26.77; 8-1:26.96,36,0
1,"N=9, d=185m (margin 1.57m), Fail 5@t=10",2051,185,5,89,True,0.7108724885510945,6-7,26.94861314568942,1.0513868543105787,0-2:25.89; 2-3:25.86; 3-4:26.21; 4-6:26.41; 6-7:26.95; 7-8:26.75; 8-1:26.94,37,0
1,"N=9, d=185m (margin 1.57m), Fail 5@t=10",2051,185,5,90,True,0.6441836070482874,6-7,26.938660373030228,1.0613396269697724,0-2:25.89; 2-3:25.82; 3-4:26.25; 4-6:26.46; 6-7:26.94; 7-8:26.73; 8-1:26.92,38,0
1,"N=9, d=185m (margin 1.57m), Fail 5@t=10",2051,185,5,91,True,0.6339572112232488,6-7,26.928716341379424,1.071283658620576,0-2:25.88; 2-3:25.78; 3-4:26.29; 4-6:26.52; 6-7:26.93; 7-8:26.71; 8-1:26.90,39,0
1,"N=9, d=185m (margin 1.57m), Fail 5@t=10",2051,185,5,92,True,0.6369148451886475,6-7,26.918781060424013,1.0812189395759866,0-2:25.87; 2-3:25.75; 3-4:26.32; 4-6:26.57; 6-7:26.92; 7-8:26.69; 8-1:26.88,40,0
1,"N=9, d=185m (margin 1.57m), Fail 5@t=10",2051,185,5,93,True,0.6398842137330605,6-7,26.90885453985675,1.0911454601432489,0-2:25.86; 2-3:25.71; 3-4:26.36; 4-6:26.63; 6-7:26.91; 7-8:26.68; 8-1:26.86,41,0
1,"N=9, d=185m (margin 1.57m), Fail 5@t=10",2051,185,5,94,True,0.6428651542518489,6-7,26.898936789376208,1.101063210623792,0-2:25.86; 2-3:25.68; 3-4:26.39; 4-6:26.68; 6-7:26.90; 7-8:26.66; 8-1:26.84,42,0
1,"N=9, d=185m (margin 1.57m), Fail 5@t=10",2051,185,5,95,True,0.6458575065144849,6-7,26.88902781868664,1.110972181313361,0-2:25.85; 2-3:25.65; 3-4:26.43; 4-6:26.74; 6-7:26.89; 7-8:26.64; 8-1:26.82,43,0
1,"N=9, d=185m (margin 1.57m), Fail 5@t=10",2051,185,5,96,True,0.6488611126383987,6-7,26.87912763749806,1.1208723625019417,0-2:25.84; 2-3:25.61; 3-4:26.47; 4-6:26.79; 6-7:26.88; 7-8:26.62; 8-1:26.80,44,0
1,"N=9, d=185m (margin 1.57m), Fail 5@t=10",2051,185,5,97,True,0.6518758170625384,6-7,26.869236255526122,1.130763744473878,0-2:25.83; 2-3:25.58; 3-4:26.50; 4-6:26.85; 6-7:26.87; 7-8:26.60; 8-1:26.79,45,0
1,"N=9, d=185m (margin 1.57m), Fail 5@t=10",2051,185,5,98,True,0.6549014665821614,4-6,26.90603496070849,1.0939650392915112,0-2:25.82; 2-3:25.55; 3-4:26.54; 4-6:26.91; 6-7:26.86; 7-8:26.59; 8-1:26.77,46,0
1,"N=9, d=185m (margin 1.57m), Fail 5@t=10",2051,185,5,99,True,0.6579472026607974,4-6,26.96175867948895,1.0382413205110517,0-2:25.80; 2-3:25.52; 3-4:26.57; 4-6:26.96; 6-7:26.85; 7-8:26.57; 8-1:26.75,47,0
1,"N=9, d=185m (margin 1.57m), Fail 5@t=10",2051,185,5,100,True,0.6609943309344752,4-6,27.016499101200225,0.9835008987997753,0-2:25.76; 2-3:25.51; 3-4:26.61; 4-6:27.02; 6-7:26.84; 7-8:26.55; 8-1:26.74,48,0
1,"N=9, d=185m (margin 1.57m), Fail 5@t=10",2051,185,5,101,True,0.6331123016596659,4-6,27.069703364448188,0.9302966355518123,0-2:25.72; 2-3:25.51; 3-4:26.65; 4-6:27.07; 6-7:26.83; 7-8:26.53; 8-1:26.72,49,0
1,"N=9, d=185m (margin 1.57m), Fail 5@t=10",2051,185,5,102,True,0.6361569892176309,4-6,27.12101160653173,0.8789883934682692,0-2:25.67; 2-3:25.52; 3-4:26.68; 4-6:27.12; 6-7:26.82; 7-8:26.51; 8-1:26.70,50,0
1,"N=9, d=185m (margin 1.57m), Fail 5@t=10",2051,185,5,103,True,0.7802655506771847,4-6,27.170204771441036,0.8297952285589645,0-2:25.61; 2-3:25.53; 3-4:26.72; 4-6:27.17; 6-7:26.82; 7-8:26.49; 8-1:26.69,51,0
1,"N=9, d=185m (margin 1.57m), Fail 5@t=10",2051,185,5,104,True,0.7835166102465358,4-6,27.21716404376314,0.782835956236859,0-2:25.55; 2-3:25.55; 3-4:26.76; 4-6:27.22; 6-7:26.81; 7-8:26.48; 8-1:26.67,52,0
1,"N=9, d=185m (margin 1.57m), Fail 5@t=10",2051,185,5,105,True,0.7867748979796468,4-6,27.261842190540744,0.7381578094592562,0-2:25.49; 2-3:25.56; 3-4:26.80; 4-6:27.26; 6-7:26.81; 7-8:26.46; 8-1:26.66,53,0
1,"N=9, d=185m (margin 1.57m), Fail 5@t=10",2051,185,5,106,True,0.7900403244451705,4-6,27.30424233753568,0.6957576624643202,0-2:25.44; 2-3:25.57; 3-4:26.84; 4-6:27.30; 6-7:26.81; 7-8:26.44; 8-1:26.64,54,0
1,"N=9, d=185m (margin 1.57m), Fail 5@t=10",2051,185,5,107,True,0.770636372345507,4-6,27.34440264035743,0.6555973596425702,0-2:25.38; 2-3:25.58; 3-4:26.88; 4-6:27.34; 6-7:26.81; 7-8:26.42; 8-1:26.63,55,0
1,"N=9, d=185m (margin 1.57m), Fail 5@t=10",2051,185,5,108,True,0.7738507018443056,4-6,27.38238435673157,0.6176156432684294,0-2:25.32; 2-3:25.59; 3-4:26.93; 4-6:27.38; 6-7:26.81; 7-8:26.40; 8-1:26.62,56,0
1,"N=9, d=185m (margin 1.57m), Fail 5@t=10",2051,185,5,109,True,0.7530249013472518,4-6,27.41826448298024,0.5817355170197587,0-2:25.27; 2-3:25.60; 3-4:26.97; 4-6:27.42; 6-7:26.81; 7-8:26.39; 8-1:26.60,57,0
1,"N=9, d=185m (margin 1.57m), Fail 5@t=10",2051,185,5,110,True,0.7561782271202044,4-6,27.45212907596997,0.547870924030029,0-2:25.22; 2-3:25.61; 3-4:27.02; 4-6:27.45; 6-7:26.81; 7-8:26.37; 8-1:26.59,58,0
1,"N=9, d=185m (margin 1.57m), Fail 5@t=10",2051,185,5,111,True,0.7593398665223524,4-6,27.484069538339213,0.5159304616607869,0-2:25.16; 2-3:25.62; 3-4:27.06; 4-6:27.48; 6-7:26.81; 7-8:26.35; 8-1:26.58,59,0
1,"N=9, d=185m (margin 1.57m), Fail 5@t=10",2051,185,5,112,True,0.7625097160686138,4-6,27.511021742509694,0.4889782574903059,0-2:25.11; 2-3:25.62; 3-4:27.11; 4-6:27.51; 6-7:26.82; 7-8:26.33; 8-1:26.57,60,0
1,"N=9, d=185m (margin 1.57m), Fail 5@t=10",2051,185,5,113,True,0.7656876679629034,4-6,27.537244172527377,0.46275582747262334,0-2:25.06; 2-3:25.63; 3-4:27.16; 4-6:27.54; 6-7:26.83; 7-8:26.31; 8-1:26.55,61,0
1,"N=9, d=185m (margin 1.57m), Fail 5@t=10",2051,185,5,114,True,0.768873624555652,4-6,27.56255705608154,0.43744294391845884,0-2:25.00; 2-3:25.64; 3-4:27.20; 4-6:27.56; 6-7:26.84; 7-8:26.30; 8-1:26.54,62,0
1,"N=9, d=185m (margin 1.57m), Fail 5@t=10",2051,185,5,115,True,0.7720674877742738,4-6,27.586849105894313,0.41315089410568717,0-2:24.95; 2-3:25.65; 3-4:27.25; 4-6:27.59; 6-7:26.85; 7-8:26.28; 8-1:26.53,63,0
1,"N=9, d=185m (margin 1.57m), Fail 5@t=10",2051,185,5,116,True,0.4566747694384129,4-6,27.608889711601872,0.3911102883981279,0-2:24.92; 2-3:25.65; 3-4:27.27; 4-6:27.61; 6-7:26.86; 7-8:26.26; 8-1:26.52,64,0
1,"N=9, d=185m (margin 1.57m), Fail 5@t=10",2051,185,5,117,True,0.4593787872875343,4-6,27.63020452118022,0.36979547881977837,0-2:24.89; 2-3:25.65; 3-4:27.30; 4-6:27.63; 6-7:26.87; 7-8:26.24; 8-1:26.51,65,0
1,"N=9, d=185m (margin 1.57m), Fail 5@t=10",2051,185,5,118,True,0.46210216180770497,4-6,27.65068828008718,0.3493117199128193,0-2:24.87; 2-3:25.65; 3-4:27.32; 4-6:27.65; 6-7:26.88; 7-8:26.22; 8-1:26.50,66,0
1,"N=9, d=185m (margin 1.57m), Fail 5@t=10",2051,185,5,119,True,0.46484455280028486,4-6,27.670280303114872,0.32971969688512814,0-2:24.84; 2-3:25.65; 3-4:27.35; 4-6:27.67; 6-7:26.90; 7-8:26.21; 8-1:26.49,67,0
1,"N=9, d=185m (margin 1.57m), Fail 5@t=10",2051,185,5,120,True,0.46760562569499414,4-6,27.68895191358234,0.31104808641766013,0-2:24.81; 2-3:25.65; 3-4:27.38; 4-6:27.69; 6-7:26.91; 7-8:26.19; 8-1:26.49,68,0
1,"N=9, d=185m (margin 1.57m), Fail 5@t=10",2051,185,5,121,True,0.4650324560302802,4-6,27.706697191406477,0.2933028085935234,0-2:24.78; 2-3:25.65; 3-4:27.40; 4-6:27.71; 6-7:26.92; 7-8:26.17; 8-1:26.48,69,0
1,"N=9, d=185m (margin 1.57m), Fail 5@t=10",2051,185,5,122,True,0.4577334702518509,4-6,27.72352617214333,0.27647382785666963,0-2:24.76; 2-3:25.65; 3-4:27.43; 4-6:27.72; 6-7:26.93; 7-8:26.15; 8-1:26.47,70,0
1,"N=9, d=185m (margin 1.57m), Fail 5@t=10",2051,185,5,123,True,0.4468368025327483,4-6,27.739459860304333,0.26054013969566725,0-2:24.73; 2-3:25.65; 3-4:27.46; 4-6:27.74; 6-7:26.95; 7-8:26.14; 8-1:26.46,71,0
1,"N=9, d=185m (margin 1.57m), Fail 5@t=10",2051,185,5,124,True,0.43327854187734094,4-6,27.754522782271156,0.245477217728844,0-2:24.70; 2-3:25.66; 3-4:27.48; 4-6:27.75; 6-7:26.96; 7-8:26.12; 8-1:26.46,72,0
1,"N=9, d=185m (margin 1.57m), Fail 5@t=10",2051,185,5,125,True,0.41935289219352984,4-6,27.768745848982256,0.23125415101774394,0-2:24.67; 2-3:25.66; 3-4:27.51; 4-6:27.77; 6-7:26.98; 7-8:26.10; 8-1:26.45,73,0
1,"N=9, d=185m (margin 1.57m), Fail 5@t=10",2051,185,5,126,True,0.40444891051208187,4-6,27.78217930567486,0.21782069432514106,0-2:24.64; 2-3:25.67; 3-4:27.52; 4-6:27.78; 6-7:27.00; 7-8:26.08; 8-1:26.44,74,0
1,"N=9, d=185m (margin 1.57m), Fail 5@t=10",2051,185,5,127,True,0.6649301231865553,4-6,27.794889206988387,0.20511079301161317,0-2:24.61; 2-3:25.68; 3-4:27.52; 4-6:27.79; 6-7:27.03; 7-8:26.06; 8-1:26.44,75,0
1,"N=9, d=185m (margin 1.57m), Fail 5@t=10",2051,185,5,128,True,0.8645944430199092,4-6,27.800246359007037,0.199753640992963,0-2:24.58; 2-3:25.71; 3-4:27.49; 4-6:27.80; 6-7:27.05; 7-8:26.06; 8-1:26.43,76,0
1,"N=9, d=185m (margin 1.57m), Fail 5@t=10",2051,185,5,129,True,0.9435922084853369,4-6,27.802816809356063,0.19718319064393697,0-2:24.55; 2-3:25.75; 3-4:27.46; 4-6:27.80; 6-7:27.05; 7-8:26.08; 8-1:26.43,77,0
1,"N=9, d=185m (margin 1.57m), Fail 5@t=10",2051,185,5,130,True,0.9184724793609315,4-6,27.794581840324298,0.20541815967570187,0-2:24.55; 2-3:25.77; 3-4:27.42; 4-6:27.79; 6-7:27.04; 7-8:26.12; 8-1:26.42,78,0
1,"N=9, d=185m (margin 1.57m), Fail 5@t=10",2051,185,5,131,True,0.8923897354073886,4-6,27.76950163594775,0.23049836405224866,0-2:24.54; 2-3:25.79; 3-4:27.39; 4-6:27.77; 6-7:27.01; 7-8:26.18; 8-1:26.42,79,0
1,"N=9, d=185m (margin 1.57m), Fail 5@t=10",2051,185,5,132,True,1.283967798132893,4-6,27.72522488216866,0.27477511783133934,0-2:24.57; 2-3:25.78; 3-4:27.35; 4-6:27.73; 6-7:26.98; 7-8:26.25; 8-1:26.43,80,0
1,"N=9, d=185m (margin 1.57m), Fail 5@t=10",2051,185,5,133,True,1.618290586648154,4-6,27.660771224598275,0.33922877540172536,0-2:24.63; 2-3:25.74; 3-4:27.31; 4-6:27.66; 6-7:26.95; 7-8:26.33; 8-1:26.45,81,0
1,"N=9, d=185m (margin 1.57m), Fail 5@t=10",2051,185,5,134,True,1.8884701457825126,4-6,27.575396182748896,0.4246038172511035,0-2:24.70; 2-3:25.69; 3-4:27.27; 4-6:27.58; 6-7:26.95; 7-8:26.40; 8-1:26.47,82,0
1,"N=9, d=185m (margin 1.57m), Fail 5@t=10",2051,185,5,135,True,2.0522136135786084,4-6,27.46978840320046,0.5302115967995391,0-2:24.79; 2-3:25.63; 3-4:27.21; 4-6:27.47; 6-7:26.96; 7-8:26.48; 8-1:26.49,83,0
1,"N=9, d=185m (margin 1.57m), Fail 5@t=10",2051,185,5,136,True,2.161478094460741,4-6,27.342925810978,0.6570741890220013,0-2:24.89; 2-3:25.56; 3-4:27.17; 4-6:27.34; 6-7:26.99; 7-8:26.56; 8-1:26.53,84,0
1,"N=9, d=185m (margin 1.57m), Fail 5@t=10",2051,185,5,137,True,2.2759342911087073,4-6,27.188408980799434,0.8115910192005664,0-2:24.99; 2-3:25.49; 3-4:27.13; 4-6:27.19; 6-7:27.02; 7-8:26.64; 8-1:26.58,85,0
1,"N=9, d=185m (margin 1.57m), Fail 5@t=10",2051,185,5,138,True,2.3319083191883707,3-4,27.082504103494575,0.9174958965054252,0-2:25.09; 2-3:25.42; 3-4:27.08; 4-6:27.03; 6-7:27.06; 7-8:26.71; 8-1:26.63,86,0
1,"N=9, d=185m (margin 1.57m), Fail 5@t=10",2051,185,5,139,True,2.3521294509304673,6-7,27.098804833918056,0.9011951660819442,0-2:25.19; 2-3:25.36; 3-4:27.03; 4-6:26.86; 6-7:27.10; 7-8:26.78; 8-1:26.69,87,0
1,"N=9, d=185m (margin 1.57m), Fail 5@t=10",2051,185,5,140,True,2.1135401776532876,6-7,27.108799148716912,0.891200851283088,0-2:25.29; 2-3:25.31; 3-4:26.97; 4-6:26.73; 6-7:27.11; 7-8:26.85; 8-1:26.76,88,0
1,"N=9, d=185m (margin 1.57m), Fail 5@t=10",2051,185,5,141,True,1.7524769848293782,6-7,27.10310003901681,0.8968999609831911,0-2:25.38; 2-3:25.27; 3-4:26.88; 4-6:26.65; 6-7:27.10; 7-8:26.92; 8-1:26.82,89,0
1,"N=9, d=185m (margin 1.57m), Fail 5@t=10",2051,185,5,142,True,1.8135617766536138,6-7,27.080594206322846,0.9194057936771536,0-2:25.44; 2-3:25.27; 3-4:26.76; 4-6:26.61; 6-7:27.08; 7-8:26.98; 8-1:26.88,90,0
1,"N=9, d=185m (margin 1.57m), Fail 5@t=10",2051,185,5,143,True,1.8751013123671887,6-7,27.046323497800415,0.9536765021995848,0-2:25.48; 2-3:25.29; 3-4:26.62; 4-6:26.61; 6-7:27.05; 7-8:27.04; 8-1:26.94,91,0
1,"N=9, d=185m (margin 1.57m), Fail 5@t=10",2051,185,5,144,True,1.587584394569609,7-8,27.0949564065242,0.9050435934757992,0-2:25.49; 2-3:25.34; 3-4:26.48; 4-6:26.61; 6-7:27.01; 7-8:27.09; 8-1:27.00,92,0
1,"N=9, d=185m (margin 1.57m), Fail 5@t=10",2051,185,5,145,True,1.25744470913269,7-8,27.14281556640034,0.8571844335996595,0-2:25.49; 2-3:25.41; 3-4:26.35; 4-6:26.60; 6-7:26.98; 7-8:27.14; 8-1:27.05,93,0
1,"N=9, d=185m (margin 1.57m), Fail 5@t=10",2051,185,5,146,True,0.9645598327940772,7-8,27.177655498238526,0.8223445017614743,0-2:25.48; 2-3:25.47; 3-4:26.23; 4-6:26.59; 6-7:26.96; 7-8:27.18; 8-1:27.11,94,0
1,"N=9, d=185m (margin 1.57m), Fail 5@t=10",2051,185,5,147,True,0.9594653397383784,7-8,27.200951566546955,0.799048433453045,0-2:25.48; 2-3:25.54; 3-4:26.13; 4-6:26.57; 6-7:26.95; 7-8:27.20; 8-1:27.16,95,0
1,"N=9, d=185m (margin 1.57m), Fail 5@t=10",2051,185,5,148,True,0.762747769087105,7-8,27.212417957616857,0.7875820423831428,0-2:25.48; 2-3:25.61; 3-4:26.06; 4-6:26.52; 6-7:26.94; 7-8:27.21; 8-1:27.21,96,0
1,"N=9, d=185m (margin 1.57m), Fail 5@t=10",2051,185,5,149,True,0.7169210440237735,8-1,27.251420754947954,0.7485792450520456,0-2:25.49; 2-3:25.66; 3-4:26.01; 4-6:26.47; 6-7:26.93; 7-8:27.21; 8-1:27.25,97,0
1,"N=9, d=185m (margin 1.57m), Fail 5@t=10",2051,185,5,150,True,0.79760632847314,8-1,27.29481539765646,0.7051846023435395,0-2:25.54; 2-3:25.69; 3-4:25.97; 4-6:26.43; 6-7:26.93; 7-8:27.17; 8-1:27.29,98,0
1,"N=9, d=185m (margin 1.57m), Fail 5@t=10",2051,185,5,151,True,0.8954888934128776,8-1,27.33502712355075,0.6649728764492515,0-2:25.60; 2-3:25.70; 3-4:25.94; 4-6:26.37; 6-7:26.91; 7-8:27.14; 8-1:27.34,99,0
1,"N=9, d=185m (margin 1.57m), Fail 5@t=10",2051,185,5,152,True,1.0478264129020942,8-1,27.35468561774963,0.6453143822503691,0-2:25.69; 2-3:25.72; 3-4:25.92; 4-6:26.32; 6-7:26.88; 7-8:27.13; 8-1:27.35,100,0
1,"N=9, d=185m (margin 1.57m), Fail 5@t=10",2051,185,5,153,True,1.194233054911598,8-1,27.37832104419667,0.6216789558033291,0-2:25.77; 2-3:25.74; 3-4:25.89; 4-6:26.28; 6-7:26.84; 7-8:27.11; 8-1:27.38,101,0
1,"N=9, d=185m (margin 1.57m), Fail 5@t=10",2051,185,5,154,True,1.3313846341775792,8-1,27.404354386127483,0.5956456138725166,0-2:25.86; 2-3:25.77; 3-4:25.87; 4-6:26.24; 6-7:26.79; 7-8:27.07; 8-1:27.40,102,0
1,"N=9, d=185m (margin 1.57m), Fail 5@t=10",2051,185,5,155,True,1.2956025842695187,8-1,27.423635003251604,0.5763649967483957,0-2:25.93; 2-3:25.81; 3-4:25.85; 4-6:26.21; 6-7:26.74; 7-8:27.03; 8-1:27.42,103,0
1,"N=9, d=185m (margin 1.57m), Fail 5@t=10",2051,185,5,156,True,1.1617474205215272,8-1,27.42562870224936,0.5743712977506412,0-2:26.00; 2-3:25.84; 3-4:25.86; 4-6:26.19; 6-7:26.69; 7-8:27.00; 8-1:27.43,104,0
1,"N=9, d=185m (margin 1.57m), Fail 5@t=10",2051,185,5,157,True,1.1562226908509328,8-1,27.409444350092084,0.5905556499079161,0-2:26.03; 2-3:25.88; 3-4:25.90; 4-6:26.17; 6-7:26.63; 7-8:26.98; 8-1:27.41,105,0
1,"N=9, d=185m (margin 1.57m), Fail 5@t=10",2051,185,5,158,True,1.121414602478062,8-1,27.377534577096096,0.6224654229039039,0-2:26.02; 2-3:25.95; 3-4:25.95; 4-6:26.15; 6-7:26.59; 7-8:26.96; 8-1:27.38,106,0
1,"N=9, d=185m (margin 1.57m), Fail 5@t=10",2051,185,5,159,True,1.112028955803155,8-1,27.342347352379246,0.657652647620754,0-2:25.99; 2-3:26.02; 3-4:26.01; 4-6:26.15; 6-7:26.55; 7-8:26.94; 8-1:27.34,107,0
1,"N=9, d=185m (margin 1.57m), Fail 5@t=10",2051,185,5,160,True,1.132492461000054,8-1,27.309157439222947,0.6908425607770532,0-2:25.96; 2-3:26.11; 3-4:26.06; 4-6:26.16; 6-7:26.51; 7-8:26.90; 8-1:27.31,108,0
1,"N=9, d=185m (margin 1.57m), Fail 5@t=10",2051,185,5,161,True,1.178130692665909,8-1,27.27677909244838,0.7232209075516209,0-2:25.95; 2-3:26.16; 3-4:26.09; 4-6:26.20; 6-7:26.47; 7-8:26.85; 8-1:27.28,109,0
1,"N=9, d=185m (margin 1.57m), Fail 5@t=10",2051,185,5,162,True,1.2201397018055469,8-1,27.246937088716052,0.7530629112839478,0-2:25.98; 2-3:26.16; 3-4:26.13; 4-6:26.26; 6-7:26.43; 7-8:26.80; 8-1:27.25,110,0
1,"N=9, d=185m (margin 1.57m), Fail 5@t=10",2051,185,5,163,True,1.2433166374458804,8-1,27.21243101074904,0.7875689892509605,0-2:26.02; 2-3:26.12; 3-4:26.18; 4-6:26.32; 6-7:26.39; 7-8:26.76; 8-1:27.21,111,0
1,"N=9, d=185m (margin 1.57m), Fail 5@t=10",2051,185,5,164,True,1.2117962268939515,8-1,27.168717217724023,0.8312827822759772,0-2:26.06; 2-3:26.08; 3-4:26.25; 4-6:26.37; 6-7:26.36; 7-8:26.72; 8-1:27.17,112,0
1,"N=9, d=185m (margin 1.57m), Fail 5@t=10",2051,185,5,165,True,1.0465519799715606,8-1,27.11606689732458,0.8839331026754209,0-2:26.09; 2-3:26.09; 3-4:26.29; 4-6:26.39; 6-7:26.36; 7-8:26.67; 8-1:27.12,113,0
1,"N=9, d=185m (margin 1.57m), Fail 5@t=10",2051,185,5,166,True,1.077052652278319,8-1,27.060021302028016,0.9399786979719842,0-2:26.11; 2-3:26.12; 3-4:26.32; 4-6:26.40; 6-7:26.38; 7-8:26.62; 8-1:27.06,114,0
1,"N=9, d=185m (margin 1.57m), Fail 5@t=10",2051,185,5,167,True,0.9802933857920455,8-1,27.00081450127861,0.9991854987213884,0-2:26.10; 2-3:26.17; 3-4:26.34; 4-6:26.39; 6-7:26.41; 7-8:26.59; 8-1:27.00,115,0
1,"N=9, d=185m (margin 1.57m), Fail 5@t=10",2051,185,5,168,True,0.7556925115600425,8-1,26.942820035373405,1.0571799646265951,0-2:26.10; 2-3:26.23; 3-4:26.35; 4-6:26.37; 6-7:26.43; 7-8:26.58; 8-1:26.94,116,0
1,"N=9, d=185m (margin 1.57m), Fail 5@t=10",2051,185,5,169,True,0.6211941771856644,8-1,26.892815580195844,1.107184419804156,0-2:26.12; 2-3:26.27; 3-4:26.35; 4-6:26.36; 6-7:26.43; 7-8:26.59; 8-1:26.89,117,0
1,"N=9, d=185m (margin 1.57m), Fail 5@t=10",2051,185,5,170,True,0.5544849569402546,8-1,26.843213049725318,1.1567869502746824,0-2:26.14; 2-3:26.30; 3-4:26.35; 4-6:26.35; 6-7:26.43; 7-8:26.60; 8-1:26.84,118,0
1,"N=9, d=185m (margin 1.57m), Fail 5@t=10",2051,185,5,171,True,0.5764559087925069,8-1,26.79401244737564,1.2059875526243609,0-2:26.17; 2-3:26.33; 3-4:26.33; 4-6:26.35; 6-7:26.42; 7-8:26.61; 8-1:26.79,119,0
1,"N=9, d=185m (margin 1.57m), Fail 5@t=10",2051,185,5,172,True,0.5822549554164913,8-1,26.74521377670488,1.2547862232951204,0-2:26.21; 2-3:26.35; 3-4:26.29; 4-6:26.37; 6-7:26.42; 7-8:26.62; 8-1:26.75,120,0
1,"N=9, d=185m (margin 1.57m), Fail 5@t=10",2051,185,5,173,True,0.5138921232034713,8-1,26.69681701540419,1.3031829845958107,0-2:26.25; 2-3:26.35; 3-4:26.27; 4-6:26.39; 6-7:26.42; 7-8:26.63; 8-1:26.70,121,0
1,"N=9, d=185m (margin 1.57m), Fail 5@t=10",2051,185,5,174,True,0.5111700707001101,8-1,26.648822193195798,1.351177806804202,0-2:26.30; 2-3:26.35; 3-4:26.24; 4-6:26.41; 6-7:26.42; 7-8:26.64; 8-1:26.65,122,0
1,"N=9, d=185m (margin 1.57m), Fail 5@t=10",2051,185,5,175,True,0.5084654140946926,7-8,26.651843029697545,1.3481569703024547,0-2:26.34; 2-3:26.35; 3-4:26.22; 4-6:26.43; 6-7:26.41; 7-8:26.65; 8-1:26.60,123,0
1,"N=9, d=185m (margin 1.57m), Fail 5@t=10",2051,185,5,176,True,0.5057784487697582,7-8,26.662092934106948,1.3379070658930523,0-2:26.37; 2-3:26.36; 3-4:26.20; 4-6:26.45; 6-7:26.41; 7-8:26.66; 8-1:26.55,124,0
1,"N=9, d=185m (margin 1.57m), Fail 5@t=10",2051,185,5,177,True,0.5031089388785147,7-8,26.672386569425882,1.327613430574118,0-2:26.38; 2-3:26.40; 3-4:26.17; 4-6:26.47; 6-7:26.41; 7-8:26.67; 8-1:26.51,125,0
1,"N=9, d=185m (margin 1.57m), Fail 5@t=10",2051,185,5,178,True,0.5004609600635533,7-8,26.6827230850209,1.3172769149791002,0-2:26.37; 2-3:26.42; 3-4:26.19; 4-6:26.48; 6-7:26.41; 7-8:26.68; 8-1:26.46,126,0
1,"N=9, d=185m (margin 1.57m), Fail 5@t=10",2051,185,5,179,True,0.49782872263014094,7-8,26.693102916685255,1.3068970833147446,0-2:26.35; 2-3:26.44; 3-4:26.20; 4-6:26.50; 6-7:26.40; 7-8:26.69; 8-1:26.41,127,0
1,"N=9, d=185m (margin 1.57m), Fail 5@t=10",2051,185,5,180,True,0.4952153149163489,7-8,26.703526015069574,1.2964739849304259,0-2:26.34; 2-3:26.46; 3-4:26.22; 4-6:26.51; 6-7:26.40; 7-8:26.70; 8-1:26.37,128,0
1,"N=9, d=185m (margin 1.57m), Fail 5@t=10",2051,185,5,181,True,0.49262104880858604,7-8,26.7139923283268,1.2860076716732003,0-2:26.33; 2-3:26.47; 3-4:26.25; 4-6:26.52; 6-7:26.40; 7-8:26.71; 8-1:26.32,129,0
1,"N=9, d=185m (margin 1.57m), Fail 5@t=10",2051,185,5,182,True,0.4900463569876326,7-8,26.72450177529488,1.275498224705121,0-2:26.31; 2-3:26.47; 3-4:26.30; 4-6:26.52; 6-7:26.40; 7-8:26.72; 8-1:26.28,130,0
1,"N=9, d=185m (margin 1.57m), Fail 5@t=10",2051,185,5,183,True,0.5610119719741372,7-8,26.7350546670281,1.2649453329719016,0-2:26.30; 2-3:26.47; 3-4:26.37; 4-6:26.51; 6-7:26.40; 7-8:26.74; 8-1:26.23,131,0
1,"N=9, d=185m (margin 1.57m), Fail 5@t=10",2051,185,5,184,True,0.4700067925429724,7-8,26.746058522431372,1.2539414775686275,0-2:26.28; 2-3:26.46; 3-4:26.43; 4-6:26.50; 6-7:26.39; 7-8:26.75; 8-1:26.19,132,0
1,"N=9, d=185m (margin 1.57m), Fail 5@t=10",2051,185,5,185,True,0.6063739285575888,7-8,26.757100756680853,1.2428992433191475,0-2:26.27; 2-3:26.45; 3-4:26.49; 4-6:26.50; 6-7:26.39; 7-8:26.76; 8-1:26.15,133,0
1,"N=9, d=185m (margin 1.57m), Fail 5@t=10",2051,185,5,186,True,0.6028836627209604,7-8,26.768181297751397,1.231818702248603,0-2:26.27; 2-3:26.43; 3-4:26.54; 4-6:26.50; 6-7:26.39; 7-8:26.77; 8-1:26.10,134,0
1,"N=9, d=185m (margin 1.57m), Fail 5@t=10",2051,185,5,187,True,0.6045699614008241,7-8,26.779300122796474,1.2206998772035256,0-2:26.28; 2-3:26.41; 3-4:26.60; 4-6:26.50; 6-7:26.39; 7-8:26.78; 8-1:26.06,135,0
1,"N=9, d=185m (margin 1.57m), Fail 5@t=10",2051,185,5,188,True,0.6062783834872603,7-8,26.790457184149172,1.2095428158508277,0-2:26.28; 2-3:26.38; 3-4:26.65; 4-6:26.50; 6-7:26.38; 7-8:26.79; 8-1:26.02,136,0
1,"N=9, d=185m (margin 1.57m), Fail 5@t=10",2051,185,5,189,True,0.6080087424889834,7-8,26.80165243405819,1.198347565941809,0-2:26.28; 2-3:26.36; 3-4:26.71; 4-6:26.50; 6-7:26.38; 7-8:26.80; 8-1:25.98,137,0
1,"N=9, d=185m (margin 1.57m), Fail 5@t=10",2051,185,5,190,True,0.6097608516504834,7-8,26.812885824688593,1.1871141753114074,0-2:26.29; 2-3:26.33; 3-4:26.76; 4-6:26.50; 6-7:26.38; 7-8:26.81; 8-1:25.94,138,0
1,"N=9, d=185m (margin 1.57m), Fail 5@t=10",2051,185,5,191,True,0.6115345240224699,7-8,26.824157308122842,1.1758426918771576,0-2:26.29; 2-3:26.31; 3-4:26.82; 4-6:26.50; 6-7:26.37; 7-8:26.82; 8-1:25.89,139,0
1,"N=9, d=185m (margin 1.57m), Fail 5@t=10",2051,185,5,192,True,0.6133295725306526,3-4,26.87340697503652,1.12659302496348,0-2:26.29; 2-3:26.28; 3-4:26.87; 4-6:26.50; 6-7:26.37; 7-8:26.84; 8-1:25.85,140,0
1,"N=9, d=185m (margin 1.57m), Fail 5@t=10",2051,185,5,193,True,0.6151458100428348,3-4,26.928896167996033,1.071103832003967,0-2:26.29; 2-3:26.26; 3-4:26.93; 4-6:26.51; 6-7:26.37; 7-8:26.85; 8-1:25.81,141,0
1,"N=9, d=185m (margin 1.57m), Fail 5@t=10",2051,185,5,194,True,0.6160931433568396,3-4,26.983998849288877,1.0160011507111228,0-2:26.30; 2-3:26.24; 3-4:26.98; 4-6:26.51; 6-7:26.37; 7-8:26.86; 8-1:25.77,142,0
1,"N=9, d=185m (margin 1.57m), Fail 5@t=10",2051,185,5,195,True,0.6156148696933562,3-4,27.03797370768154,0.962026292318459,0-2:26.30; 2-3:26.21; 3-4:27.04; 4-6:26.51; 6-7:26.36; 7-8:26.87; 8-1:25.73,143,0
1,"N=9, d=185m (margin 1.57m), Fail 5@t=10",2051,185,5,196,True,0.614193024937819,3-4,27.09032412821967,0.9096758717803297,0-2:26.30; 2-3:26.19; 3-4:27.09; 4-6:26.51; 6-7:26.36; 7-8:26.88; 8-1:25.69,144,0
1,"N=9, d=185m (margin 1.57m), Fail 5@t=10",2051,185,5,197,True,0.6121962761181452,3-4,27.140731218833107,0.8592687811668931,0-2:26.30; 2-3:26.17; 3-4:27.14; 4-6:26.51; 6-7:26.36; 7-8:26.89; 8-1:25.66,145,0
1,"N=9, d=185m (margin 1.57m), Fail 5@t=10",2051,185,5,198,True,0.609893402524,3-4,27.189004421630386,0.8109955783696137,0-2:26.30; 2-3:26.15; 3-4:27.19; 4-6:26.52; 6-7:26.36; 7-8:26.90; 8-1:25.62,146,0
1,"N=9, d=185m (margin 1.57m), Fail 5@t=10",2051,185,5,199,True,0.6074728684804347,3-4,27.23504517914921,0.7649548208507895,0-2:26.30; 2-3:26.13; 3-4:27.24; 4-6:26.52; 6-7:26.35; 7-8:26.92; 8-1:25.58,147,0
1,"N=9, d=185m (margin 1.57m), Fail 5@t=10",2051,185,5,200,True,0.6050618602935043,3-4,27.27882026512243,0.7211797348775697,0-2:26.30; 2-3:26.11; 3-4:27.28; 4-6:26.53; 6-7:26.35; 7-8:26.93; 8-1:25.54,148,0
1,"N=9, d=185m (margin 1.57m), Fail 5@t=10",2051,185,5,201,True,0.6027424485857278,3-4,27.320342254639204,0.6796577453607959,0-2:26.30; 2-3:26.10; 3-4:27.32; 4-6:26.53; 6-7:26.35; 7-8:26.94; 8-1:25.50,149,0
1,"N=9, d=185m (margin 1.57m), Fail 5@t=10",2051,185,5,202,True,0.6005644052032203,3-4,27.359655259839624,0.6403447401603763,0-2:26.30; 2-3:26.08; 3-4:27.36; 4-6:26.54; 6-7:26.35; 7-8:26.95; 8-1:25.47,150,0
1,"N=9, d=185m (margin 1.57m), Fail 5@t=10",2051,185,5,203,True,0.5985549554836798,3-4,27.39682454424423,0.6031754557557711,0-2:26.29; 2-3:26.07; 3-4:27.40; 4-6:26.55; 6-7:26.34; 7-8:26.96; 8-1:25.43,151,0
1,"N=9, d=185m (margin 1.57m), Fail 5@t=10",2051,185,5,204,True,0.5967259896144842,3-4,27.431928990839076,0.5680710091609242,0-2:26.29; 2-3:26.06; 3-4:27.43; 4-6:26.56; 6-7:26.34; 7-8:26.97; 8-1:25.40,152,0
1,"N=9, d=185m (margin 1.57m), Fail 5@t=10",2051,185,5,205,True,0.5950792794025382,3-4,27.465055667700774,0.5349443322992258,0-2:26.29; 2-3:26.04; 3-4:27.47; 4-6:26.58; 6-7:26.34; 7-8:26.99; 8-1:25.36,153,0
1,"N=9, d=185m (margin 1.57m), Fail 5@t=10",2051,185,5,206,True,0.5936101818445447,3-4,27.496295933410124,0.5037040665898758,0-2:26.29; 2-3:26.03; 3-4:27.50; 4-6:26.59; 6-7:26.34; 7-8:27.00; 8-1:25.33,154,0
1,"N=9, d=185m (margin 1.57m), Fail 5@t=10",2051,185,5,207,True,0.5923102221660627,3-4,27.52574267125313,0.47425732874686943,0-2:26.28; 2-3:26.02; 3-4:27.53; 4-6:26.60; 6-7:26.33; 7-8:27.01; 8-1:25.29,155,0
1,"N=9, d=185m (margin 1.57m), Fail 5@t=10",2051,185,5,208,True,0.5911688620585964,3-4,27.553488349465464,0.4465116505345357,0-2:26.28; 2-3:26.02; 3-4:27.55; 4-6:26.62; 6-7:26.33; 7-8:27.02; 8-1:25.26,156,0
1,"N=9, d=185m (margin 1.57m), Fail 5@t=10",2051,185,5,209,True,0.5901746842556677,3-4,27.579623684629407,0.42037631537059283,0-2:26.27; 2-3:26.01; 3-4:27.58; 4-6:26.63; 6-7:26.33; 7-8:27.03; 8-1:25.22,157,0
1,"N=9, d=185m (margin 1.57m), Fail 5@t=10",2051,185,5,210,True,0.5893161645588705,3-4,27.604236744202925,0.3957632557970747,0-2:26.27; 2-3:26.00; 3-4:27.60; 4-6:26.65; 6-7:26.33; 7-8:27.05; 8-1:25.19,158,0
1,"N=9, d=185m (margin 1.57m), Fail 5@t=10",2051,185,5,211,True,0.5885821559856775,3-4,27.62741236753869,0.3725876324613111,0-2:26.26; 2-3:26.00; 3-4:27.63; 4-6:26.67; 6-7:26.32; 7-8:27.06; 8-1:25.16,159,0
1,"N=9, d=185m (margin 1.57m), Fail 5@t=10",2051,185,5,212,True,0.587962174770308,3-4,27.649231816734307,0.3507681832656928,0-2:26.26; 2-3:25.99; 3-4:27.65; 4-6:26.68; 6-7:26.32; 7-8:27.07; 8-1:25.12,160,0
1,"N=9, d=185m (margin 1.57m), Fail 5@t=10",2051,185,5,213,True,0.5874465520940879,3-4,27.66977259221972,0.33022740778028137,0-2:26.25; 2-3:25.99; 3-4:27.67; 4-6:26.70; 6-7:26.32; 7-8:27.08; 8-1:25.09,161,0
1,"N=9, d=185m (margin 1.57m), Fail 5@t=10",2051,185,5,214,True,0.5870264965808865,3-4,27.68910836535068,0.31089163464931957,0-2:26.25; 2-3:25.98; 3-4:27.69; 4-6:26.72; 6-7:26.32; 7-8:27.09; 8-1:25.06,162,0
1,"N=9, d=185m (margin 1.57m), Fail 5@t=10",2051,185,5,215,True,0.5866940990094633,3-4,27.707308993069176,0.2926910069308235,0-2:26.24; 2-3:25.98; 3-4:27.71; 4-6:26.74; 6-7:26.31; 7-8:27.11; 8-1:25.03,163,0
1,"N=9, d=185m (margin 1.57m), Fail 5@t=10",2051,185,5,216,True,0.5864423009889742,3-4,27.724440589112785,0.27555941088721525,0-2:26.23; 2-3:25.98; 3-4:27.72; 4-6:26.76; 6-7:26.31; 7-8:27.12; 8-1:25.00,164,0
1,"N=9, d=185m (margin 1.57m), Fail 5@t=10",2051,185,5,217,True,0.5420041182731732,3-4,27.74055876954435,0.25944123045564993,0-2:26.23; 2-3:25.98; 3-4:27.74; 4-6:26.78; 6-7:26.31; 7-8:27.13; 8-1:24.97,165,0
1,"N=9, d=185m (margin 1.57m), Fail 5@t=10",2051,185,5,218,True,0.5419000866898485,3-4,27.75573359892693,0.24426640107306952,0-2:26.22; 2-3:25.97; 3-4:27.76; 4-6:26.80; 6-7:26.31; 7-8:27.14; 8-1:24.94,166,0
1,"N=9, d=185m (margin 1.57m), Fail 5@t=10",2051,185,5,219,True,0.541864168162488,3-4,27.770019469148124,0.22998053085187564,0-2:26.21; 2-3:25.97; 3-4:27.77; 4-6:26.83; 6-7:26.31; 7-8:27.16; 8-1:24.91,167,0
1,"N=9, d=185m (margin 1.57m), Fail 5@t=10",2051,185,5,220,True,0.5418922058579783,3-4,27.78346790393768,0.21653209606231982,0-2:26.20; 2-3:25.97; 3-4:27.78; 4-6:26.85; 6-7:26.30; 7-8:27.17; 8-1:24.88,168,0
1,"N=9, d=185m (margin 1.57m), Fail 5@t=10",2051,185,5,221,True,0.541405627841396,3-4,27.79612754681,0.20387245319000158,0-2:26.19; 2-3:25.97; 3-4:27.80; 4-6:26.87; 6-7:26.30; 7-8:27.18; 8-1:24.85,169,0
1,"N=9, d=185m (margin 1.57m), Fail 5@t=10",2051,185,5,222,True,0.5042569613189041,3-4,27.80803945705993,0.1919605429400697,0-2:26.18; 2-3:25.97; 3-4:27.81; 4-6:26.89; 6-7:26.30; 7-8:27.19; 8-1:24.82,170,0
1,"N=9, d=185m (margin 1.57m), Fail 5@t=10",2051,185,5,223,True,0.504481064743558,3-4,27.81925533949886,0.18074466050114069,0-2:26.17; 2-3:25.97; 3-4:27.82; 4-6:26.92; 6-7:26.30; 7-8:27.20; 8-1:24.79,171,0
1,"N=9, d=185m (margin 1.57m), Fail 5@t=10",2051,185,5,224,True,0.5047599039436947,3-4,27.829815223242072,0.1701847767579281,0-2:26.16; 2-3:25.97; 3-4:27.83; 4-6:26.94; 6-7:26.29; 7-8:27.22; 8-1:24.76,172,0
1,"N=9, d=185m (margin 1.57m), Fail 5@t=10",2051,185,5,225,True,0.5050913658049724,3-4,27.839757031362403,0.16024296863759702,0-2:26.15; 2-3:25.98; 3-4:27.84; 4-6:26.96; 6-7:26.29; 7-8:27.23; 8-1:24.73,173,0
1,"N=9, d=185m (margin 1.57m), Fail 5@t=10",2051,185,5,226,True,0.5048614544167617,3-4,27.849116553454504,0.150883446545496,0-2:26.14; 2-3:25.98; 3-4:27.85; 4-6:26.99; 6-7:26.29; 7-8:27.24; 8-1:24.71,174,0
1,"N=9, d=185m (margin 1.57m), Fail 5@t=10",2051,185,5,227,True,0.47851271527254935,3-4,27.85792340556636,0.1420765944336395,0-2:26.13; 2-3:25.98; 3-4:27.86; 4-6:27.01; 6-7:26.29; 7-8:27.25; 8-1:24.68,175,0
1,"N=9, d=185m (margin 1.57m), Fail 5@t=10",2051,185,5,228,True,0.4790279238599736,3-4,27.866216393368855,0.13378360663114464,0-2:26.12; 2-3:25.98; 3-4:27.87; 4-6:27.04; 6-7:26.29; 7-8:27.27; 8-1:24.65,176,0
1,"N=9, d=185m (margin 1.57m), Fail 5@t=10",2051,185,5,229,True,0.47959132451887015,3-4,27.874024985900096,0.12597501409990386,0-2:26.11; 2-3:25.98; 3-4:27.87; 4-6:27.06; 6-7:26.29; 7-8:27.28; 8-1:24.63,177,0
1,"N=9, d=185m (margin 1.57m), Fail 5@t=10",2051,185,5,230,True,0.48020182182361526,3-4,27.88137711164725,0.11862288835274981,0-2:26.09; 2-3:25.99; 3-4:27.88; 4-6:27.08; 6-7:26.29; 7-8:27.29; 8-1:24.60,178,0
1,"N=9, d=185m (margin 1.57m), Fail 5@t=10",2051,185,5,231,True,0.47121547733126995,3-4,27.888297999289414,0.11170200071058645,0-2:26.08; 2-3:25.99; 3-4:27.89; 4-6:27.11; 6-7:26.28; 7-8:27.31; 8-1:24.58,179,0
1,"N=9, d=185m (margin 1.57m), Fail 5@t=10",2051,185,5,232,True,0.4719381168175742,3-4,27.894814561914664,0.10518543808533565,0-2:26.07; 2-3:25.99; 3-4:27.89; 4-6:27.13; 6-7:26.28; 7-8:27.32; 8-1:24.55,180,0
1,"N=9, d=185m (margin 1.57m), Fail 5@t=10",2051,185,5,233,True,0.4531183355981407,3-4,27.900947906505227,0.09905209349477317,0-2:26.05; 2-3:25.99; 3-4:27.90; 4-6:27.15; 6-7:26.28; 7-8:27.33; 8-1:24.53,181,0
1,"N=9, d=185m (margin 1.57m), Fail 5@t=10",2051,185,5,234,True,0.45397537162788304,3-4,27.906723787070245,0.09327621292975508,0-2:26.04; 2-3:26.00; 3-4:27.91; 4-6:27.18; 6-7:26.28; 7-8:27.34; 8-1:24.50,182,0
1,"N=9, d=185m (margin 1.57m), Fail 5@t=10",2051,185,5,235,True,0.45487747734187667,3-4,27.912162661565976,0.0878373384340243,0-2:26.02; 2-3:26.00; 3-4:27.91; 4-6:27.20; 6-7:26.28; 7-8:27.36; 8-1:24.48,183,0
1,"N=9, d=185m (margin 1.57m), Fail 5@t=10",2051,185,5,236,True,0.45228313966998246,3-4,27.91728351324818,0.08271648675182064,0-2:26.01; 2-3:26.00; 3-4:27.92; 4-6:27.23; 6-7:26.29; 7-8:27.37; 8-1:24.46,184,0
1,"N=9, d=185m (margin 1.57m), Fail 5@t=10",2051,185,5,237,True,0.44627808562748367,3-4,27.922104559356725,0.07789544064327458,0-2:25.99; 2-3:26.01; 3-4:27.92; 4-6:27.25; 6-7:26.29; 7-8:27.38; 8-1:24.44,185,0
1,"N=9, d=185m (margin 1.57m), Fail 5@t=10",2051,185,5,238,True,0.44734530788277754,3-4,27.926644363511617,0.07335563648838317,0-2:25.98; 2-3:26.01; 3-4:27.93; 4-6:27.28; 6-7:26.29; 7-8:27.40; 8-1:24.41,186,0
1,"N=9, d=185m (margin 1.57m), Fail 5@t=10",2051,185,5,239,True,0.43932597061613593,3-4,27.930918097587096,0.06908190241290413,0-2:25.96; 2-3:26.01; 3-4:27.93; 4-6:27.30; 6-7:26.29; 7-8:27.41; 8-1:24.39,187,0
1,"N=9, d=185m (margin 1.57m), Fail 5@t=10",2051,185,5,240,True,0.44051204559629137,3-4,27.9349427199718,0.06505728002819922,0-2:25.95; 2-3:26.02; 3-4:27.93; 4-6:27.32; 6-7:26.29; 7-8:27.42; 8-1:24.37,188,0
1,"N=9, d=185m (margin 1.57m), Fail 5@t=10",2051,185,5,241,True,0.43831030575529495,3-4,27.938732150144926,0.061267849855074275,0-2:25.93; 2-3:26.02; 3-4:27.94; 4-6:27.35; 6-7:26.29; 7-8:27.43; 8-1:24.35,189,0
1,"N=9, d=185m (margin 1.57m), Fail 5@t=10",2051,185,5,242,True,0.4376600002918984,3-4,27.942300321181477,0.05769967881852267,0-2:25.91; 2-3:26.02; 3-4:27.94; 4-6:27.37; 6-7:26.29; 7-8:27.45; 8-1:24.33,190,0
1,"N=9, d=185m (margin 1.57m), Fail 5@t=10",2051,185,5,243,True,0.4338732645068742,3-4,27.945659755963632,0.054340244036367835,0-2:25.89; 2-3:26.03; 3-4:27.95; 4-6:27.40; 6-7:26.29; 7-8:27.46; 8-1:24.31,191,0
1,"N=9, d=185m (margin 1.57m), Fail 5@t=10",2051,185,5,244,True,0.43527050983449106,3-4,27.948823353736856,0.05117664626314422,0-2:25.88; 2-3:26.03; 3-4:27.95; 4-6:27.42; 6-7:26.29; 7-8:27.47; 8-1:24.29,192,0
1,"N=9, d=185m (margin 1.57m), Fail 5@t=10",2051,185,5,245,True,0.4323772445390695,3-4,27.95180190680893,0.04819809319106838,0-2:25.86; 2-3:26.03; 3-4:27.95; 4-6:27.45; 6-7:26.29; 7-8:27.49; 8-1:24.27,193,0
1,"N=9, d=185m (margin 1.57m), Fail 5@t=10",2051,185,5,246,True,0.4338756094413332,3-4,27.954606813878694,0.04539318612130572,0-2:25.84; 2-3:26.04; 3-4:27.95; 4-6:27.47; 6-7:26.29; 7-8:27.50; 8-1:24.25,194,0
1,"N=9, d=185m (margin 1.57m), Fail 5@t=10",2051,185,5,247,True,0.43047993403445933,3-4,27.95724754007959,0.04275245992041121,0-2:25.82; 2-3:26.04; 3-4:27.96; 4-6:27.50; 6-7:26.29; 7-8:27.51; 8-1:24.23,195,0
1,"N=9, d=185m (margin 1.57m), Fail 5@t=10",2051,185,5,248,True,0.43185570584453103,3-4,27.95973437962158,0.04026562037842041,0-2:25.80; 2-3:26.05; 3-4:27.96; 4-6:27.53; 6-7:26.29; 7-8:27.52; 8-1:24.22,196,0
1,"N=9, d=185m (margin 1.57m), Fail 5@t=10",2051,185,5,249,True,0.4310224024614388,3-4,27.962075998285922,0.03792400171407806,0-2:25.78; 2-3:26.05; 3-4:27.96; 4-6:27.55; 6-7:26.30; 7-8:27.54; 8-1:24.20,197,0
1,"N=9, d=185m (margin 1.57m), Fail 5@t=10",2051,185,5,250,True,0.431429749232631,3-4,27.964281039245563,0.035718960754437035,0-2:25.76; 2-3:26.06; 3-4:27.96; 4-6:27.57; 6-7:26.30; 7-8:27.55; 8-1:24.18,198,0
1,"N=9, d=185m (margin 1.57m), Fail 5@t=10",2051,185,5,251,True,0.4315835872336979,3-4,27.96635739077503,0.03364260922496953,0-2:25.74; 2-3:26.06; 3-4:27.97; 4-6:27.60; 6-7:26.30; 7-8:27.56; 8-1:24.16,199,0
1,"N=9, d=185m (margin 1.57m), Fail 5@t=10",2051,185,5,252,True,0.4315875440369422,3-4,27.968312511508746,0.031687488491254356,0-2:25.72; 2-3:26.07; 3-4:27.97; 4-6:27.62; 6-7:26.30; 7-8:27.57; 8-1:24.15,200,0
1,"N=9, d=185m (margin 1.57m), Fail 5@t=10",2051,185,5,253,True,0.4315167611550078,3-4,27.970153445796726,0.029846554203274422,0-2:25.70; 2-3:26.07; 3-4:27.97; 4-6:27.64; 6-7:26.31; 7-8:27.59; 8-1:24.13,201,0
1,"N=9, d=185m (margin 1.57m), Fail 5@t=10",2051,185,5,254,True,0.4314249287755846,3-4,27.971886841054307,0.02811315894569333,0-2:25.67; 2-3:26.08; 3-4:27.97; 4-6:27.66; 6-7:26.31; 7-8:27.60; 8-1:24.12,202,0
1,"N=9, d=185m (margin 1.57m), Fail 5@t=10",2051,185,5,255,True,0.43134981437098857,3-4,27.97351896615999,0.026481033840010326,0-2:25.65; 2-3:26.08; 3-4:27.97; 4-6:27.68; 6-7:26.32; 7-8:27.61; 8-1:24.10,203,0
1,"N=9, d=185m (margin 1.57m), Fail 5@t=10",2051,185,5,256,True,0.43131749620265986,3-4,27.975055730241692,0.02494426975830777,0-2:25.63; 2-3:26.09; 3-4:27.98; 4-6:27.70; 6-7:26.32; 7-8:27.62; 8-1:24.09,204,0
1,"N=9, d=185m (margin 1.57m), Fail 5@t=10",2051,185,5,257,True,0.43134554953021603,3-4,27.97650270139998,0.023497298600020144,0-2:25.61; 2-3:26.10; 3-4:27.98; 4-6:27.72; 6-7:26.33; 7-8:27.64; 8-1:24.07,205,0
1,"N=9, d=185m (margin 1.57m), Fail 5@t=10",2051,185,5,258,True,0.43144541557348215,3-4,27.977865125064472,0.022134874935527904,0-2:25.58; 2-3:26.11; 3-4:27.98; 4-6:27.73; 6-7:26.34; 7-8:27.65; 8-1:24.06,206,0
1,"N=9, d=185m (margin 1.57m), Fail 5@t=10",2051,185,5,259,True,0.43162414699972124,3-4,27.97914794178597,0.0208520582140288,0-2:25.56; 2-3:26.12; 3-4:27.98; 4-6:27.75; 6-7:26.35; 7-8:27.66; 8-1:24.05,207,0
1,"N=9, d=185m (margin 1.57m), Fail 5@t=10",2051,185,5,260,True,0.43188568493713947,3-4,27.98035580434393,0.01964419565607045,0-2:25.54; 2-3:26.12; 3-4:27.98; 4-6:27.76; 6-7:26.35; 7-8:27.67; 8-1:24.03,208,0
1,"N=9, d=185m (margin 1.57m), Fail 5@t=10",2051,185,5,261,True,0.43223178767993015,3-4,27.981493094097864,0.018506905902135884,0-2:25.51; 2-3:26.13; 3-4:27.98; 4-6:27.78; 6-7:26.36; 7-8:27.68; 8-1:24.02,209,0
1,"N=9, d=185m (margin 1.57m), Fail 5@t=10",2051,185,5,262,True,0.4326627024504289,3-4,27.98256393655094,0.017436063449061123,0-2:25.49; 2-3:26.14; 3-4:27.98; 4-6:27.79; 6-7:26.37; 7-8:27.70; 8-1:24.01,210,0
1,"N=9, d=185m (margin 1.57m), Fail 5@t=10",2051,185,5,263,True,0.42752390787849465,3-4,27.98357166166432,0.016428338335678916,0-2:25.46; 2-3:26.15; 3-4:27.98; 4-6:27.80; 6-7:26.38; 7-8:27.71; 8-1:24.00,211,0
1,"N=9, d=185m (margin 1.57m), Fail 5@t=10",2051,185,5,264,True,0.42813576090547995,3-4,27.98452082518329,0.01547917481671135,0-2:25.43; 2-3:26.16; 3-4:27.98; 4-6:27.81; 6-7:26.39; 7-8:27.72; 8-1:23.99,212,0
1,"N=9, d=185m (margin 1.57m), Fail 5@t=10",2051,185,5,265,True,0.4231519322441479,3-4,27.985414227511743,0.014585772488256765,0-2:25.41; 2-3:26.17; 3-4:27.99; 4-6:27.82; 6-7:26.41; 7-8:27.73; 8-1:23.98,213,0
1,"N=9, d=185m (margin 1.57m), Fail 5@t=10",2051,185,5,266,True,0.42394194185363876,3-4,27.986255915411125,0.013744084588875438,0-2:25.38; 2-3:26.18; 3-4:27.99; 4-6:27.84; 6-7:26.42; 7-8:27.74; 8-1:23.97,214,0
1,"N=9, d=185m (margin 1.57m), Fail 5@t=10",2051,185,5,267,True,0.41708402142241563,3-4,27.987048072733153,0.012951927266847463,0-2:25.35; 2-3:26.19; 3-4:27.99; 4-6:27.84; 6-7:26.43; 7-8:27.75; 8-1:23.96,215,0
1,"N=9, d=185m (margin 1.57m), Fail 5@t=10",2051,185,5,268,True,0.41805482326458426,3-4,27.987794620780303,0.012205379219697221,0-2:25.33; 2-3:26.20; 3-4:27.99; 4-6:27.85; 6-7:26.44; 7-8:27.77; 8-1:23.95,216,0
1,"N=9, d=185m (margin 1.57m), Fail 5@t=10",2051,185,5,269,True,0.41326691014562156,3-4,27.9884975296912,0.011502470308798252,0-2:25.30; 2-3:26.21; 3-4:27.99; 4-6:27.86; 6-7:26.46; 7-8:27.78; 8-1:23.94,217,0
1,"N=9, d=185m (margin 1.57m), Fail 5@t=10",2051,185,5,270,True,0.41422625476776576,3-4,27.989160024003503,0.010839975996496776,0-2:25.27; 2-3:26.22; 3-4:27.99; 4-6:27.87; 6-7:26.47; 7-8:27.79; 8-1:23.94,218,0
1,"N=9, d=185m (margin 1.57m), Fail 5@t=10",2051,185,5,271,True,0.40745552020830356,3-4,27.98978362689138,0.010216373108619337,0-2:25.24; 2-3:26.24; 3-4:27.99; 4-6:27.88; 6-7:26.48; 7-8:27.80; 8-1:23.93,219,0
1,"N=9, d=185m (margin 1.57m), Fail 5@t=10",2051,185,5,272,True,0.4087712780508667,3-4,27.990371563910838,0.009628436089162307,0-2:25.21; 2-3:26.25; 3-4:27.99; 4-6:27.89; 6-7:26.50; 7-8:27.81; 8-1:23.92,220,0
1,"N=9, d=185m (margin 1.57m), Fail 5@t=10",2051,185,5,273,True,0.4046112758863083,3-4,27.99092525707619,0.009074742923811385,0-2:25.18; 2-3:26.26; 3-4:27.99; 4-6:27.89; 6-7:26.51; 7-8:27.82; 8-1:23.92,221,0
1,"N=9, d=185m (margin 1.57m), Fail 5@t=10",2051,185,5,274,True,0.40270322893222915,3-4,27.991447010825226,0.008552989174773984,0-2:25.15; 2-3:26.27; 3-4:27.99; 4-6:27.90; 6-7:26.53; 7-8:27.83; 8-1:23.91,222,0
1,"N=9, d=185m (margin 1.57m), Fail 5@t=10",2051,185,5,275,True,0.39610100215254657,3-4,27.99193829791628,0.008061702083718814,0-2:25.12; 2-3:26.28; 3-4:27.99; 4-6:27.90; 6-7:26.54; 7-8:27.84; 8-1:23.91,223,0
1,"N=9, d=185m (margin 1.57m), Fail 5@t=10",2051,185,5,276,True,0.3936559523764828,3-4,27.99240142896323,0.007598571036769641,0-2:25.09; 2-3:26.29; 3-4:27.99; 4-6:27.91; 6-7:26.56; 7-8:27.85; 8-1:23.90,224,0
1,"N=9, d=185m (margin 1.57m), Fail 5@t=10",2051,185,5,277,True,0.38788304229478987,3-4,27.992837763938137,0.007162236061862615,0-2:25.06; 2-3:26.30; 3-4:27.99; 4-6:27.92; 6-7:26.57; 7-8:27.86; 8-1:23.90,225,0
1,"N=9, d=185m (margin 1.57m), Fail 5@t=10",2051,185,5,278,True,0.3848062711098914,3-4,27.99324917451377,0.006750825486228962,0-2:25.03; 2-3:26.31; 3-4:27.99; 4-6:27.92; 6-7:26.59; 7-8:27.87; 8-1:23.89,226,0
1,"N=9, d=185m (margin 1.57m), Fail 5@t=10",2051,185,5,279,True,0.3801202985548071,3-4,27.99363690235091,0.0063630976490891555,0-2:25.00; 2-3:26.32; 3-4:27.99; 4-6:27.92; 6-7:26.61; 7-8:27.87; 8-1:23.89,227,0
1,"N=9, d=185m (margin 1.57m), Fail 5@t=10",2051,185,5,280,True,0.39794852600637154,3-4,27.994002579738044,0.00599742026195571,0-2:24.97; 2-3:26.33; 3-4:27.99; 4-6:27.93; 6-7:26.62; 7-8:27.88; 8-1:23.89,228,0
1,"N=9, d=185m (margin 1.57m), Fail 5@t=10",2051,185,5,281,True,0.47886540265150246,3-4,27.99434713959374,0.00565286040626134,0-2:24.94; 2-3:26.34; 3-4:27.99; 4-6:27.93; 6-7:26.64; 7-8:27.89; 8-1:23.89,229,0
1,"N=9, d=185m (margin 1.57m), Fail 5@t=10",2051,185,5,282,True,0.6542604081334339,3-4,27.994671907030163,0.005328092969836717,0-2:24.90; 2-3:26.35; 3-4:27.99; 4-6:27.94; 6-7:26.66; 7-8:27.87; 8-1:23.90,230,0
1,"N=9, d=185m (margin 1.57m), Fail 5@t=10",2051,185,5,283,True,0.835185493204802,3-4,27.994978077973233,0.0050219220267671005,0-2:24.87; 2-3:26.36; 3-4:27.99; 4-6:27.94; 6-7:26.68; 7-8:27.84; 8-1:23.93,231,0
1,"N=9, d=185m (margin 1.57m), Fail 5@t=10",2051,185,5,284,True,1.0599598845482376,3-4,27.9947170702666,0.005282929733400721,0-2:24.84; 2-3:26.37; 3-4:27.99; 4-6:27.93; 6-7:26.72; 7-8:27.78; 8-1:23.99,232,0
1,"N=9, d=185m (margin 1.57m), Fail 5@t=10",2051,185,5,285,True,1.2169564891578826,3-4,27.990393303565796,0.00960669643420431,0-2:24.80; 2-3:26.38; 3-4:27.99; 4-6:27.88; 6-7:26.76; 7-8:27.71; 8-1:24.06,233,0
1,"N=9, d=185m (margin 1.57m), Fail 5@t=10",2051,185,5,286,True,1.412304112702471,3-4,27.965182024657043,0.03481797534295694,0-2:24.77; 2-3:26.38; 3-4:27.97; 4-6:27.83; 6-7:26.81; 7-8:27.63; 8-1:24.16,234,0
1,"N=9, d=185m (margin 1.57m), Fail 5@t=10",2051,185,5,287,True,1.7185778829387568,3-4,27.913301849153555,0.08669815084644483,0-2:24.73; 2-3:26.39; 3-4:27.91; 4-6:27.77; 6-7:26.87; 7-8:27.56; 8-1:24.26,235,0
1,"N=9, d=185m (margin 1.57m), Fail 5@t=10",2051,185,5,288,True,1.7111060996135998,3-4,27.84315641367967,0.15684358632033124,0-2:24.72; 2-3:26.37; 3-4:27.84; 4-6:27.73; 6-7:26.92; 7-8:27.49; 8-1:24.37,236,0
1,"N=9, d=185m (margin 1.57m), Fail 5@t=10",2051,185,5,289,True,1.7529555785878332,3-4,27.762114957263964,0.2378850427360355,0-2:24.74; 2-3:26.32; 3-4:27.76; 4-6:27.71; 6-7:26.97; 7-8:27.42; 8-1:24.49,237,0
1,"N=9, d=185m (margin 1.57m), Fail 5@t=10",2051,185,5,290,True,1.846237036872656,4-6,27.695609518166027,0.3043904818339733,0-2:24.80; 2-3:26.24; 3-4:27.67; 4-6:27.70; 6-7:27.02; 7-8:27.34; 8-1:24.61,238,0
1,"N=9, d=185m (margin 1.57m), Fail 5@t=10",2051,185,5,291,True,1.9429645639505269,4-6,27.691445900489157,0.3085540995108431,0-2:24.86; 2-3:26.14; 3-4:27.58; 4-6:27.69; 6-7:27.05; 7-8:27.27; 8-1:24.74,239,0
1,"N=9, d=185m (margin 1.57m), Fail 5@t=10",2051,185,5,292,True,1.9413294752123171,4-6,27.693013645416784,0.3069863545832163,0-2:24.94; 2-3:26.05; 3-4:27.49; 4-6:27.69; 6-7:27.07; 7-8:27.21; 8-1:24.86,240,0
1,"N=9, d=185m (margin 1.57m), Fail 5@t=10",2051,185,5,293,True,1.8237356903362203,4-6,27.698519490738967,0.3014805092610331,0-2:25.02; 2-3:25.96; 3-4:27.38; 4-6:27.70; 6-7:27.06; 7-8:27.18; 8-1:24.98,241,0
1,"N=9, d=185m (margin 1.57m), Fail 5@t=10",2051,185,5,294,True,1.517635206384292,4-6,27.70298800664899,0.2970119933510098,0-2:25.10; 2-3:25.89; 3-4:27.28; 4-6:27.70; 6-7:27.04; 7-8:27.16; 8-1:25.09,242,0
1,"N=9, d=185m (margin 1.57m), Fail 5@t=10",2051,185,5,295,True,1.416959057104905,4-6,27.68830398239045,0.3116960176095489,0-2:25.20; 2-3:25.82; 3-4:27.18; 4-6:27.69; 6-7:27.03; 7-8:27.13; 8-1:25.20,243,0
1,"N=9, d=185m (margin 1.57m), Fail 5@t=10",2051,185,5,296,True,1.4171720567676418,4-6,27.640460168328065,0.3595398316719347,0-2:25.29; 2-3:25.76; 3-4:27.09; 4-6:27.64; 6-7:27.02; 7-8:27.11; 8-1:25.32,244,0
1,"N=9, d=185m (margin 1.57m), Fail 5@t=10",2051,185,5,297,True,1.4080094567369885,4-6,27.570265883432732,0.4297341165672677,0-2:25.38; 2-3:25.70; 3-4:27.00; 4-6:27.57; 6-7:27.02; 7-8:27.09; 8-1:25.45,245,0
1,"N=9, d=185m (margin 1.57m), Fail 5@t=10",2051,185,5,298,True,1.4213098137549538,4-6,27.471801658845642,0.5281983411543578,0-2:25.48; 2-3:25.66; 3-4:26.92; 4-6:27.47; 6-7:27.02; 7-8:27.08; 8-1:25.57,246,0
1,"N=9, d=185m (margin 1.57m), Fail 5@t=10",2051,185,5,299,True,1.427569444158569,4-6,27.36224780810357,0.6377521918964284,0-2:25.57; 2-3:25.63; 3-4:26.84; 4-6:27.36; 6-7:27.01; 7-8:27.08; 8-1:25.70,247,0
2,"N=9, d=189m (margin 1.00m), Fail 4@t=10",2052,189,4,0,True,0.44629873611193016,6-7,23.64976131959197,4.3502386804080295,0-2:23.62; 2-3:23.62; 3-4:23.62; 4-5:23.62; 5-6:23.62; 6-7:23.65; 7-8:23.63; 8-1:23.60,1,0
2,"N=9, d=189m (margin 1.00m), Fail 4@t=10",2052,189,4,1,True,0.7248588440927027,5-6,23.67294347519322,4.327056524806778,0-2:23.62; 2-3:23.62; 3-4:23.62; 4-5:23.62; 5-6:23.67; 6-7:23.63; 7-8:23.61; 8-1:23.59,2,0
2,"N=9, d=189m (margin 1.00m), Fail 4@t=10",2052,189,4,2,True,0.6587970303942164,4-5,23.683976451598447,4.316023548401553,0-2:23.62; 2-3:23.62; 3-4:23.61; 4-5:23.68; 5-6:23.64; 6-7:23.63; 7-8:23.60; 8-1:23.59,3,0
2,"N=9, d=189m (margin 1.00m), Fail 4@t=10",2052,189,4,3,True,0.3830867941796656,4-5,23.675315989333296,4.324684010666704,0-2:23.63; 2-3:23.60; 3-4:23.65; 4-5:23.68; 5-6:23.63; 6-7:23.63; 7-8:23.56; 8-1:23.62,4,0
2,"N=9, d=189m (margin 1.00m), Fail 4@t=10",2052,189,4,4,True,0.4110900228352976,3-4,23.675403394255685,4.324596605744315,0-2:23.63; 2-3:23.60; 3-4:23.68; 4-5:23.64; 5-6:23.64; 6-7:23.60; 7-8:23.61; 8-1:23.59,5,0
2,"N=9, d=189m (margin 1.00m), Fail 4@t=10",2052,189,4,5,True,0.5137241990645185,0-2,23.64564363176996,4.3543563682300395,0-2:23.65; 2-3:23.64; 3-4:23.64; 4-5:23.63; 5-6:23.62; 6-7:23.64; 7-8:23.61; 8-1:23.58,6,0
2,"N=9, d=189m (margin 1.00m), Fail 4@t=10",2052,189,4,6,True,0.5618582731439679,0-2,23.69338797638641,4.306612023613589,0-2:23.69; 2-3:23.63; 3-4:23.60; 4-5:23.61; 5-6:23.63; 6-7:23.65; 7-8:23.60; 8-1:23.59,7,0
2,"N=9, d=189m (margin 1.00m), Fail 4@t=10",2052,189,4,7,True,0.6337788749862073,0-2,23.71889732669479,4.2811026733052095,0-2:23.72; 2-3:23.63; 3-4:23.58; 4-5:23.62; 5-6:23.65; 6-7:23.61; 7-8:23.61; 8-1:23.58,8,0
2,"N=9, d=189m (margin 1.00m), Fail 4@t=10",2052,189,4,8,True,0.6237353334062571,0-2,23.715609300607607,4.284390699392393,0-2:23.72; 2-3:23.61; 3-4:23.63; 4-5:23.61; 5-6:23.63; 6-7:23.57; 7-8:23.64; 8-1:23.59,9,0
2,"N=9, d=189m (margin 1.00m), Fail 4@t=10",2052,189,4,9,True,0.4465341491561016,2-3,23.679071204522508,4.320928795477492,0-2:23.67; 2-3:23.68; 3-4:23.63; 4-5:23.62; 5-6:23.59; 6-7:23.58; 7-8:23.62; 8-1:23.61,10,0
2,"N=9, d=189m (margin 1.00m), Fail 4@t=10",2052,189,4,10,False,0.5613001928251397,3-5,47.22208036072139,-19.222080360721392,0-2:23.67; 2-3:23.73; 3-5:47.22; 5-6:23.58; 6-7:23.59; 7-8:23.60; 8-1:23.60,10,0
2,"N=9, d=189m (margin 1.00m), Fail 4@t=10",2052,189,4,11,False,0.8054069300049633,3-5,47.15155647419077,-19.15155647419077,0-2:23.70; 2-3:23.77; 3-5:47.15; 5-6:23.62; 6-7:23.57; 7-8:23.61; 8-1:23.57,10,0
2,"N=9, d=189m (margin 1.00m), Fail 4@t=10",2052,189,4,12,False,0.9442853572776801,3-5,47.03631173585248,-19.03631173585248,0-2:23.77; 2-3:23.79; 3-5:47.04; 5-6:23.68; 6-7:23.57; 7-8:23.60; 8-1:23.55,10,0
2,"N=9, d=189m (margin 1.00m), Fail 4@t=10",2052,189,4,13,False,1.0474916868913293,3-5,46.88430674317657,-18.884306743176573,0-2:23.84; 2-3:23.82; 3-5:46.88; 5-6:23.74; 6-7:23.62; 7-8:23.52; 8-1:23.57,10,0
2,"N=9, d=189m (margin 1.00m), Fail 4@t=10",2052,189,4,14,False,1.1384207499754415,3-5,46.69722702001754,-18.697227020017543,0-2:23.91; 2-3:23.85; 3-5:46.70; 5-6:23.80; 6-7:23.68; 7-8:23.50; 8-1:23.56,10,0
2,"N=9, d=189m (margin 1.00m), Fail 4@t=10",2052,189,4,15,False,1.2121973355806952,3-5,46.475691093045754,-18.475691093045754,0-2:23.96; 2-3:23.92; 3-5:46.48; 5-6:23.86; 6-7:23.72; 7-8:23.53; 8-1:23.53,10,0
2,"N=9, d=189m (margin 1.00m), Fail 4@t=10",2052,189,4,16,False,1.286142272929434,3-5,46.222150744094165,-18.222150744094165,0-2:24.01; 2-3:24.00; 3-5:46.22; 5-6:23.91; 6-7:23.75; 7-8:23.60; 8-1:23.51,10,0
2,"N=9, d=189m (margin 1.00m), Fail 4@t=10",2052,189,4,17,False,1.4419474190295907,3-5,45.94626500365767,-17.946265003657672,0-2:24.07; 2-3:24.07; 3-5:45.95; 5-6:23.95; 6-7:23.78; 7-8:23.66; 8-1:23.52,10,0
2,"N=9, d=189m (margin 1.00m), Fail 4@t=10",2052,189,4,18,False,1.5820928451208274,3-5,45.650460688701266,-17.650460688701266,0-2:24.15; 2-3:24.13; 3-5:45.65; 5-6:23.99; 6-7:23.80; 7-8:23.71; 8-1:23.57,10,0
2,"N=9, d=189m (margin 1.00m), Fail 4@t=10",2052,189,4,19,False,1.685619665333501,3-5,45.33820647878194,-17.33820647878194,0-2:24.24; 2-3:24.18; 3-5:45.34; 5-6:24.02; 6-7:23.82; 7-8:23.77; 8-1:23.63,10,0
2,"N=9, d=189m (margin 1.00m), Fail 4@t=10",2052,189,4,20,False,1.74737926910445,3-5,45.014146299557765,-17.014146299557765,0-2:24.32; 2-3:24.26; 3-5:45.01; 5-6:24.04; 6-7:23.85; 7-8:23.82; 8-1:23.71,10,0
2,"N=9, d=189m (margin 1.00m), Fail 4@t=10",2052,189,4,21,False,1.7971805459803494,3-5,44.68027778111868,-16.680277781118683,0-2:24.38; 2-3:24.35; 3-5:44.68; 5-6:24.07; 6-7:23.89; 7-8:23.84; 8-1:23.79,10,0
2,"N=9, d=189m (margin 1.00m), Fail 4@t=10",2052,189,4,22,False,1.8444131696209356,3-5,44.33754712085772,-16.33754712085772,0-2:24.44; 2-3:24.45; 3-5:44.34; 5-6:24.09; 6-7:23.94; 7-8:23.87; 8-1:23.88,10,0
2,"N=9, d=189m (margin 1.00m), Fail 4@t=10",2052,189,4,23,False,1.8961419036319427,3-5,43.9845779512688,-15.984577951268797,0-2:24.52; 2-3:24.53; 3-5:43.98; 5-6:24.11; 6-7:24.00; 7-8:23.91; 8-1:23.95,10,0
2,"N=9, d=189m (margin 1.00m), Fail 4@t=10",2052,189,4,24,False,1.9425022646281387,3-5,43.6213716844324,-15.621371684432397,0-2:24.60; 2-3:24.62; 3-5:43.62; 5-6:24.14; 6-7:24.07; 7-8:23.95; 8-1:24.00,10,0
2,"N=9, d=189m (margin 1.00m), Fail 4@t=10",2052,189,4,25,False,1.956972608655679,3-5,43.25172122934487,-15.251721229344867,0-2:24.69; 2-3:24.70; 3-5:43.25; 5-6:24.16; 6-7:24.15; 7-8:24.02; 8-1:24.03,10,0
2,"N=9, d=189m (margin 1.00m), Fail 4@t=10",2052,189,4,26,False,1.9642129811330162,3-5,42.87714496912509,-14.87714496912509,0-2:24.78; 2-3:24.79; 3-5:42.88; 5-6:24.22; 6-7:24.16; 7-8:24.13; 8-1:24.04,10,0
2,"N=9, d=189m (margin 1.00m), Fail 4@t=10",2052,189,4,27,False,1.9726002767880673,3-5,42.498703495199976,-14.498703495199976,0-2:24.87; 2-3:24.88; 3-5:42.50; 5-6:24.27; 6-7:24.19; 7-8:24.22; 8-1:24.07,10,0
2,"N=9, d=189m (margin 1.00m), Fail 4@t=10",2052,189,4,28,False,1.9786990601620984,3-5,42.11766521382491,-14.117665213824907,0-2:24.97; 2-3:24.97; 3-5:42.12; 5-6:24.33; 6-7:24.24; 7-8:24.29; 8-1:24.09,10,0
2,"N=9, d=189m (margin 1.00m), Fail 4@t=10",2052,189,4,29,False,1.9777763585717794,3-5,41.73530471032358,-13.735304710323582,0-2:25.06; 2-3:25.06; 3-5:41.74; 5-6:24.39; 6-7:24.31; 7-8:24.34; 8-1:24.12,10,0
2,"N=9, d=189m (margin 1.00m), Fail 4@t=10",2052,189,4,30,False,1.9538668453948245,3-5,41.3544523090346,-13.354452309034599,0-2:25.15; 2-3:25.15; 3-5:41.35; 5-6:24.44; 6-7:24.39; 7-8:24.34; 8-1:24.17,10,0
2,"N=9, d=189m (margin 1.00m), Fail 4@t=10",2052,189,4,31,False,1.9268959861587303,3-5,40.97599897262876,-12.975998972628759,0-2:25.25; 2-3:25.24; 3-5:40.98; 5-6:24.51; 6-7:24.45; 7-8:24.32; 8-1:24.26,10,0
2,"N=9, d=189m (margin 1.00m), Fail 4@t=10",2052,189,4,32,False,1.9124091691973844,3-5,40.59912838271322,-12.599128382713218,0-2:25.34; 2-3:25.34; 3-5:40.60; 5-6:24.59; 6-7:24.49; 7-8:24.31; 8-1:24.34,10,0
2,"N=9, d=189m (margin 1.00m), Fail 4@t=10",2052,189,4,33,False,1.9252973962557092,3-5,40.22125303039426,-12.221253030394259,0-2:25.43; 2-3:25.43; 3-5:40.22; 5-6:24.67; 6-7:24.54; 7-8:24.30; 8-1:24.40,10,0
2,"N=9, d=189m (margin 1.00m), Fail 4@t=10",2052,189,4,34,False,1.934372343557032,3-5,39.84288896238694,-11.842888962386937,0-2:25.52; 2-3:25.53; 3-5:39.84; 5-6:24.75; 6-7:24.60; 7-8:24.31; 8-1:24.45,10,0
2,"N=9, d=189m (margin 1.00m), Fail 4@t=10",2052,189,4,35,False,1.94384290340829,3-5,39.46396997514781,-11.463969975147812,0-2:25.61; 2-3:25.62; 3-5:39.46; 5-6:24.80; 6-7:24.65; 7-8:24.36; 8-1:24.49,10,0
2,"N=9, d=189m (margin 1.00m), Fail 4@t=10",2052,189,4,36,False,1.9533699048582607,3-5,39.08449073527344,-11.084490735273441,0-2:25.70; 2-3:25.72; 3-5:39.08; 5-6:24.87; 6-7:24.68; 7-8:24.46; 8-1:24.49,10,0
2,"N=9, d=189m (margin 1.00m), Fail 4@t=10",2052,189,4,37,False,1.9670027050551764,3-5,38.704029030917305,-10.704029030917305,0-2:25.79; 2-3:25.82; 3-5:38.70; 5-6:24.95; 6-7:24.68; 7-8:24.58; 8-1:24.48,10,0
2,"N=9, d=189m (margin 1.00m), Fail 4@t=10",2052,189,4,38,False,1.976023980118851,3-5,38.322651059876705,-10.322651059876705,0-2:25.87; 2-3:25.91; 3-5:38.32; 5-6:25.04; 6-7:24.69; 7-8:24.69; 8-1:24.47,10,0
2,"N=9, d=189m (margin 1.00m), Fail 4@t=10",2052,189,4,39,False,1.9969278809369366,3-5,37.938816991881595,-9.938816991881595,0-2:25.96; 2-3:26.01; 3-5:37.94; 5-6:25.12; 6-7:24.71; 7-8:24.77; 8-1:24.49,10,0
2,"N=9, d=189m (margin 1.00m), Fail 4@t=10",2052,189,4,40,False,2.008598022856393,3-5,37.55326194815292,-9.553261948152922,0-2:26.05; 2-3:26.10; 3-5:37.55; 5-6:25.18; 6-7:24.77; 7-8:24.80; 8-1:24.54,10,0
2,"N=9, d=189m (margin 1.00m), Fail 4@t=10",2052,189,4,41,False,2.012624794369841,3-5,37.1666127641634,-9.166612764163403,0-2:26.14; 2-3:26.20; 3-5:37.17; 5-6:25.24; 6-7:24.85; 7-8:24.78; 8-1:24.63,10,0
2,"N=9, d=189m (margin 1.00m), Fail 4@t=10",2052,189,4,42,False,2.0034513686920716,3-5,36.780160569094015,-8.780160569094015,0-2:26.23; 2-3:26.29; 3-5:36.78; 5-6:25.30; 6-7:24.94; 7-8:24.74; 8-1:24.72,10,0
2,"N=9, d=189m (margin 1.00m), Fail 4@t=10",2052,189,4,43,False,2.003478494505038,3-5,36.392886099905255,-8.392886099905255,0-2:26.32; 2-3:26.39; 3-5:36.39; 5-6:25.36; 6-7:25.04; 7-8:24.71; 8-1:24.80,10,0
2,"N=9, d=189m (margin 1.00m), Fail 4@t=10",2052,189,4,44,False,2.007507477488604,3-5,36.004330197121895,-8.004330197121895,0-2:26.41; 2-3:26.49; 3-5:36.00; 5-6:25.41; 6-7:25.13; 7-8:24.70; 8-1:24.86,10,0
2,"N=9, d=189m (margin 1.00m), Fail 4@t=10",2052,189,4,45,False,2.011536472203406,3-5,35.61448987718229,-7.614489877182287,0-2:26.50; 2-3:26.59; 3-5:35.61; 5-6:25.45; 6-7:25.20; 7-8:24.73; 8-1:24.91,10,0
2,"N=9, d=189m (margin 1.00m), Fail 4@t=10",2052,189,4,46,False,2.0155654785790924,3-5,35.2234432541909,-7.223443254190897,0-2:26.59; 2-3:26.70; 3-5:35.22; 5-6:25.49; 6-7:25.27; 7-8:24.83; 8-1:24.91,10,0
2,"N=9, d=189m (margin 1.00m), Fail 4@t=10",2052,189,4,47,False,2.019594496545875,3-5,34.83125456851576,-6.83125456851576,0-2:26.67; 2-3:26.80; 3-5:34.83; 5-6:25.52; 6-7:25.33; 7-8:24.96; 8-1:24.90,10,0
2,"N=9, d=189m (margin 1.00m), Fail 4@t=10",2052,189,4,48,False,2.0236235260345206,3-5,34.43797148743115,-6.437971487431149,0-2:26.76; 2-3:26.90; 3-5:34.44; 5-6:25.56; 6-7:25.36; 7-8:25.10; 8-1:24.88,10,0
2,"N=9, d=189m (margin 1.00m), Fail 4@t=10",2052,189,4,49,False,2.027652566976345,3-5,34.04362657448186,-6.043626574481863,0-2:26.85; 2-3:27.01; 3-5:34.04; 5-6:25.61; 6-7:25.39; 7-8:25.23; 8-1:24.88,10,0
2,"N=9, d=189m (margin 1.00m), Fail 4@t=10",2052,189,4,50,False,2.0316816193032112,3-5,33.64824529528514,-5.648245295285143,0-2:26.94; 2-3:27.11; 3-5:33.65; 5-6:25.66; 6-7:25.41; 7-8:25.32; 8-1:24.91,10,0
2,"N=9, d=189m (margin 1.00m), Fail 4@t=10",2052,189,4,51,False,2.0357106829475184,3-5,33.251882065605244,-5.251882065605244,0-2:27.03; 2-3:27.21; 3-5:33.25; 5-6:25.71; 6-7:25.44; 7-8:25.38; 8-1:24.98,10,0
2,"N=9, d=189m (margin 1.00m), Fail 4@t=10",2052,189,4,52,False,2.039739757842202,3-5,32.854593493797,-4.8545934937969974,0-2:27.13; 2-3:27.31; 3-5:32.85; 5-6:25.76; 6-7:25.46; 7-8:25.41; 8-1:25.08,10,0
2,"N=9, d=189m (margin 1.00m), Fail 4@t=10",2052,189,4,53,False,2.0437688439207244,3-5,32.456421915255206,-4.456421915255206,0-2:27.23; 2-3:27.40; 3-5:32.46; 5-6:25.82; 6-7:25.50; 7-8:25.41; 8-1:25.19,10,0
2,"N=9, d=189m (margin 1.00m), Fail 4@t=10",2052,189,4,54,False,2.047797941117073,3-5,32.05739767442917,-4.057397674429168,0-2:27.33; 2-3:27.49; 3-5:32.06; 5-6:25.88; 6-7:25.56; 7-8:25.38; 8-1:25.31,10,0
2,"N=9, d=189m (margin 1.00m), Fail 4@t=10",2052,189,4,55,False,2.0518270493657518,3-5,31.657556183940443,-3.657556183940443,0-2:27.43; 2-3:27.58; 3-5:31.66; 5-6:25.93; 6-7:25.63; 7-8:25.36; 8-1:25.41,10,0
2,"N=9, d=189m (margin 1.00m), Fail 4@t=10",2052,189,4,56,False,2.0558561686017804,3-5,31.25692260570738,-3.2569226057073806,0-2:27.54; 2-3:27.67; 3-5:31.26; 5-6:25.98; 6-7:25.70; 7-8:25.37; 8-1:25.49,10,0
2,"N=9, d=189m (margin 1.00m), Fail 4@t=10",2052,189,4,57,False,2.0598852987606846,3-5,30.855520753790763,-2.8555207537907634,0-2:27.65; 2-3:27.76; 3-5:30.86; 5-6:26.01; 6-7:25.76; 7-8:25.41; 8-1:25.56,10,0
2,"N=9, d=189m (margin 1.00m), Fail 4@t=10",2052,189,4,58,False,2.063914439778494,3-5,30.45335243806941,-2.453352438069409,0-2:27.76; 2-3:27.84; 3-5:30.45; 5-6:26.05; 6-7:25.82; 7-8:25.49; 8-1:25.59,10,0
2,"N=9, d=189m (margin 1.00m), Fail 4@t=10",2052,189,4,59,False,2.0679435915917375,3-5,30.0504246925673,-2.050424692567301,0-2:27.87; 2-3:27.93; 3-5:30.05; 5-6:26.09; 6-7:25.86; 7-8:25.59; 8-1:25.61,10,0
2,"N=9, d=189m (margin 1.00m), Fail 4@t=10",2052,189,4,60,False,2.071972754137436,3-5,29.64676557197716,-1.6467655719771592,0-2:27.98; 2-3:28.02; 3-5:29.65; 5-6:26.14; 6-7:25.91; 7-8:25.70; 8-1:25.61,10,0
2,"N=9, d=189m (margin 1.00m), Fail 4@t=10",2052,189,4,61,False,2.0760019273531003,3-5,29.261149105519305,-1.261149105519305,0-2:28.08; 2-3:28.10; 3-5:29.26; 5-6:26.19; 6-7:25.97; 7-8:25.80; 8-1:25.61,10,0
2,"N=9, d=189m (margin 1.00m), Fail 4@t=10",2052,189,4,62,False,2.0800311111767247,3-5,28.889433795661596,-0.8894337956615956,0-2:28.16; 2-3:28.18; 3-5:28.89; 5-6:26.24; 6-7:26.02; 7-8:25.87; 8-1:25.64,10,0
2,"N=9, d=189m (margin 1.00m), Fail 4@t=10",2052,189,4,63,False,2.0840603055467835,3-5,28.53193432612564,-0.53193432612564,0-2:28.23; 2-3:28.26; 3-5:28.53; 5-6:26.29; 6-7:26.07; 7-8:25.92; 8-1:25.70,10,0
2,"N=9, d=189m (margin 1.00m), Fail 4@t=10",2052,189,4,64,False,2.0880895104022246,2-3,28.344892816018618,-0.34489281601861776,0-2:28.28; 2-3:28.34; 3-5:28.19; 5-6:26.34; 6-7:26.12; 7-8:25.95; 8-1:25.78,10,0
2,"N=9, d=189m (margin 1.00m), Fail 4@t=10",2052,189,4,65,False,2.092118725682467,2-3,28.415712547767942,-0.4157125477679422,0-2:28.32; 2-3:28.42; 3-5:27.87; 5-6:26.40; 6-7:26.17; 7-8:25.97; 8-1:25.87,10,0
2,"N=9, d=189m (margin 1.00m), Fail 4@t=10",2052,189,4,66,False,2.0413017147159636,2-3,28.472415173331903,-0.4724151733319033,0-2:28.34; 2-3:28.47; 3-5:27.59; 5-6:26.46; 6-7:26.23; 7-8:25.98; 8-1:25.94,10,0
2,"N=9, d=189m (margin 1.00m), Fail 4@t=10",2052,189,4,67,False,1.9950099923580038,2-3,28.51835241099864,-0.5183524109986415,0-2:28.35; 2-3:28.52; 3-5:27.34; 5-6:26.50; 6-7:26.28; 7-8:26.01; 8-1:26.01,10,0
2,"N=9, d=189m (margin 1.00m), Fail 4@t=10",2052,189,4,68,False,1.914247876703069,2-3,28.5470968960144,-0.5470968960143985,0-2:28.34; 2-3:28.55; 3-5:27.14; 5-6:26.54; 6-7:26.32; 7-8:26.06; 8-1:26.07,10,0
2,"N=9, d=189m (margin 1.00m), Fail 4@t=10",2052,189,4,69,False,1.7549373963151584,2-3,28.551006918123292,-0.5510069181232922,0-2:28.32; 2-3:28.55; 3-5:26.98; 5-6:26.57; 6-7:26.34; 7-8:26.14; 8-1:26.11,10,0
2,"N=9, d=189m (margin 1.00m), Fail 4@t=10",2052,189,4,70,False,1.634947773712908,2-3,28.527992854689888,-0.527992854689888,0-2:28.30; 2-3:28.53; 3-5:26.87; 5-6:26.58; 6-7:26.36; 7-8:26.24; 8-1:26.14,10,0
2,"N=9, d=189m (margin 1.00m), Fail 4@t=10",2052,189,4,71,False,1.683608436078707,2-3,28.48359903253257,-0.4835990325325703,0-2:28.26; 2-3:28.48; 3-5:26.80; 5-6:26.57; 6-7:26.40; 7-8:26.34; 8-1:26.16,10,0
2,"N=9, d=189m (margin 1.00m), Fail 4@t=10",2052,189,4,72,False,1.728208426345213,2-3,28.431716580039755,-0.43171658003975466,0-2:28.21; 2-3:28.43; 3-5:26.75; 5-6:26.58; 6-7:26.47; 7-8:26.40; 8-1:26.19,10,0
2,"N=9, d=189m (margin 1.00m), Fail 4@t=10",2052,189,4,73,False,1.7666109126087843,2-3,28.36998806285478,-0.36998806285478025,0-2:28.15; 2-3:28.37; 3-5:26.71; 5-6:26.58; 6-7:26.52; 7-8:26.44; 8-1:26.25,10,0
2,"N=9, d=189m (margin 1.00m), Fail 4@t=10",2052,189,4,74,False,1.790966948860922,2-3,28.299528056427693,-0.2995280564276932,0-2:28.09; 2-3:28.30; 3-5:26.68; 5-6:26.59; 6-7:26.56; 7-8:26.48; 8-1:26.32,10,0
2,"N=9, d=189m (margin 1.00m), Fail 4@t=10",2052,189,4,75,False,1.7909774204866566,2-3,28.22093188669355,-0.22093188669354902,0-2:28.03; 2-3:28.22; 3-5:26.66; 5-6:26.59; 6-7:26.61; 7-8:26.52; 8-1:26.41,10,0
2,"N=9, d=189m (margin 1.00m), Fail 4@t=10",2052,189,4,76,False,1.8297058067130267,2-3,28.13646728173044,-0.13646728173043954,0-2:27.97; 2-3:28.14; 3-5:26.65; 5-6:26.57; 6-7:26.66; 7-8:26.55; 8-1:26.49,10,0
2,"N=9, d=189m (margin 1.00m), Fail 4@t=10",2052,189,4,77,False,1.6683354712494567,2-3,28.018912389182784,-0.01891238918278404,0-2:27.93; 2-3:28.02; 3-5:26.66; 5-6:26.56; 6-7:26.70; 7-8:26.60; 8-1:26.56,10,0
2,"N=9, d=189m (margin 1.00m), Fail 4@t=10",2052,189,4,78,True,1.551553822966002,0-2,27.91567578589507,0.08432421410493163,0-2:27.92; 2-3:27.88; 3-5:26.68; 5-6:26.56; 6-7:26.72; 7-8:26.64; 8-1:26.63,10,0
2,"N=9, d=189m (margin 1.00m), Fail 4@t=10",2052,189,4,79,True,1.5961297710681892,0-2,27.877664622710913,0.12233537728908672,0-2:27.88; 2-3:27.76; 3-5:26.72; 5-6:26.58; 6-7:26.70; 7-8:26.69; 8-1:26.71,11,0
2,"N=9, d=189m (margin 1.00m), Fail 4@t=10",2052,189,4,80,True,1.5559113091367671,0-2,27.82054913450873,0.17945086549126898,0-2:27.82; 2-3:27.66; 3-5:26.75; 5-6:26.62; 6-7:26.67; 7-8:26.74; 8-1:26.77,12,0
2,"N=9, d=189m (margin 1.00m), Fail 4@t=10",2052,189,4,81,True,1.5056741560488769,0-2,27.745444107222337,0.2545558927776632,0-2:27.75; 2-3:27.58; 3-5:26.77; 5-6:26.65; 6-7:26.67; 7-8:26.79; 8-1:26.82,13,0
2,"N=9, d=189m (margin 1.00m), Fail 4@t=10",2052,189,4,82,True,1.470360899568293,0-2,27.65136032169826,0.3486396783017405,0-2:27.65; 2-3:27.53; 3-5:26.79; 5-6:26.68; 6-7:26.69; 7-8:26.83; 8-1:26.85,14,0
2,"N=9, d=189m (margin 1.00m), Fail 4@t=10",2052,189,4,83,True,1.493038031483229,0-2,27.547803968450236,0.4521960315497644,0-2:27.55; 2-3:27.50; 3-5:26.80; 5-6:26.70; 6-7:26.72; 7-8:26.86; 8-1:26.87,15,0
2,"N=9, d=189m (margin 1.00m), Fail 4@t=10",2052,189,4,84,True,1.514859860831575,2-3,27.474060967902155,0.5259390320978454,0-2:27.44; 2-3:27.47; 3-5:26.81; 5-6:26.74; 6-7:26.77; 7-8:26.88; 8-1:26.91,16,0
2,"N=9, d=189m (margin 1.00m), Fail 4@t=10",2052,189,4,85,True,1.519835931008525,2-3,27.44526689637998,0.5547331036200198,0-2:27.34; 2-3:27.45; 3-5:26.81; 5-6:26.78; 6-7:26.82; 7-8:26.90; 8-1:26.93,17,0
2,"N=9, d=189m (margin 1.00m), Fail 4@t=10",2052,189,4,86,True,1.5237372217886767,2-3,27.413964436057867,0.5860355639421329,0-2:27.24; 2-3:27.41; 3-5:26.81; 5-6:26.82; 6-7:26.87; 7-8:26.92; 8-1:26.94,18,0
2,"N=9, d=189m (margin 1.00m), Fail 4@t=10",2052,189,4,87,True,1.5287331438465246,2-3,27.377096400055578,0.6229035999444221,0-2:27.14; 2-3:27.38; 3-5:26.81; 5-6:26.88; 6-7:26.92; 7-8:26.94; 8-1:26.94,19,0
2,"N=9, d=189m (margin 1.00m), Fail 4@t=10",2052,189,4,88,True,1.5522000773682045,2-3,27.324721786389443,0.6752782136105573,0-2:27.06; 2-3:27.32; 3-5:26.83; 5-6:26.92; 6-7:26.96; 7-8:26.95; 8-1:26.96,20,0
2,"N=9, d=189m (margin 1.00m), Fail 4@t=10",2052,189,4,89,True,1.5315314426984101,2-3,27.259135444287683,0.7408645557123172,0-2:27.00; 2-3:27.26; 3-5:26.85; 5-6:26.96; 6-7:26.98; 7-8:26.97; 8-1:26.99,21,0
2,"N=9, d=189m (margin 1.00m), Fail 4@t=10",2052,189,4,90,True,1.3953225525913844,2-3,27.181522941971565,0.8184770580284351,0-2:26.95; 2-3:27.18; 3-5:26.89; 5-6:26.99; 6-7:27.01; 7-8:26.98; 8-1:27.01,22,0
2,"N=9, d=189m (margin 1.00m), Fail 4@t=10",2052,189,4,91,True,1.3547047660963873,2-3,27.094866406636545,0.9051335933634554,0-2:26.91; 2-3:27.09; 3-5:26.93; 5-6:27.01; 6-7:27.03; 7-8:26.99; 8-1:27.04,23,0
2,"N=9, d=189m (margin 1.00m), Fail 4@t=10",2052,189,4,92,True,1.3780652708573995,6-7,27.059299316534076,0.9407006834659235,0-2:26.87; 2-3:27.00; 3-5:26.98; 5-6:27.03; 6-7:27.06; 7-8:27.01; 8-1:27.05,24,0
2,"N=9, d=189m (margin 1.00m), Fail 4@t=10",2052,189,4,93,True,1.3512508791557707,6-7,27.092878103125273,0.9071218968747274,0-2:26.83; 2-3:26.91; 3-5:27.03; 5-6:27.03; 6-7:27.09; 7-8:27.03; 8-1:27.08,25,0
2,"N=9, d=189m (margin 1.00m), Fail 4@t=10",2052,189,4,94,True,1.2952119006429896,6-7,27.127281608341633,0.872718391658367,0-2:26.79; 2-3:26.82; 3-5:27.06; 5-6:27.04; 6-7:27.13; 7-8:27.06; 8-1:27.11,26,0
2,"N=9, d=189m (margin 1.00m), Fail 4@t=10",2052,189,4,95,True,1.0833746282127317,6-7,27.158563854336897,0.8414361456631028,0-2:26.74; 2-3:26.78; 3-5:27.06; 5-6:27.05; 6-7:27.16; 7-8:27.10; 8-1:27.13,27,0
2,"N=9, d=189m (margin 1.00m), Fail 4@t=10",2052,189,4,96,True,1.151350992883868,6-7,27.17769493574515,0.8223050642548486,0-2:26.68; 2-3:26.76; 3-5:27.01; 5-6:27.08; 6-7:27.18; 7-8:27.14; 8-1:27.15,28,0
2,"N=9, d=189m (margin 1.00m), Fail 4@t=10",2052,189,4,97,True,1.0491227145041295,6-7,27.19150436852564,0.8084956314743614,0-2:26.64; 2-3:26.77; 3-5:26.95; 5-6:27.10; 6-7:27.19; 7-8:27.18; 8-1:27.19,29,0
2,"N=9, d=189m (margin 1.00m), Fail 4@t=10",2052,189,4,98,True,0.9241318085713656,8-1,27.22179873371537,0.7782012662846292,0-2:26.59; 2-3:26.78; 3-5:26.89; 5-6:27.10; 6-7:27.21; 7-8:27.22; 8-1:27.22,30,0
2,"N=9, d=189m (margin 1.00m), Fail 4@t=10",2052,189,4,99,True,0.9395429282515811,8-1,27.258039777715275,0.7419602222847246,0-2:26.56; 2-3:26.78; 3-5:26.85; 5-6:27.08; 6-7:27.22; 7-8:27.26; 8-1:27.26,31,0
2,"N=9, d=189m (margin 1.00m), Fail 4@t=10",2052,189,4,100,True,0.7534978591551759,8-1,27.294647354287147,0.7053526457128534,0-2:26.53; 2-3:26.79; 3-5:26.83; 5-6:27.04; 6-7:27.22; 7-8:27.29; 8-1:27.29,32,0
2,"N=9, d=189m (margin 1.00m), Fail 4@t=10",2052,189,4,101,True,0.6135080424082798,8-1,27.330955820338037,0.6690441796619631,0-2:26.50; 2-3:26.80; 3-5:26.85; 5-6:27.00; 6-7:27.21; 7-8:27.32; 8-1:27.33,33,0
2,"N=9, d=189m (margin 1.00m), Fail 4@t=10",2052,189,4,102,True,0.5709472799225276,8-1,27.366485366688135,0.6335146333118651,0-2:26.46; 2-3:26.82; 3-5:26.86; 5-6:26.98; 6-7:27.19; 7-8:27.34; 8-1:27.37,34,0
2,"N=9, d=189m (margin 1.00m), Fail 4@t=10",2052,189,4,103,True,0.5370114561451641,8-1,27.400906184626127,0.5990938153738732,0-2:26.43; 2-3:26.83; 3-5:26.87; 5-6:26.97; 6-7:27.17; 7-8:27.33; 8-1:27.40,35,0
2,"N=9, d=189m (margin 1.00m), Fail 4@t=10",2052,189,4,104,True,0.45234564157929574,8-1,27.434019193152594,0.5659808068474064,0-2:26.40; 2-3:26.85; 3-5:26.89; 5-6:26.97; 6-7:27.16; 7-8:27.31; 8-1:27.43,36,0
2,"N=9, d=189m (margin 1.00m), Fail 4@t=10",2052,189,4,105,True,0.44213875866962066,8-1,27.46573055887853,0.5342694411214701,0-2:26.36; 2-3:26.86; 3-5:26.90; 5-6:26.97; 6-7:27.15; 7-8:27.30; 8-1:27.47,37,0
2,"N=9, d=189m (margin 1.00m), Fail 4@t=10",2052,189,4,106,True,0.4317233820422128,8-1,27.49597884321639,0.5040211567836117,0-2:26.33; 2-3:26.87; 3-5:26.91; 5-6:26.97; 6-7:27.14; 7-8:27.29; 8-1:27.50,38,0
2,"N=9, d=189m (margin 1.00m), Fail 4@t=10",2052,189,4,107,True,0.4214303695674115,8-1,27.524743940647525,0.47525605935247484,0-2:26.29; 2-3:26.89; 3-5:26.93; 5-6:26.97; 6-7:27.13; 7-8:27.28; 8-1:27.52,39,0
2,"N=9, d=189m (margin 1.00m), Fail 4@t=10",2052,189,4,108,True,0.4205144414645022,8-1,27.55203480426126,0.44796519573873894,0-2:26.26; 2-3:26.90; 3-5:26.94; 5-6:26.97; 6-7:27.12; 7-8:27.27; 8-1:27.55,40,0
2,"N=9, d=189m (margin 1.00m), Fail 4@t=10",2052,189,4,109,True,0.424120726791888,8-1,27.577880455480035,0.4221195445199655,0-2:26.22; 2-3:26.92; 3-5:26.96; 5-6:26.97; 6-7:27.11; 7-8:27.26; 8-1:27.58,41,0
2,"N=9, d=189m (margin 1.00m), Fail 4@t=10",2052,189,4,110,True,0.42773461271229224,8-1,27.60232341914671,0.3976765808532896,0-2:26.19; 2-3:26.93; 3-5:26.97; 5-6:26.97; 6-7:27.10; 7-8:27.26; 8-1:27.60,42,0
2,"N=9, d=189m (margin 1.00m), Fail 4@t=10",2052,189,4,111,True,0.43135590819318576,8-1,27.625414948067046,0.37458505193295366,0-2:26.15; 2-3:26.94; 3-5:26.98; 5-6:26.97; 6-7:27.09; 7-8:27.26; 8-1:27.63,43,0
2,"N=9, d=189m (margin 1.00m), Fail 4@t=10",2052,189,4,112,True,0.4349844281782739,8-1,27.64721080220972,0.35278919779027973,0-2:26.11; 2-3:26.96; 3-5:27.00; 5-6:26.97; 6-7:27.08; 7-8:27.26; 8-1:27.65,44,0
2,"N=9, d=189m (margin 1.00m), Fail 4@t=10",2052,189,4,113,True,0.43860565134058416,8-1,27.667691159172506,0.3323088408274941,0-2:26.07; 2-3:26.97; 3-5:27.01; 5-6:26.97; 6-7:27.07; 7-8:27.26; 8-1:27.67,45,0
2,"N=9, d=189m (margin 1.00m), Fail 4@t=10",2052,189,4,114,True,0.4422480547147409,8-1,27.684584417740496,0.3154155822595044,0-2:26.04; 2-3:26.98; 3-5:27.03; 5-6:26.97; 6-7:27.06; 7-8:27.26; 8-1:27.68,46,0
2,"N=9, d=189m (margin 1.00m), Fail 4@t=10",2052,189,4,115,True,0.4458971644111564,8-1,27.698948213178408,0.30105178682159206,0-2:26.00; 2-3:27.00; 3-5:27.04; 5-6:26.96; 6-7:27.05; 7-8:27.27; 8-1:27.70,47,0
2,"N=9, d=189m (margin 1.00m), Fail 4@t=10",2052,189,4,116,True,0.5191063413762289,8-1,27.707357992856192,0.29264200714380806,0-2:25.96; 2-3:27.01; 3-5:27.05; 5-6:26.97; 6-7:27.06; 7-8:27.26; 8-1:27.71,48,0
2,"N=9, d=189m (margin 1.00m), Fail 4@t=10",2052,189,4,117,True,0.7391115637765807,8-1,27.702446276788084,0.29755372321191587,0-2:25.92; 2-3:27.03; 3-5:27.07; 5-6:26.97; 6-7:27.09; 7-8:27.24; 8-1:27.70,49,0
2,"N=9, d=189m (margin 1.00m), Fail 4@t=10",2052,189,4,118,True,0.7682245206119244,8-1,27.69045955118082,0.3095404488191811,0-2:25.88; 2-3:27.04; 3-5:27.08; 5-6:26.99; 6-7:27.11; 7-8:27.23; 8-1:27.69,50,0
2,"N=9, d=189m (margin 1.00m), Fail 4@t=10",2052,189,4,119,True,0.5127882869349599,8-1,27.673923378061993,0.32607662193800735,0-2:25.84; 2-3:27.05; 3-5:27.10; 5-6:27.01; 6-7:27.13; 7-8:27.21; 8-1:27.67,51,0
2,"N=9, d=189m (margin 1.00m), Fail 4@t=10",2052,189,4,120,True,0.5108365231934482,8-1,27.658482540694763,0.341517459305237,0-2:25.80; 2-3:27.07; 3-5:27.11; 5-6:27.04; 6-7:27.15; 7-8:27.20; 8-1:27.66,52,0
2,"N=9, d=189m (margin 1.00m), Fail 4@t=10",2052,189,4,121,True,0.5089092251946896,8-1,27.65127815465938,0.34872184534062,0-2:25.76; 2-3:27.08; 3-5:27.12; 5-6:27.06; 6-7:27.17; 7-8:27.18; 8-1:27.65,53,0
2,"N=9, d=189m (margin 1.00m), Fail 4@t=10",2052,189,4,122,True,0.6058402886040934,8-1,27.647382594178335,0.3526174058216647,0-2:25.72; 2-3:27.10; 3-5:27.14; 5-6:27.08; 6-7:27.18; 7-8:27.16; 8-1:27.65,54,0
2,"N=9, d=189m (margin 1.00m), Fail 4@t=10",2052,189,4,123,True,0.7082183728970154,8-1,27.644887016327043,0.3551129836729565,0-2:25.68; 2-3:27.11; 3-5:27.15; 5-6:27.11; 6-7:27.20; 7-8:27.14; 8-1:27.64,55,0
2,"N=9, d=189m (margin 1.00m), Fail 4@t=10",2052,189,4,124,True,0.7679757380395162,8-1,27.633765642148305,0.36623435785169534,0-2:25.64; 2-3:27.12; 3-5:27.17; 5-6:27.13; 6-7:27.21; 7-8:27.12; 8-1:27.63,56,0
2,"N=9, d=189m (margin 1.00m), Fail 4@t=10",2052,189,4,125,True,0.7156614876884115,8-1,27.61139869802919,0.3886013019708088,0-2:25.60; 2-3:27.14; 3-5:27.18; 5-6:27.16; 6-7:27.23; 7-8:27.12; 8-1:27.61,57,0
2,"N=9, d=189m (margin 1.00m), Fail 4@t=10",2052,189,4,126,True,0.543652449245018,8-1,27.579759702110632,0.420240297889368,0-2:25.56; 2-3:27.15; 3-5:27.19; 5-6:27.18; 6-7:27.25; 7-8:27.13; 8-1:27.58,58,0
2,"N=9, d=189m (margin 1.00m), Fail 4@t=10",2052,189,4,127,True,0.49000076645145296,8-1,27.550005057841847,0.4499949421581526,0-2:25.51; 2-3:27.17; 3-5:27.21; 5-6:27.21; 6-7:27.27; 7-8:27.13; 8-1:27.55,59,0
2,"N=9, d=189m (margin 1.00m), Fail 4@t=10",2052,189,4,128,True,0.48349126050245156,8-1,27.53055001462631,0.4694499853736893,0-2:25.47; 2-3:27.18; 3-5:27.22; 5-6:27.23; 6-7:27.28; 7-8:27.13; 8-1:27.53,60,0
2,"N=9, d=189m (margin 1.00m), Fail 4@t=10",2052,189,4,129,True,0.4640311836243064,8-1,27.513260717816276,0.48673928218372353,0-2:25.43; 2-3:27.19; 3-5:27.24; 5-6:27.25; 6-7:27.30; 7-8:27.12; 8-1:27.51,61,0
2,"N=9, d=189m (margin 1.00m), Fail 4@t=10",2052,189,4,130,True,0.5646063335773956,8-1,27.501390788115998,0.498609211884002,0-2:25.39; 2-3:27.20; 3-5:27.25; 5-6:27.28; 6-7:27.32; 7-8:27.10; 8-1:27.50,62,0
2,"N=9, d=189m (margin 1.00m), Fail 4@t=10",2052,189,4,131,True,0.9422841239154778,8-1,27.494069466245683,0.5059305337543165,0-2:25.35; 2-3:27.21; 3-5:27.27; 5-6:27.30; 6-7:27.33; 7-8:27.08; 8-1:27.49,63,0
2,"N=9, d=189m (margin 1.00m), Fail 4@t=10",2052,189,4,132,True,0.7481604081179919,8-1,27.486027932170426,0.5139720678295738,0-2:25.32; 2-3:27.21; 3-5:27.28; 5-6:27.33; 6-7:27.35; 7-8:27.07; 8-1:27.49,64,0
2,"N=9, d=189m (margin 1.00m), Fail 4@t=10",2052,189,4,133,True,0.4973819884205326,8-1,27.477518537047487,0.5224814629525127,0-2:25.29; 2-3:27.21; 3-5:27.29; 5-6:27.35; 6-7:27.37; 7-8:27.05; 8-1:27.48,65,0
2,"N=9, d=189m (margin 1.00m), Fail 4@t=10",2052,189,4,134,True,0.37330523255511183,8-1,27.45043947275547,0.5495605272445303,0-2:25.26; 2-3:27.20; 3-5:27.31; 5-6:27.37; 6-7:27.39; 7-8:27.05; 8-1:27.45,66,0
2,"N=9, d=189m (margin 1.00m), Fail 4@t=10",2052,189,4,135,True,0.3481518048184953,8-1,27.424408612567635,0.5755913874323646,0-2:25.24; 2-3:27.19; 3-5:27.32; 5-6:27.40; 6-7:27.40; 7-8:27.06; 8-1:27.42,67,0
2,"N=9, d=189m (margin 1.00m), Fail 4@t=10",2052,189,4,136,True,0.35195578796635574,5-6,27.42352168195034,0.5764783180496593,0-2:25.22; 2-3:27.18; 3-5:27.34; 5-6:27.42; 6-7:27.42; 7-8:27.06; 8-1:27.40,68,0
2,"N=9, d=189m (margin 1.00m), Fail 4@t=10",2052,189,4,137,True,0.3558600416681888,5-6,27.44780660218321,0.5521933978167901,0-2:25.21; 2-3:27.15; 3-5:27.35; 5-6:27.45; 6-7:27.44; 7-8:27.06; 8-1:27.37,69,0
2,"N=9, d=189m (margin 1.00m), Fail 4@t=10",2052,189,4,138,True,0.49839328237223046,5-6,27.47209824411727,0.5279017558827306,0-2:25.21; 2-3:27.11; 3-5:27.36; 5-6:27.47; 6-7:27.46; 7-8:27.07; 8-1:27.35,70,0
2,"N=9, d=189m (margin 1.00m), Fail 4@t=10",2052,189,4,139,True,0.6291952050691774,5-6,27.49639659085338,0.5036034091466206,0-2:25.24; 2-3:27.07; 3-5:27.36; 5-6:27.50; 6-7:27.48; 7-8:27.07; 8-1:27.32,71,0
2,"N=9, d=189m (margin 1.00m), Fail 4@t=10",2052,189,4,140,True,0.7478282128760607,5-6,27.520701623469574,0.4792983765304264,0-2:25.27; 2-3:27.02; 3-5:27.36; 5-6:27.52; 6-7:27.49; 7-8:27.07; 8-1:27.30,72,0
2,"N=9, d=189m (margin 1.00m), Fail 4@t=10",2052,189,4,141,True,0.8300933701343809,5-6,27.544944758244817,0.45505524175518275,0-2:25.31; 2-3:26.96; 3-5:27.35; 5-6:27.54; 6-7:27.51; 7-8:27.07; 8-1:27.28,73,0
2,"N=9, d=189m (margin 1.00m), Fail 4@t=10",2052,189,4,142,True,0.8939201929184768,5-6,27.568774848046864,0.4312251519531358,0-2:25.37; 2-3:26.89; 3-5:27.34; 5-6:27.57; 6-7:27.53; 7-8:27.08; 8-1:27.26,74,0
2,"N=9, d=189m (margin 1.00m), Fail 4@t=10",2052,189,4,143,True,0.9584390884615588,5-6,27.59195333268213,0.4080466673178691,0-2:25.43; 2-3:26.82; 3-5:27.33; 5-6:27.59; 6-7:27.55; 7-8:27.08; 8-1:27.23,75,0
2,"N=9, d=189m (margin 1.00m), Fail 4@t=10",2052,189,4,144,True,1.0258394046108645,5-6,27.614323830577113,0.3856761694228865,0-2:25.50; 2-3:26.73; 3-5:27.32; 5-6:27.61; 6-7:27.57; 7-8:27.08; 8-1:27.21,76,0
2,"N=9, d=189m (margin 1.00m), Fail 4@t=10",2052,189,4,145,True,1.0785422185754165,5-6,27.635789602228133,0.3642103977718669,0-2:25.59; 2-3:26.64; 3-5:27.30; 5-6:27.64; 6-7:27.59; 7-8:27.08; 8-1:27.19,77,0
2,"N=9, d=189m (margin 1.00m), Fail 4@t=10",2052,189,4,146,True,1.115753437628477,5-6,27.65629713564157,0.34370286435843056,0-2:25.69; 2-3:26.55; 3-5:27.28; 5-6:27.66; 6-7:27.61; 7-8:27.09; 8-1:27.17,78,0
2,"N=9, d=189m (margin 1.00m), Fail 4@t=10",2052,189,4,147,True,1.1059904092899602,5-6,27.675822682934665,0.3241773170653346,0-2:25.80; 2-3:26.46; 3-5:27.24; 5-6:27.68; 6-7:27.63; 7-8:27.09; 8-1:27.15,79,0
2,"N=9, d=189m (margin 1.00m), Fail 4@t=10",2052,189,4,148,True,1.0787710987187342,5-6,27.69436693353773,0.3056330664622706,0-2:25.90; 2-3:26.39; 3-5:27.18; 5-6:27.69; 6-7:27.65; 7-8:27.09; 8-1:27.13,80,0
2,"N=9, d=189m (margin 1.00m), Fail 4@t=10",2052,189,4,149,True,1.0924150932057193,5-6,27.7119443271806,0.28805567281940014,0-2:26.01; 2-3:26.34; 3-5:27.11; 5-6:27.71; 6-7:27.66; 7-8:27.10; 8-1:27.11,81,0
2,"N=9, d=189m (margin 1.00m), Fail 4@t=10",2052,189,4,150,True,1.1561325410672842,5-6,27.728579856192162,0.27142014380783763,0-2:26.12; 2-3:26.29; 3-5:27.03; 5-6:27.73; 6-7:27.68; 7-8:27.10; 8-1:27.09,82,0
2,"N=9, d=189m (margin 1.00m), Fail 4@t=10",2052,189,4,151,True,1.2324370005340748,5-6,27.743783471709484,0.25621652829051555,0-2:26.22; 2-3:26.26; 3-5:26.94; 5-6:27.74; 6-7:27.70; 7-8:27.11; 8-1:27.07,83,0
2,"N=9, d=189m (margin 1.00m), Fail 4@t=10",2052,189,4,152,True,1.2250511326499847,5-6,27.75494427727519,0.24505572272481047,0-2:26.32; 2-3:26.24; 3-5:26.85; 5-6:27.75; 6-7:27.72; 7-8:27.11; 8-1:27.05,84,0
2,"N=9, d=189m (margin 1.00m), Fail 4@t=10",2052,189,4,153,True,1.1197858079769443,5-6,27.765115232500943,0.2348847674990573,0-2:26.41; 2-3:26.23; 3-5:26.75; 5-6:27.77; 6-7:27.73; 7-8:27.12; 8-1:27.03,85,0
2,"N=9, d=189m (margin 1.00m), Fail 4@t=10",2052,189,4,154,True,0.9413420585066656,5-6,27.763620744496684,0.23637925550331573,0-2:26.50; 2-3:26.24; 3-5:26.65; 5-6:27.76; 6-7:27.75; 7-8:27.12; 8-1:27.02,86,0
2,"N=9, d=189m (margin 1.00m), Fail 4@t=10",2052,189,4,155,True,0.9434448241155406,6-7,27.74826479993136,0.2517352000686408,0-2:26.56; 2-3:26.27; 3-5:26.57; 5-6:27.74; 6-7:27.75; 7-8:27.13; 8-1:27.02,87,0
2,"N=9, d=189m (margin 1.00m), Fail 4@t=10",2052,189,4,156,True,0.9050223479389681,6-7,27.731655532936912,0.2683444670630877,0-2:26.60; 2-3:26.32; 3-5:26.52; 5-6:27.70; 6-7:27.73; 7-8:27.14; 8-1:27.03,88,0
2,"N=9, d=189m (margin 1.00m), Fail 4@t=10",2052,189,4,157,True,0.8876985740077211,6-7,27.71460608938226,0.28539391061773856,0-2:26.62; 2-3:26.38; 3-5:26.48; 5-6:27.65; 6-7:27.71; 7-8:27.15; 8-1:27.04,89,0
2,"N=9, d=189m (margin 1.00m), Fail 4@t=10",2052,189,4,158,True,1.0119226767426823,6-7,27.687462415116478,0.3125375848835219,0-2:26.61; 2-3:26.45; 3-5:26.47; 5-6:27.59; 6-7:27.69; 7-8:27.17; 8-1:27.05,90,0
2,"N=9, d=189m (margin 1.00m), Fail 4@t=10",2052,189,4,159,True,1.1136661841020057,6-7,27.652452527997532,0.3475474720024678,0-2:26.59; 2-3:26.52; 3-5:26.48; 5-6:27.51; 6-7:27.65; 7-8:27.20; 8-1:27.08,91,0
2,"N=9, d=189m (margin 1.00m), Fail 4@t=10",2052,189,4,160,True,1.2004314422439115,6-7,27.61911872094027,0.3808812790597287,0-2:26.56; 2-3:26.59; 3-5:26.50; 5-6:27.42; 6-7:27.62; 7-8:27.23; 8-1:27.11,92,0
2,"N=9, d=189m (margin 1.00m), Fail 4@t=10",2052,189,4,161,True,1.2621322334799634,6-7,27.59508521416629,0.40491478583371077,0-2:26.52; 2-3:26.66; 3-5:26.54; 5-6:27.31; 6-7:27.60; 7-8:27.26; 8-1:27.14,93,0
2,"N=9, d=189m (margin 1.00m), Fail 4@t=10",2052,189,4,162,True,1.262581776789553,6-7,27.570039106485414,0.4299608935145862,0-2:26.49; 2-3:26.72; 3-5:26.58; 5-6:27.19; 6-7:27.57; 7-8:27.30; 8-1:27.18,94,0
2,"N=9, d=189m (margin 1.00m), Fail 4@t=10",2052,189,4,163,True,1.135812633088623,6-7,27.54221419981815,0.4577858001818491,0-2:26.49; 2-3:26.73; 3-5:26.64; 5-6:27.08; 6-7:27.54; 7-8:27.33; 8-1:27.22,95,0
2,"N=9, d=189m (margin 1.00m), Fail 4@t=10",2052,189,4,164,True,1.0263362380307324,6-7,27.509027381861674,0.4909726181383256,0-2:26.49; 2-3:26.72; 3-5:26.70; 5-6:26.98; 6-7:27.51; 7-8:27.37; 8-1:27.26,96,0
2,"N=9, d=189m (margin 1.00m), Fail 4@t=10",2052,189,4,165,True,0.8802040415655659,6-7,27.457505256753667,0.5424947432463334,0-2:26.52; 2-3:26.69; 3-5:26.76; 5-6:26.91; 6-7:27.46; 7-8:27.40; 8-1:27.29,97,0
2,"N=9, d=189m (margin 1.00m), Fail 4@t=10",2052,189,4,166,True,0.805034198279969,7-8,27.42354162047052,0.5764583795294804,0-2:26.56; 2-3:26.64; 3-5:26.82; 5-6:26.85; 6-7:27.39; 7-8:27.42; 8-1:27.33,98,0
2,"N=9, d=189m (margin 1.00m), Fail 4@t=10",2052,189,4,167,True,0.8709160410359275,7-8,27.44049486421108,0.5595051357889211,0-2:26.58; 2-3:26.63; 3-5:26.86; 5-6:26.81; 6-7:27.32; 7-8:27.44; 8-1:27.37,99,0
2,"N=9, d=189m (margin 1.00m), Fail 4@t=10",2052,189,4,168,True,0.8659683703424114,7-8,27.44403277756464,0.5559672224353598,0-2:26.60; 2-3:26.65; 3-5:26.89; 5-6:26.80; 6-7:27.23; 7-8:27.44; 8-1:27.40,100,0
2,"N=9, d=189m (margin 1.00m), Fail 4@t=10",2052,189,4,169,True,0.8992444960678866,8-1,27.437045897087504,0.5629541029124958,0-2:26.61; 2-3:26.68; 3-5:26.91; 5-6:26.80; 6-7:27.15; 7-8:27.42; 8-1:27.44,101,0
2,"N=9, d=189m (margin 1.00m), Fail 4@t=10",2052,189,4,170,True,1.1749702362111485,8-1,27.469105142302364,0.5308948576976356,0-2:26.62; 2-3:26.72; 3-5:26.91; 5-6:26.82; 6-7:27.09; 7-8:27.38; 8-1:27.47,102,0
2,"N=9, d=189m (margin 1.00m), Fail 4@t=10",2052,189,4,171,True,1.0492175769744438,8-1,27.499430874964663,0.5005691250353372,0-2:26.63; 2-3:26.77; 3-5:26.89; 5-6:26.86; 6-7:27.04; 7-8:27.33; 8-1:27.50,103,0
2,"N=9, d=189m (margin 1.00m), Fail 4@t=10",2052,189,4,172,True,0.8996197906402277,8-1,27.528096066037254,0.47190393396274644,0-2:26.64; 2-3:26.81; 3-5:26.87; 5-6:26.90; 6-7:26.99; 7-8:27.27; 8-1:27.53,104,0
2,"N=9, d=189m (margin 1.00m), Fail 4@t=10",2052,189,4,173,True,0.840654171639055,8-1,27.555198646847522,0.44480135315247793,0-2:26.67; 2-3:26.85; 3-5:26.84; 5-6:26.94; 6-7:26.95; 7-8:27.21; 8-1:27.56,105,0
2,"N=9, d=189m (margin 1.00m), Fail 4@t=10",2052,189,4,174,True,0.7807415892935625,8-1,27.571295905197882,0.4287040948021179,0-2:26.70; 2-3:26.87; 3-5:26.82; 5-6:26.98; 6-7:26.91; 7-8:27.15; 8-1:27.57,106,0
2,"N=9, d=189m (margin 1.00m), Fail 4@t=10",2052,189,4,175,True,0.6918397242390518,8-1,27.56654013543548,0.4334598645645187,0-2:26.74; 2-3:26.87; 3-5:26.83; 5-6:26.99; 6-7:26.88; 7-8:27.12; 8-1:27.57,107,0
2,"N=9, d=189m (margin 1.00m), Fail 4@t=10",2052,189,4,176,True,0.6794005042315325,8-1,27.546552100129652,0.4534478998703477,0-2:26.79; 2-3:26.87; 3-5:26.84; 5-6:27.00; 6-7:26.88; 7-8:27.09; 8-1:27.55,108,0
2,"N=9, d=189m (margin 1.00m), Fail 4@t=10",2052,189,4,177,True,0.675806177768636,8-1,27.526965978079836,0.47303402192016364,0-2:26.84; 2-3:26.86; 3-5:26.85; 5-6:27.00; 6-7:26.87; 7-8:27.06; 8-1:27.53,109,0
2,"N=9, d=189m (margin 1.00m), Fail 4@t=10",2052,189,4,178,True,0.6722185990594001,8-1,27.507781381641447,0.4922186183585531,0-2:26.87; 2-3:26.86; 3-5:26.86; 5-6:27.01; 6-7:26.86; 7-8:27.02; 8-1:27.51,110,0
2,"N=9, d=189m (margin 1.00m), Fail 4@t=10",2052,189,4,179,True,0.668632900005964,8-1,27.48899868002361,0.5110013199763905,0-2:26.89; 2-3:26.88; 3-5:26.87; 5-6:27.02; 6-7:26.86; 7-8:26.99; 8-1:27.49,111,0
2,"N=9, d=189m (margin 1.00m), Fail 4@t=10",2052,189,4,180,True,0.6650647402198075,8-1,27.47061777302088,0.52938222697912,0-2:26.90; 2-3:26.91; 3-5:26.89; 5-6:27.02; 6-7:26.85; 7-8:26.96; 8-1:27.47,112,0
2,"N=9, d=189m (margin 1.00m), Fail 4@t=10",2052,189,4,181,True,0.6614907363502159,8-1,27.452638795382065,0.5473612046179355,0-2:26.89; 2-3:26.94; 3-5:26.91; 5-6:27.03; 6-7:26.85; 7-8:26.93; 8-1:27.45,113,0
2,"N=9, d=189m (margin 1.00m), Fail 4@t=10",2052,189,4,182,True,0.6579224744266017,8-1,27.435061742708857,0.5649382572911428,0-2:26.87; 2-3:26.98; 3-5:26.94; 5-6:27.04; 6-7:26.84; 7-8:26.90; 8-1:27.44,114,0
2,"N=9, d=189m (margin 1.00m), Fail 4@t=10",2052,189,4,183,True,0.6543550136849524,8-1,27.417886655066763,0.5821133449332372,0-2:26.86; 2-3:27.00; 3-5:26.98; 5-6:27.05; 6-7:26.83; 7-8:26.87; 8-1:27.42,115,0
2,"N=9, d=189m (margin 1.00m), Fail 4@t=10",2052,189,4,184,True,0.6507971596758181,8-1,27.401113509787056,0.5988864902129443,0-2:26.84; 2-3:27.03; 3-5:27.01; 5-6:27.06; 6-7:26.83; 7-8:26.84; 8-1:27.40,116,0
2,"N=9, d=189m (margin 1.00m), Fail 4@t=10",2052,189,4,185,True,0.6472448646014646,8-1,27.38474231151517,0.6152576884848315,0-2:26.82; 2-3:27.05; 3-5:27.05; 5-6:27.07; 6-7:26.82; 7-8:26.81; 8-1:27.38,117,0
2,"N=9, d=189m (margin 1.00m), Fail 4@t=10",2052,189,4,186,True,0.6436982204940468,8-1,27.368773065017525,0.6312269349824753,0-2:26.81; 2-3:27.07; 3-5:27.09; 5-6:27.08; 6-7:26.81; 7-8:26.77; 8-1:27.37,118,0
2,"N=9, d=189m (margin 1.00m), Fail 4@t=10",2052,189,4,187,True,0.6401573212772115,8-1,27.3532057751813,0.6467942248186986,0-2:26.79; 2-3:27.10; 3-5:27.12; 5-6:27.09; 6-7:26.81; 7-8:26.74; 8-1:27.35,119,0
2,"N=9, d=189m (margin 1.00m), Fail 4@t=10",2052,189,4,188,True,0.6366222628103779,8-1,27.337911889294965,0.6620881107050351,0-2:26.77; 2-3:27.12; 3-5:27.16; 5-6:27.10; 6-7:26.80; 7-8:26.71; 8-1:27.34,120,0
2,"N=9, d=189m (margin 1.00m), Fail 4@t=10",2052,189,4,189,True,0.6330931429340965,8-1,27.3222296448093,0.6777703551906988,0-2:26.75; 2-3:27.14; 3-5:27.20; 5-6:27.11; 6-7:26.80; 7-8:26.68; 8-1:27.32,121,0
2,"N=9, d=189m (margin 1.00m), Fail 4@t=10",2052,189,4,190,True,0.6295697096871419,8-1,27.30591712935481,0.6940828706451896,0-2:26.74; 2-3:27.16; 3-5:27.23; 5-6:27.12; 6-7:26.79; 7-8:26.65; 8-1:27.31,122,0
2,"N=9, d=189m (margin 1.00m), Fail 4@t=10",2052,189,4,191,True,0.6260527691711649,8-1,27.288404179623363,0.7115958203766368,0-2:26.72; 2-3:27.19; 3-5:27.27; 5-6:27.13; 6-7:26.78; 7-8:26.62; 8-1:27.29,123,0
2,"N=9, d=189m (margin 1.00m), Fail 4@t=10",2052,189,4,192,True,0.6181300883914548,3-5,27.308803899645564,0.6911961003544356,0-2:26.70; 2-3:27.21; 3-5:27.31; 5-6:27.14; 6-7:26.77; 7-8:26.61; 8-1:27.27,124,0
2,"N=9, d=189m (margin 1.00m), Fail 4@t=10",2052,189,4,193,True,0.7290185452404276,3-5,27.345118650801467,0.6548813491985328,0-2:26.68; 2-3:27.23; 3-5:27.35; 5-6:27.15; 6-7:26.75; 7-8:26.62; 8-1:27.23,125,0
2,"N=9, d=189m (margin 1.00m), Fail 4@t=10",2052,189,4,194,True,0.8272137830391375,3-5,27.380426892465916,0.6195731075340838,0-2:26.66; 2-3:27.25; 3-5:27.38; 5-6:27.15; 6-7:26.73; 7-8:26.64; 8-1:27.18,126,0
2,"N=9, d=189m (margin 1.00m), Fail 4@t=10",2052,189,4,195,True,0.7808960951783287,3-5,27.414490969405783,0.585509030594217,0-2:26.65; 2-3:27.28; 3-5:27.41; 5-6:27.15; 6-7:26.71; 7-8:26.69; 8-1:27.13,127,0
2,"N=9, d=189m (margin 1.00m), Fail 4@t=10",2052,189,4,196,True,0.5962852137209149,3-5,27.447165032929515,0.5528349670704849,0-2:26.63; 2-3:27.30; 3-5:27.45; 5-6:27.13; 6-7:26.69; 7-8:26.73; 8-1:27.08,128,0
2,"N=9, d=189m (margin 1.00m), Fail 4@t=10",2052,189,4,197,True,0.42310676400382424,3-5,27.47836951676118,0.5216304832388197,0-2:26.61; 2-3:27.33; 3-5:27.48; 5-6:27.09; 6-7:26.69; 7-8:26.77; 8-1:27.04,129,0
2,"N=9, d=189m (margin 1.00m), Fail 4@t=10",2052,189,4,198,True,0.4078856319402402,3-5,27.50386035985654,0.49613964014346124,0-2:26.59; 2-3:27.35; 3-5:27.50; 5-6:27.04; 6-7:26.71; 7-8:26.81; 8-1:27.01,130,0
2,"N=9, d=189m (margin 1.00m), Fail 4@t=10",2052,189,4,199,True,0.6713837797486271,3-5,27.52918542968742,0.4708145703125801,0-2:26.57; 2-3:27.37; 3-5:27.53; 5-6:26.99; 6-7:26.74; 7-8:26.83; 8-1:26.98,131,0
2,"N=9, d=189m (margin 1.00m), Fail 4@t=10",2052,189,4,200,True,0.624845651123011,3-5,27.554008158606553,0.4459918413934467,0-2:26.55; 2-3:27.40; 3-5:27.55; 5-6:26.94; 6-7:26.78; 7-8:26.81; 8-1:26.97,132,0
2,"N=9, d=189m (margin 1.00m), Fail 4@t=10",2052,189,4,201,True,0.5845406308195485,3-5,27.578101535900462,0.421898464099538,0-2:26.53; 2-3:27.42; 3-5:27.58; 5-6:26.90; 6-7:26.82; 7-8:26.79; 8-1:26.98,133,0
2,"N=9, d=189m (margin 1.00m), Fail 4@t=10",2052,189,4,202,True,0.3637439963007202,3-5,27.601318622301125,0.3986813776988747,0-2:26.51; 2-3:27.45; 3-5:27.60; 5-6:26.85; 6-7:26.83; 7-8:26.79; 8-1:26.99,134,0
2,"N=9, d=189m (margin 1.00m), Fail 4@t=10",2052,189,4,203,True,0.36523892244581685,3-5,27.62357040195407,0.3764295980459309,0-2:26.48; 2-3:27.47; 3-5:27.62; 5-6:26.80; 6-7:26.85; 7-8:26.78; 8-1:27.00,135,0
2,"N=9, d=189m (margin 1.00m), Fail 4@t=10",2052,189,4,204,True,0.33811587275154603,3-5,27.64481009955869,0.35518990044131016,0-2:26.46; 2-3:27.50; 3-5:27.64; 5-6:26.76; 6-7:26.86; 7-8:26.78; 8-1:27.01,136,0
2,"N=9, d=189m (margin 1.00m), Fail 4@t=10",2052,189,4,205,True,0.3234846235855404,3-5,27.66502057068628,0.3349794293137194,0-2:26.44; 2-3:27.53; 3-5:27.67; 5-6:26.71; 6-7:26.88; 7-8:26.78; 8-1:27.02,137,0
2,"N=9, d=189m (margin 1.00m), Fail 4@t=10",2052,189,4,206,True,0.30955023890550826,3-5,27.684204213282722,0.3157957867172776,0-2:26.42; 2-3:27.55; 3-5:27.68; 5-6:26.67; 6-7:26.89; 7-8:26.77; 8-1:27.03,138,0
2,"N=9, d=189m (margin 1.00m), Fail 4@t=10",2052,189,4,207,True,0.2899827599673301,3-5,27.702379177011743,0.2976208229882573,0-2:26.40; 2-3:27.58; 3-5:27.70; 5-6:26.62; 6-7:26.91; 7-8:26.77; 8-1:27.04,139,0
2,"N=9, d=189m (margin 1.00m), Fail 4@t=10",2052,189,4,208,True,0.27934752001023144,3-5,27.719574000571964,0.2804259994280365,0-2:26.38; 2-3:27.60; 3-5:27.72; 5-6:26.58; 6-7:26.92; 7-8:26.77; 8-1:27.06,140,0
2,"N=9, d=189m (margin 1.00m), Fail 4@t=10",2052,189,4,209,True,0.2736707812960478,3-5,27.735824221558655,0.264175778441345,0-2:26.36; 2-3:27.62; 3-5:27.74; 5-6:26.54; 6-7:26.94; 7-8:26.77; 8-1:27.07,141,0
2,"N=9, d=189m (margin 1.00m), Fail 4@t=10",2052,189,4,210,True,0.2773304149792662,3-5,27.7511675520708,0.24883244792919967,0-2:26.34; 2-3:27.64; 3-5:27.75; 5-6:26.50; 6-7:26.95; 7-8:26.77; 8-1:27.08,142,0
2,"N=9, d=189m (margin 1.00m), Fail 4@t=10",2052,189,4,211,True,0.2810381498079083,3-5,27.765644815695303,0.2343551843046967,0-2:26.32; 2-3:27.66; 3-5:27.77; 5-6:26.46; 6-7:26.97; 7-8:26.76; 8-1:27.09,143,0
2,"N=9, d=189m (margin 1.00m), Fail 4@t=10",2052,189,4,212,True,0.39383068934126786,3-5,27.779297431577767,0.22070256842223301,0-2:26.31; 2-3:27.68; 3-5:27.78; 5-6:26.42; 6-7:26.97; 7-8:26.76; 8-1:27.10,144,0
2,"N=9, d=189m (margin 1.00m), Fail 4@t=10",2052,189,4,213,True,0.6149442349884655,3-5,27.792166971683276,0.207833028316724,0-2:26.29; 2-3:27.70; 3-5:27.79; 5-6:26.38; 6-7:26.97; 7-8:26.78; 8-1:27.11,145,0
2,"N=9, d=189m (margin 1.00m), Fail 4@t=10",2052,189,4,214,True,0.6812274144852075,3-5,27.804294952302183,0.1957050476978175,0-2:26.27; 2-3:27.72; 3-5:27.80; 5-6:26.35; 6-7:26.99; 7-8:26.82; 8-1:27.09,146,0
2,"N=9, d=189m (margin 1.00m), Fail 4@t=10",2052,189,4,215,True,0.48068181287590056,3-5,27.81572119991102,0.184278800088979,0-2:26.26; 2-3:27.73; 3-5:27.82; 5-6:26.31; 6-7:26.99; 7-8:26.86; 8-1:27.07,147,0
2,"N=9, d=189m (margin 1.00m), Fail 4@t=10",2052,189,4,216,True,0.3795877997692371,3-5,27.826484288230944,0.17351571176905622,0-2:26.24; 2-3:27.75; 3-5:27.83; 5-6:26.27; 6-7:27.00; 7-8:26.90; 8-1:27.04,148,0
2,"N=9, d=189m (margin 1.00m), Fail 4@t=10",2052,189,4,217,True,0.38212379580156386,3-5,27.836621221084464,0.16337877891553632,0-2:26.23; 2-3:27.76; 3-5:27.84; 5-6:26.24; 6-7:27.00; 7-8:26.94; 8-1:27.03,149,0
2,"N=9, d=189m (margin 1.00m), Fail 4@t=10",2052,189,4,218,True,0.4870990870690374,3-5,27.846167380346856,0.15383261965314432,0-2:26.21; 2-3:27.78; 3-5:27.85; 5-6:26.21; 6-7:27.01; 7-8:26.96; 8-1:27.03,150,0
2,"N=9, d=189m (margin 1.00m), Fail 4@t=10",2052,189,4,219,True,0.6341014393744314,3-5,27.85515641300397,0.1448435869960285,0-2:26.20; 2-3:27.79; 3-5:27.86; 5-6:26.17; 6-7:27.03; 7-8:26.96; 8-1:27.04,151,0
2,"N=9, d=189m (margin 1.00m), Fail 4@t=10",2052,189,4,220,True,0.7283300949705114,3-5,27.86362024810458,0.13637975189541862,0-2:26.18; 2-3:27.80; 3-5:27.86; 5-6:26.18; 6-7:26.98; 7-8:26.98; 8-1:27.06,152,0
2,"N=9, d=189m (margin 1.00m), Fail 4@t=10",2052,189,4,221,True,0.6933065765606791,3-5,27.87158916153547,0.1284108384645286,0-2:26.17; 2-3:27.81; 3-5:27.87; 5-6:26.19; 6-7:26.91; 7-8:27.00; 8-1:27.09,153,0
2,"N=9, d=189m (margin 1.00m), Fail 4@t=10",2052,189,4,222,True,0.4762641026199192,3-5,27.8790919386641,0.12090806133589993,0-2:26.16; 2-3:27.83; 3-5:27.88; 5-6:26.21; 6-7:26.84; 7-8:27.03; 8-1:27.10,154,0
2,"N=9, d=189m (margin 1.00m), Fail 4@t=10",2052,189,4,223,True,0.6323232720895162,3-5,27.883679182106487,0.1163208178935129,0-2:26.14; 2-3:27.84; 3-5:27.88; 5-6:26.24; 6-7:26.80; 7-8:27.04; 8-1:27.11,155,0
2,"N=9, d=189m (margin 1.00m), Fail 4@t=10",2052,189,4,224,True,0.6413925214907991,3-5,27.882092668050237,0.11790733194976255,0-2:26.13; 2-3:27.85; 3-5:27.88; 5-6:26.28; 6-7:26.77; 7-8:27.01; 8-1:27.13,156,0
2,"N=9, d=189m (margin 1.00m), Fail 4@t=10",2052,189,4,225,True,0.7802168405869978,3-5,27.867358706980607,0.1326412930193932,0-2:26.11; 2-3:27.85; 3-5:27.87; 5-6:26.34; 6-7:26.75; 7-8:26.98; 8-1:27.15,157,0
2,"N=9, d=189m (margin 1.00m), Fail 4@t=10",2052,189,4,226,True,0.7651809860087441,2-3,27.862990175704997,0.13700982429500286,0-2:26.10; 2-3:27.86; 3-5:27.85; 5-6:26.40; 6-7:26.72; 7-8:26.97; 8-1:27.14,158,0
2,"N=9, d=189m (margin 1.00m), Fail 4@t=10",2052,189,4,227,True,0.649961625620268,2-3,27.871009982275254,0.12899001772474605,0-2:26.09; 2-3:27.87; 3-5:27.84; 5-6:26.47; 6-7:26.68; 7-8:26.97; 8-1:27.13,159,0
2,"N=9, d=189m (margin 1.00m), Fail 4@t=10",2052,189,4,228,True,0.6790196326695005,2-3,27.87856053882707,0.1214394611729297,0-2:26.07; 2-3:27.88; 3-5:27.83; 5-6:26.54; 6-7:26.65; 7-8:26.97; 8-1:27.11,160,0
2,"N=9, d=189m (margin 1.00m), Fail 4@t=10",2052,189,4,229,True,0.7367230684332672,2-3,27.885669118886632,0.11433088111336787,0-2:26.06; 2-3:27.89; 3-5:27.82; 5-6:26.61; 6-7:26.63; 7-8:26.95; 8-1:27.08,161,0
2,"N=9, d=189m (margin 1.00m), Fail 4@t=10",2052,189,4,230,True,0.7661314815602234,2-3,27.892359701560704,0.10764029843929634,0-2:26.04; 2-3:27.89; 3-5:27.79; 5-6:26.68; 6-7:26.64; 7-8:26.93; 8-1:27.06,162,0
2,"N=9, d=189m (margin 1.00m), Fail 4@t=10",2052,189,4,231,True,0.7679799096307385,2-3,27.89865890567037,0.10134109432963001,0-2:26.03; 2-3:27.90; 3-5:27.77; 5-6:26.73; 6-7:26.67; 7-8:26.89; 8-1:27.04,163,0
2,"N=9, d=189m (margin 1.00m), Fail 4@t=10",2052,189,4,232,True,0.769845016577991,2-3,27.90458948593833,0.095410514061669,0-2:26.01; 2-3:27.90; 3-5:27.75; 5-6:26.79; 6-7:26.71; 7-8:26.85; 8-1:27.02,164,0
2,"N=9, d=189m (margin 1.00m), Fail 4@t=10",2052,189,4,233,True,0.7717266867864262,2-3,27.910172916932204,0.08982708306779585,0-2:26.00; 2-3:27.91; 3-5:27.73; 5-6:26.84; 6-7:26.76; 7-8:26.80; 8-1:26.99,165,0
2,"N=9, d=189m (margin 1.00m), Fail 4@t=10",2052,189,4,234,True,0.773624787323295,2-3,27.91542945805697,0.08457054194303026,0-2:25.98; 2-3:27.92; 3-5:27.71; 5-6:26.87; 6-7:26.81; 7-8:26.78; 8-1:26.97,166,0
2,"N=9, d=189m (margin 1.00m), Fail 4@t=10",2052,189,4,235,True,0.775539202763228,2-3,27.920378210287407,0.07962178971259348,0-2:25.97; 2-3:27.92; 3-5:27.69; 5-6:26.89; 6-7:26.86; 7-8:26.75; 8-1:26.95,167,0
2,"N=9, d=189m (margin 1.00m), Fail 4@t=10",2052,189,4,236,True,0.7774698133854822,2-3,27.925037179311033,0.07496282068896676,0-2:25.95; 2-3:27.93; 3-5:27.67; 5-6:26.92; 6-7:26.91; 7-8:26.73; 8-1:26.93,168,0
2,"N=9, d=189m (margin 1.00m), Fail 4@t=10",2052,189,4,237,True,0.7794165004058421,2-3,27.92942331490914,0.07057668509085957,0-2:25.93; 2-3:27.93; 3-5:27.65; 5-6:26.95; 6-7:26.97; 7-8:26.70; 8-1:26.91,169,0
2,"N=9, d=189m (margin 1.00m), Fail 4@t=10",2052,189,4,238,True,0.781379142175818,2-3,27.933552592077994,0.06644740792200565,0-2:25.92; 2-3:27.93; 3-5:27.63; 5-6:26.97; 6-7:27.02; 7-8:26.67; 8-1:26.89,170,0
2,"N=9, d=189m (margin 1.00m), Fail 4@t=10",2052,189,4,239,True,0.7833576181563221,2-3,27.93744005577336,0.06255994422663846,0-2:25.90; 2-3:27.94; 3-5:27.61; 5-6:27.00; 6-7:27.07; 7-8:26.64; 8-1:26.87,171,0
2,"N=9, d=189m (margin 1.00m), Fail 4@t=10",2052,189,4,240,True,0.7853518089540087,2-3,27.941099872993277,0.05890012700672287,0-2:25.88; 2-3:27.94; 3-5:27.59; 5-6:27.03; 6-7:27.12; 7-8:26.62; 8-1:26.85,172,0
2,"N=9, d=189m (margin 1.00m), Fail 4@t=10",2052,189,4,241,True,0.7873615953581916,2-3,27.944545382718438,0.05545461728156198,0-2:25.87; 2-3:27.94; 3-5:27.57; 5-6:27.06; 6-7:27.17; 7-8:26.59; 8-1:26.83,173,0
2,"N=9, d=189m (margin 1.00m), Fail 4@t=10",2052,189,4,242,True,0.789386858384035,2-3,27.947789143396683,0.05221085660331681,0-2:25.85; 2-3:27.95; 3-5:27.55; 5-6:27.09; 6-7:27.22; 7-8:26.56; 8-1:26.82,174,0
2,"N=9, d=189m (margin 1.00m), Fail 4@t=10",2052,189,4,243,True,0.7914274793093843,2-3,27.95084297798449,0.04915702201551042,0-2:25.83; 2-3:27.95; 3-5:27.54; 5-6:27.12; 6-7:27.26; 7-8:26.54; 8-1:26.80,175,0
2,"N=9, d=189m (margin 1.00m), Fail 4@t=10",2052,189,4,244,True,0.7934833397051833,2-3,27.953718016592614,0.04628198340738621,0-2:25.81; 2-3:27.95; 3-5:27.52; 5-6:27.15; 6-7:27.30; 7-8:26.52; 8-1:26.78,176,0
2,"N=9, d=189m (margin 1.00m), Fail 4@t=10",2052,189,4,245,True,0.7955543214675752,2-3,27.956424736803207,0.043575263196792946,0-2:25.79; 2-3:27.96; 3-5:27.50; 5-6:27.18; 6-7:27.34; 7-8:26.50; 8-1:26.77,177,0
2,"N=9, d=189m (margin 1.00m), Fail 4@t=10",2052,189,4,246,True,0.7976403068548037,2-3,27.958973001744667,0.04102699825533307,0-2:25.77; 2-3:27.96; 3-5:27.48; 5-6:27.22; 6-7:27.38; 7-8:26.48; 8-1:26.75,178,0
2,"N=9, d=189m (margin 1.00m), Fail 4@t=10",2052,189,4,247,True,0.7997411784817028,2-3,27.961372096030605,0.038627903969395305,0-2:25.76; 2-3:27.96; 3-5:27.47; 5-6:27.25; 6-7:27.42; 7-8:26.46; 8-1:26.73,179,0
2,"N=9, d=189m (margin 1.00m), Fail 4@t=10",2052,189,4,248,True,0.800231514763224,2-3,27.963630720789123,0.03636927921087718,0-2:25.74; 2-3:27.96; 3-5:27.45; 5-6:27.29; 6-7:27.45; 7-8:26.44; 8-1:26.72,180,0
2,"N=9, d=189m (margin 1.00m), Fail 4@t=10",2052,189,4,249,True,0.7986104141714435,2-3,27.965757385641563,0.034242614358436896,0-2:25.72; 2-3:27.97; 3-5:27.43; 5-6:27.33; 6-7:27.48; 7-8:26.42; 8-1:26.70,181,0
2,"N=9, d=189m (margin 1.00m), Fail 4@t=10",2052,189,4,250,True,0.7956112001309681,2-3,27.967759525271077,0.03224047472892266,0-2:25.70; 2-3:27.97; 3-5:27.42; 5-6:27.36; 6-7:27.51; 7-8:26.41; 8-1:26.69,182,0
2,"N=9, d=189m (margin 1.00m), Fail 4@t=10",2052,189,4,251,True,0.7917736982795426,2-3,27.969644447715556,0.030355552284444087,0-2:25.68; 2-3:27.97; 3-5:27.41; 5-6:27.40; 6-7:27.54; 7-8:26.40; 8-1:26.67,183,0
2,"N=9, d=189m (margin 1.00m), Fail 4@t=10",2052,189,4,252,True,0.7874941003803133,2-3,27.97141902890243,0.02858097109756841,0-2:25.66; 2-3:27.97; 3-5:27.39; 5-6:27.43; 6-7:27.57; 7-8:26.39; 8-1:26.66,184,0
2,"N=9, d=189m (margin 1.00m), Fail 4@t=10",2052,189,4,253,True,0.7830508424472948,2-3,27.97308973890221,0.0269102610977896,0-2:25.63; 2-3:27.97; 3-5:27.38; 5-6:27.46; 6-7:27.59; 7-8:26.38; 8-1:26.65,185,0
2,"N=9, d=189m (margin 1.00m), Fail 4@t=10",2052,189,4,254,True,0.7786332988942274,2-3,27.97466266641798,0.025337333582019284,0-2:25.61; 2-3:27.97; 3-5:27.38; 5-6:27.49; 6-7:27.62; 7-8:26.37; 8-1:26.63,186,0
2,"N=9, d=189m (margin 1.00m), Fail 4@t=10",2052,189,4,255,True,0.7743652731805596,2-3,27.976143541673355,0.023856458326644514,0-2:25.59; 2-3:27.98; 3-5:27.37; 5-6:27.52; 6-7:27.64; 7-8:26.36; 8-1:26.62,187,0
2,"N=9, d=189m (margin 1.00m), Fail 4@t=10",2052,189,4,256,True,0.7703233433376095,2-3,27.977537757834142,0.022462242165858015,0-2:25.57; 2-3:27.98; 3-5:27.37; 5-6:27.55; 6-7:27.66; 7-8:26.35; 8-1:26.61,188,0
2,"N=9, d=189m (margin 1.00m), Fail 4@t=10",2052,189,4,257,True,0.7665507576768938,2-3,27.97885039109185,0.021149608908149986,0-2:25.55; 2-3:27.98; 3-5:27.36; 5-6:27.57; 6-7:27.68; 7-8:26.35; 8-1:26.60,189,0
2,"N=9, d=189m (margin 1.00m), Fail 4@t=10",2052,189,4,258,True,0.7459029503342739,2-3,27.980086224974585,0.019913775025415248,0-2:25.52; 2-3:27.98; 3-5:27.36; 5-6:27.60; 6-7:27.70; 7-8:26.35; 8-1:26.58,190,0
2,"N=9, d=189m (margin 1.00m), Fail 4@t=10",2052,189,4,259,True,0.7115640863163457,2-3,27.981249795291234,0.018750204708766205,0-2:25.50; 2-3:27.98; 3-5:27.36; 5-6:27.62; 6-7:27.72; 7-8:26.35; 8-1:26.57,191,0
2,"N=9, d=189m (margin 1.00m), Fail 4@t=10",2052,189,4,260,True,0.6983358834456415,2-3,27.982345276184052,0.017654723815947904,0-2:25.48; 2-3:27.98; 3-5:27.36; 5-6:27.64; 6-7:27.73; 7-8:26.35; 8-1:26.56,192,0
2,"N=9, d=189m (margin 1.00m), Fail 4@t=10",2052,189,4,261,True,0.6559657990821797,2-3,27.98337652022323,0.01662347977676859,0-2:25.45; 2-3:27.98; 3-5:27.36; 5-6:27.67; 6-7:27.75; 7-8:26.35; 8-1:26.55,193,0
2,"N=9, d=189m (margin 1.00m), Fail 4@t=10",2052,189,4,262,True,0.6532305790771067,2-3,27.98434746248848,0.015652537511520848,0-2:25.43; 2-3:27.98; 3-5:27.37; 5-6:27.68; 6-7:27.76; 7-8:26.35; 8-1:26.54,194,0
2,"N=9, d=189m (margin 1.00m), Fail 4@t=10",2052,189,4,263,True,0.6052465891975376,2-3,27.98526169075046,0.014738309249541004,0-2:25.40; 2-3:27.99; 3-5:27.37; 5-6:27.70; 6-7:27.78; 7-8:26.35; 8-1:26.53,195,0
2,"N=9, d=189m (margin 1.00m), Fail 4@t=10",2052,189,4,264,True,0.6028841781271166,2-3,27.986122436942345,0.01387756305765464,0-2:25.38; 2-3:27.99; 3-5:27.37; 5-6:27.72; 6-7:27.79; 7-8:26.36; 8-1:26.52,196,0
2,"N=9, d=189m (margin 1.00m), Fail 4@t=10",2052,189,4,265,True,0.5829572910949522,2-3,27.98693282230532,0.013067177694679799,0-2:25.35; 2-3:27.99; 3-5:27.38; 5-6:27.74; 6-7:27.80; 7-8:26.37; 8-1:26.51,197,0
2,"N=9, d=189m (margin 1.00m), Fail 4@t=10",2052,189,4,266,True,0.5700179005554518,2-3,27.987695835906745,0.012304164093254855,0-2:25.33; 2-3:27.99; 3-5:27.38; 5-6:27.75; 6-7:27.81; 7-8:26.38; 8-1:26.50,198,0
2,"N=9, d=189m (margin 1.00m), Fail 4@t=10",2052,189,4,267,True,0.5525740452756788,2-3,27.988414082048475,0.011585917951524749,0-2:25.30; 2-3:27.99; 3-5:27.39; 5-6:27.77; 6-7:27.82; 7-8:26.39; 8-1:26.49,199,0
2,"N=9, d=189m (margin 1.00m), Fail 4@t=10",2052,189,4,268,True,0.5526411032215912,2-3,27.989090226619943,0.01090977338005672,0-2:25.28; 2-3:27.99; 3-5:27.40; 5-6:27.78; 6-7:27.83; 7-8:26.40; 8-1:26.48,200,0
2,"N=9, d=189m (margin 1.00m), Fail 4@t=10",2052,189,4,269,True,0.5528221740538655,2-3,27.989726876999043,0.01027312300095673,0-2:25.25; 2-3:27.99; 3-5:27.40; 5-6:27.79; 6-7:27.84; 7-8:26.41; 8-1:26.47,201,0
2,"N=9, d=189m (margin 1.00m), Fail 4@t=10",2052,189,4,270,True,0.552232888487954,2-3,27.990326327390854,0.009673672609146422,0-2:25.22; 2-3:27.99; 3-5:27.41; 5-6:27.81; 6-7:27.85; 7-8:26.42; 8-1:26.46,202,0
2,"N=9, d=189m (margin 1.00m), Fail 4@t=10",2052,189,4,271,True,0.551684839748048,2-3,27.990890744294894,0.009109255705105568,0-2:25.19; 2-3:27.99; 3-5:27.42; 5-6:27.82; 6-7:27.86; 7-8:26.43; 8-1:26.45,203,0
2,"N=9, d=189m (margin 1.00m), Fail 4@t=10",2052,189,4,272,True,0.5425699419828978,2-3,27.991422169991477,0.00857783000852308,0-2:25.17; 2-3:27.99; 3-5:27.43; 5-6:27.83; 6-7:27.87; 7-8:26.45; 8-1:26.45,204,0
2,"N=9, d=189m (margin 1.00m), Fail 4@t=10",2052,189,4,273,True,0.52957149867858,2-3,27.991922529677783,0.00807747032221684,0-2:25.14; 2-3:27.99; 3-5:27.44; 5-6:27.84; 6-7:27.87; 7-8:26.46; 8-1:26.44,205,0
2,"N=9, d=189m (margin 1.00m), Fail 4@t=10",2052,189,4,274,True,0.5197794032512509,2-3,27.99239363627423,0.007606363725770393,0-2:25.11; 2-3:27.99; 3-5:27.45; 5-6:27.85; 6-7:27.88; 7-8:26.47; 8-1:26.43,206,0
2,"N=9, d=189m (margin 1.00m), Fail 4@t=10",2052,189,4,275,True,0.5076856270999891,2-3,27.99283719814165,0.00716280185834961,0-2:25.08; 2-3:27.99; 3-5:27.46; 5-6:27.86; 6-7:27.89; 7-8:26.49; 8-1:26.43,207,0
2,"N=9, d=189m (margin 1.00m), Fail 4@t=10",2052,189,4,276,True,0.4981806336331188,2-3,27.993254826121223,0.006745173878776711,0-2:25.05; 2-3:27.99; 3-5:27.47; 5-6:27.86; 6-7:27.89; 7-8:26.50; 8-1:26.42,208,0
2,"N=9, d=189m (margin 1.00m), Fail 4@t=10",2052,189,4,277,True,0.4862526508799663,2-3,27.993648140600488,0.006351859399511994,0-2:25.02; 2-3:27.99; 3-5:27.48; 5-6:27.87; 6-7:27.90; 7-8:26.51; 8-1:26.42,209,0
2,"N=9, d=189m (margin 1.00m), Fail 4@t=10",2052,189,4,278,True,0.4774441525620908,2-3,27.994018467994486,0.005981532005513657,0-2:24.99; 2-3:27.99; 3-5:27.49; 5-6:27.88; 6-7:27.91; 7-8:26.52; 8-1:26.43,210,0
2,"N=9, d=189m (margin 1.00m), Fail 4@t=10",2052,189,4,279,True,0.46467195616564105,2-3,27.99436711598581,0.005632884014190154,0-2:24.96; 2-3:27.99; 3-5:27.50; 5-6:27.89; 6-7:27.91; 7-8:26.52; 8-1:26.44,211,0
2,"N=9, d=189m (margin 1.00m), Fail 4@t=10",2052,189,4,280,True,0.45503323932654166,2-3,27.994695340377074,0.005304659622925811,0-2:24.93; 2-3:27.99; 3-5:27.51; 5-6:27.89; 6-7:27.92; 7-8:26.52; 8-1:26.45,212,0
2,"N=9, d=189m (margin 1.00m), Fail 4@t=10",2052,189,4,281,True,0.44049961066019305,2-3,27.99492562002084,0.0050743799791597155,0-2:24.90; 2-3:27.99; 3-5:27.52; 5-6:27.90; 6-7:27.92; 7-8:26.53; 8-1:26.46,213,0
2,"N=9, d=189m (margin 1.00m), Fail 4@t=10",2052,189,4,282,True,0.4264229390114957,2-3,27.99482545270395,0.005174547296050491,0-2:24.87; 2-3:27.99; 3-5:27.53; 5-6:27.91; 6-7:27.92; 7-8:26.54; 8-1:26.47,214,0
2,"N=9, d=189m (margin 1.00m), Fail 4@t=10",2052,189,4,283,True,0.42794768823676993,2-3,27.993924914062525,0.006075085937474967,0-2:24.84; 2-3:27.99; 3-5:27.54; 5-6:27.91; 6-7:27.92; 7-8:26.54; 8-1:26.48,215,0
2,"N=9, d=189m (margin 1.00m), Fail 4@t=10",2052,189,4,284,True,0.4153639480685024,2-3,27.99155662003156,0.008443379968440468,0-2:24.81; 2-3:27.99; 3-5:27.55; 5-6:27.92; 6-7:27.93; 7-8:26.55; 8-1:26.49,216,0
2,"N=9, d=189m (margin 1.00m), Fail 4@t=10",2052,189,4,285,True,0.4085280670975079,2-3,27.987243013509506,0.012756986490494171,0-2:24.78; 2-3:27.99; 3-5:27.56; 5-6:27.92; 6-7:27.93; 7-8:26.56; 8-1:26.50,217,0
2,"N=9, d=189m (margin 1.00m), Fail 4@t=10",2052,189,4,286,True,0.4108311616821587,2-3,27.980905430095312,0.01909456990468783,0-2:24.75; 2-3:27.98; 3-5:27.57; 5-6:27.93; 6-7:27.93; 7-8:26.57; 8-1:26.51,218,0
2,"N=9, d=189m (margin 1.00m), Fail 4@t=10",2052,189,4,287,True,0.44281589679384087,2-3,27.972483936717577,0.027516063282423175,0-2:24.72; 2-3:27.97; 3-5:27.58; 5-6:27.93; 6-7:27.92; 7-8:26.59; 8-1:26.52,219,0
2,"N=9, d=189m (margin 1.00m), Fail 4@t=10",2052,189,4,288,True,0.4455387419975481,2-3,27.960500704468664,0.039499295531335576,0-2:24.70; 2-3:27.96; 3-5:27.60; 5-6:27.92; 6-7:27.92; 7-8:26.60; 8-1:26.53,220,0
2,"N=9, d=189m (margin 1.00m), Fail 4@t=10",2052,189,4,289,True,0.6876029177399534,2-3,27.93726403822769,0.06273596177231155,0-2:24.68; 2-3:27.94; 3-5:27.61; 5-6:27.92; 6-7:27.90; 7-8:26.62; 8-1:26.55,221,0
2,"N=9, d=189m (margin 1.00m), Fail 4@t=10",2052,189,4,290,True,0.9075625529697682,5-6,27.91537462655472,0.08462537344528087,0-2:24.67; 2-3:27.88; 3-5:27.63; 5-6:27.92; 6-7:27.87; 7-8:26.66; 8-1:26.56,222,0
2,"N=9, d=189m (margin 1.00m), Fail 4@t=10",2052,189,4,291,True,1.188380115446684,5-6,27.913707624205486,0.08629237579451399,0-2:24.69; 2-3:27.81; 3-5:27.65; 5-6:27.91; 6-7:27.85; 7-8:26.69; 8-1:26.57,223,0
2,"N=9, d=189m (margin 1.00m), Fail 4@t=10",2052,189,4,292,True,1.44656156004237,5-6,27.91379902121089,0.08620097878910826,0-2:24.71; 2-3:27.71; 3-5:27.66; 5-6:27.91; 6-7:27.83; 7-8:26.72; 8-1:26.59,224,0
2,"N=9, d=189m (margin 1.00m), Fail 4@t=10",2052,189,4,293,True,1.6175543686445257,5-6,27.91509505666694,0.08490494333306131,0-2:24.75; 2-3:27.61; 3-5:27.68; 5-6:27.92; 6-7:27.80; 7-8:26.75; 8-1:26.60,225,0
2,"N=9, d=189m (margin 1.00m), Fail 4@t=10",2052,189,4,294,True,1.7139354640008315,5-6,27.898593642467954,0.10140635753204563,0-2:24.81; 2-3:27.50; 3-5:27.70; 5-6:27.90; 6-7:27.77; 7-8:26.79; 8-1:26.63,226,0
2,"N=9, d=189m (margin 1.00m), Fail 4@t=10",2052,189,4,295,True,1.3110830233214417,5-6,27.863002355439452,0.13699764456054808,0-2:24.88; 2-3:27.40; 3-5:27.71; 5-6:27.86; 6-7:27.75; 7-8:26.82; 8-1:26.66,227,0
2,"N=9, d=189m (margin 1.00m), Fail 4@t=10",2052,189,4,296,True,1.526926318482437,5-6,27.812734288193404,0.1872657118065959,0-2:24.96; 2-3:27.30; 3-5:27.73; 5-6:27.81; 6-7:27.72; 7-8:26.85; 8-1:26.70,228,0
2,"N=9, d=189m (margin 1.00m), Fail 4@t=10",2052,189,4,297,True,1.6949661108588632,5-6,27.75404215677774,0.24595784322226066,0-2:25.05; 2-3:27.20; 3-5:27.74; 5-6:27.75; 6-7:27.68; 7-8:26.90; 8-1:26.76,229,0
2,"N=9, d=189m (margin 1.00m), Fail 4@t=10",2052,189,4,298,True,1.7764642769182966,3-5,27.734880989272092,0.2651190107279078,0-2:25.14; 2-3:27.09; 3-5:27.73; 5-6:27.69; 6-7:27.66; 7-8:26.94; 8-1:26.81,230,0
2,"N=9, d=189m (margin 1.00m), Fail 4@t=10",2052,189,4,299,True,1.8108402207307164,3-5,27.71189910437151,0.28810089562848873,0-2:25.24; 2-3:26.98; 3-5:27.71; 5-6:27.64; 6-7:27.64; 7-8:26.99; 8-1:26.87,231,0
3,"N=9, d=192m (margin 0.57m), Fail 5@t=10",2053,192,5,0,True,0.45059916289676283,7-8,24.02169046010849,3.9783095398915087,0-2:24.00; 2-3:24.00; 3-4:24.00; 4-5:24.00; 5-6:24.00; 6-7:24.00; 7-8:24.02; 8-1:23.97,1,0
3,"N=9, d=192m (margin 0.57m), Fail 5@t=10",2053,192,5,1,True,0.7543639505464358,5-6,24.025770699608554,3.974229300391446,0-2:24.00; 2-3:24.00; 3-4:24.00; 4-5:24.00; 5-6:24.03; 6-7:24.02; 7-8:23.97; 8-1:23.98,2,0
3,"N=9, d=192m (margin 0.57m), Fail 5@t=10",2053,192,5,2,True,0.6168165650822952,4-5,24.06321021742789,3.9367897825721094,0-2:24.00; 2-3:24.00; 3-4:23.98; 4-5:24.06; 5-6:24.02; 6-7:24.00; 7-8:23.94; 8-1:24.00,3,0
3,"N=9, d=192m (margin 0.57m), Fail 5@t=10",2053,192,5,3,True,0.3832346834180659,4-5,24.04619865548453,3.953801344515469,0-2:24.00; 2-3:23.98; 3-4:24.03; 4-5:24.05; 5-6:24.03; 6-7:23.96; 7-8:23.96; 8-1:24.00,4,0
3,"N=9, d=192m (margin 0.57m), Fail 5@t=10",2053,192,5,4,True,0.6427072980112359,5-6,24.05026642439728,3.949733575602721,0-2:23.98; 2-3:24.01; 3-4:24.04; 4-5:24.01; 5-6:24.05; 6-7:23.94; 7-8:23.97; 8-1:24.00,5,0
3,"N=9, d=192m (margin 0.57m), Fail 5@t=10",2053,192,5,5,True,0.5310636118486517,2-3,24.052066076327822,3.9479339236721778,0-2:23.99; 2-3:24.05; 3-4:24.00; 4-5:24.02; 5-6:24.01; 6-7:23.99; 7-8:23.95; 8-1:23.99,6,0
3,"N=9, d=192m (margin 0.57m), Fail 5@t=10",2053,192,5,6,True,0.5267264305360466,2-3,24.026413031477336,3.973586968522664,0-2:24.02; 2-3:24.03; 3-4:24.00; 4-5:24.00; 5-6:24.00; 6-7:24.02; 7-8:23.97; 8-1:23.96,7,0
3,"N=9, d=192m (margin 0.57m), Fail 5@t=10",2053,192,5,7,True,0.6143345900608277,0-2,24.043943242262458,3.9560567577375423,0-2:24.04; 2-3:24.00; 3-4:24.01; 4-5:23.99; 5-6:24.01; 6-7:24.00; 7-8:24.02; 8-1:23.93,8,0
3,"N=9, d=192m (margin 0.57m), Fail 5@t=10",2053,192,5,8,True,0.7019785050252526,0-2,24.048278883643977,3.9517211163560226,0-2:24.05; 2-3:23.98; 3-4:24.01; 4-5:24.02; 5-6:23.99; 6-7:24.00; 7-8:24.01; 8-1:23.94,9,0
3,"N=9, d=192m (margin 0.57m), Fail 5@t=10",2053,192,5,9,True,0.437600046198916,0-2,24.041053111422325,3.9589468885776746,0-2:24.04; 2-3:23.98; 3-4:24.01; 4-5:24.02; 5-6:23.99; 6-7:23.99; 7-8:24.00; 8-1:23.96,10,0
3,"N=9, d=192m (margin 0.57m), Fail 5@t=10",2053,192,5,10,False,0.5860536171972656,4-6,47.937626944638374,-19.937626944638374,0-2:24.00; 2-3:24.06; 3-4:24.00; 4-6:47.94; 6-7:24.06; 7-8:23.95; 8-1:23.99,10,0
3,"N=9, d=192m (margin 0.57m), Fail 5@t=10",2053,192,5,11,False,0.7465630379880909,4-6,47.814460743880474,-19.814460743880474,0-2:24.01; 2-3:24.05; 3-4:24.06; 4-6:47.81; 6-7:24.13; 7-8:23.95; 8-1:23.98,10,0
3,"N=9, d=192m (margin 0.57m), Fail 5@t=10",2053,192,5,12,False,0.9196800982527693,4-6,47.648580563490306,-19.648580563490306,0-2:24.05; 2-3:24.03; 3-4:24.12; 4-6:47.65; 6-7:24.19; 7-8:24.01; 8-1:23.97,10,0
3,"N=9, d=192m (margin 0.57m), Fail 5@t=10",2053,192,5,13,False,1.1201711096550726,4-6,47.446717193538234,-19.446717193538234,0-2:24.09; 2-3:24.04; 3-4:24.16; 4-6:47.45; 6-7:24.24; 7-8:24.08; 8-1:23.95,10,0
3,"N=9, d=192m (margin 0.57m), Fail 5@t=10",2053,192,5,14,False,1.2712955280624827,4-6,47.21814707204092,-19.21814707204092,0-2:24.12; 2-3:24.08; 3-4:24.19; 4-6:47.22; 6-7:24.29; 7-8:24.14; 8-1:23.96,10,0
3,"N=9, d=192m (margin 0.57m), Fail 5@t=10",2053,192,5,15,False,1.3744797337853423,4-6,46.970158971569205,-18.970158971569205,0-2:24.15; 2-3:24.13; 3-4:24.22; 4-6:46.97; 6-7:24.33; 7-8:24.20; 8-1:24.01,10,0
3,"N=9, d=192m (margin 0.57m), Fail 5@t=10",2053,192,5,16,False,1.4554194975227839,4-6,46.70744869670637,-18.707448696706372,0-2:24.18; 2-3:24.19; 3-4:24.25; 4-6:46.71; 6-7:24.37; 7-8:24.23; 8-1:24.08,10,0
3,"N=9, d=192m (margin 0.57m), Fail 5@t=10",2053,192,5,17,False,1.5224653028412587,4-6,46.43255585930311,-18.432555859303108,0-2:24.21; 2-3:24.25; 3-4:24.28; 4-6:46.43; 6-7:24.42; 7-8:24.27; 8-1:24.14,10,0
3,"N=9, d=192m (margin 0.57m), Fail 5@t=10",2053,192,5,18,False,1.588268118304232,4-6,46.145369929470725,-18.145369929470725,0-2:24.27; 2-3:24.29; 3-4:24.32; 4-6:46.15; 6-7:24.47; 7-8:24.31; 8-1:24.21,10,0
3,"N=9, d=192m (margin 0.57m), Fail 5@t=10",2053,192,5,19,False,1.6426815966309611,4-6,45.84758860352678,-17.84758860352678,0-2:24.34; 2-3:24.31; 3-4:24.35; 4-6:45.85; 6-7:24.51; 7-8:24.36; 8-1:24.29,10,0
3,"N=9, d=192m (margin 0.57m), Fail 5@t=10",2053,192,5,20,False,1.6794309710768467,4-6,45.542192495321096,-17.542192495321096,0-2:24.42; 2-3:24.32; 3-4:24.39; 4-6:45.54; 6-7:24.55; 7-8:24.39; 8-1:24.38,10,0
3,"N=9, d=192m (margin 0.57m), Fail 5@t=10",2053,192,5,21,False,1.7180311217189412,4-6,45.228650109669495,-17.228650109669495,0-2:24.48; 2-3:24.38; 3-4:24.43; 4-6:45.23; 6-7:24.60; 7-8:24.44; 8-1:24.46,10,0
3,"N=9, d=192m (margin 0.57m), Fail 5@t=10",2053,192,5,22,False,1.7693620071015423,4-6,44.904924263526965,-16.904924263526965,0-2:24.50; 2-3:24.47; 3-4:24.46; 4-6:44.90; 6-7:24.67; 7-8:24.48; 8-1:24.51,10,0
3,"N=9, d=192m (margin 0.57m), Fail 5@t=10",2053,192,5,23,False,1.8361759394033317,4-6,44.57024999699255,-16.57024999699255,0-2:24.50; 2-3:24.56; 3-4:24.52; 4-6:44.57; 6-7:24.74; 7-8:24.55; 8-1:24.56,10,0
3,"N=9, d=192m (margin 0.57m), Fail 5@t=10",2053,192,5,24,False,1.8774664803320835,4-6,44.22778688867667,-16.22778688867667,0-2:24.55; 2-3:24.56; 3-4:24.63; 4-6:44.23; 6-7:24.80; 7-8:24.65; 8-1:24.59,10,0
3,"N=9, d=192m (margin 0.57m), Fail 5@t=10",2053,192,5,25,False,1.8962850208126307,4-6,43.88025806763086,-15.880258067630862,0-2:24.60; 2-3:24.58; 3-4:24.73; 4-6:43.88; 6-7:24.86; 7-8:24.75; 8-1:24.62,10,0
3,"N=9, d=192m (margin 0.57m), Fail 5@t=10",2053,192,5,26,False,1.9118459957751734,4-6,43.52452187265234,-15.524521872652343,0-2:24.63; 2-3:24.62; 3-4:24.82; 4-6:43.52; 6-7:24.94; 7-8:24.83; 8-1:24.64,10,0
3,"N=9, d=192m (margin 0.57m), Fail 5@t=10",2053,192,5,27,False,1.9158776336628762,4-6,43.16383039962275,-15.163830399622753,0-2:24.65; 2-3:24.68; 3-4:24.90; 4-6:43.16; 6-7:25.04; 7-8:24.91; 8-1:24.66,10,0
3,"N=9, d=192m (margin 0.57m), Fail 5@t=10",2053,192,5,28,False,1.9199092726952327,4-6,42.801154640577785,-14.801154640577785,0-2:24.72; 2-3:24.72; 3-4:24.97; 4-6:42.80; 6-7:25.12; 7-8:24.98; 8-1:24.70,10,0
3,"N=9, d=192m (margin 0.57m), Fail 5@t=10",2053,192,5,29,False,1.9239409128650473,4-6,42.43773288440105,-14.43773288440105,0-2:24.78; 2-3:24.76; 3-4:25.04; 4-6:42.44; 6-7:25.19; 7-8:25.03; 8-1:24.77,10,0
3,"N=9, d=192m (margin 0.57m), Fail 5@t=10",2053,192,5,30,False,1.9350763422448092,4-6,42.073578725751524,-14.073578725751524,0-2:24.83; 2-3:24.82; 3-4:25.09; 4-6:42.07; 6-7:25.26; 7-8:25.06; 8-1:24.87,10,0
3,"N=9, d=192m (margin 0.57m), Fail 5@t=10",2053,192,5,31,False,1.9499285726528568,4-6,41.70830227121028,-13.708302271210279,0-2:24.89; 2-3:24.89; 3-4:25.15; 4-6:41.71; 6-7:25.32; 7-8:25.08; 8-1:24.97,10,0
3,"N=9, d=192m (margin 0.57m), Fail 5@t=10",2053,192,5,32,False,1.9648675227085877,4-6,41.34189700215487,-13.341897002154873,0-2:24.95; 2-3:24.95; 3-4:25.19; 4-6:41.34; 6-7:25.40; 7-8:25.11; 8-1:25.07,10,0
3,"N=9, d=192m (margin 0.57m), Fail 5@t=10",2053,192,5,33,False,1.9769398199390993,4-6,40.97466532704327,-12.974665327043269,0-2:25.02; 2-3:25.01; 3-4:25.23; 4-6:40.97; 6-7:25.48; 7-8:25.15; 8-1:25.14,10,0
3,"N=9, d=192m (margin 0.57m), Fail 5@t=10",2053,192,5,34,False,1.988507365669212,4-6,40.60666121841698,-12.606661218416981,0-2:25.08; 2-3:25.08; 3-4:25.26; 4-6:40.61; 6-7:25.56; 7-8:25.20; 8-1:25.21,10,0
3,"N=9, d=192m (margin 0.57m), Fail 5@t=10",2053,192,5,35,False,1.9964321761864996,4-6,40.23816903907134,-12.238169039071337,0-2:25.15; 2-3:25.16; 3-4:25.29; 4-6:40.24; 6-7:25.63; 7-8:25.29; 8-1:25.26,10,0
3,"N=9, d=192m (margin 0.57m), Fail 5@t=10",2053,192,5,36,False,2.000462297501402,4-6,39.86937628144716,-11.86937628144716,0-2:25.22; 2-3:25.23; 3-4:25.32; 4-6:39.87; 6-7:25.69; 7-8:25.39; 8-1:25.29,10,0
3,"N=9, d=192m (margin 0.57m), Fail 5@t=10",2053,192,5,37,False,2.004492426012079,4-6,39.500131285662455,-11.500131285662455,0-2:25.29; 2-3:25.31; 3-4:25.34; 4-6:39.50; 6-7:25.76; 7-8:25.49; 8-1:25.32,10,0
3,"N=9, d=192m (margin 0.57m), Fail 5@t=10",2053,192,5,38,False,2.008522561675216,4-6,39.13023838892389,-11.130238388923893,0-2:25.36; 2-3:25.37; 3-4:25.38; 4-6:39.13; 6-7:25.84; 7-8:25.59; 8-1:25.34,10,0
3,"N=9, d=192m (margin 0.57m), Fail 5@t=10",2053,192,5,39,False,2.012552704447844,4-6,38.75970457256147,-10.759704572561468,0-2:25.43; 2-3:25.41; 3-4:25.43; 4-6:38.76; 6-7:25.93; 7-8:25.66; 8-1:25.38,10,0
3,"N=9, d=192m (margin 0.57m), Fail 5@t=10",2053,192,5,40,False,2.016582854287338,4-6,38.38823597610677,-10.38823597610677,0-2:25.49; 2-3:25.45; 3-4:25.50; 4-6:38.39; 6-7:26.00; 7-8:25.72; 8-1:25.45,10,0
3,"N=9, d=192m (margin 0.57m), Fail 5@t=10",2053,192,5,41,False,2.0206130111514136,4-6,38.015173878074854,-10.015173878074854,0-2:25.53; 2-3:25.52; 3-4:25.57; 4-6:38.02; 6-7:26.06; 7-8:25.77; 8-1:25.54,10,0
3,"N=9, d=192m (margin 0.57m), Fail 5@t=10",2053,192,5,42,False,2.024643174998122,4-6,37.64023410978915,-9.640234109789148,0-2:25.53; 2-3:25.62; 3-4:25.64; 4-6:37.64; 6-7:26.13; 7-8:25.81; 8-1:25.64,10,0
3,"N=9, d=192m (margin 0.57m), Fail 5@t=10",2053,192,5,43,False,2.028673345785848,4-6,37.26328277215954,-9.263282772159542,0-2:25.58; 2-3:25.67; 3-4:25.71; 4-6:37.26; 6-7:26.21; 7-8:25.83; 8-1:25.74,10,0
3,"N=9, d=192m (margin 0.57m), Fail 5@t=10",2053,192,5,44,False,2.032703523473307,4-6,36.88464277857442,-8.884642778574417,0-2:25.64; 2-3:25.69; 3-4:25.81; 4-6:36.88; 6-7:26.29; 7-8:25.86; 8-1:25.83,10,0
3,"N=9, d=192m (margin 0.57m), Fail 5@t=10",2053,192,5,45,False,2.0367337080195402,4-6,36.504679501248454,-8.504679501248454,0-2:25.71; 2-3:25.70; 3-4:25.90; 4-6:36.50; 6-7:26.38; 7-8:25.90; 8-1:25.91,10,0
3,"N=9, d=192m (margin 0.57m), Fail 5@t=10",2053,192,5,46,False,2.0424112932928518,4-6,36.12294266341565,-8.12294266341565,0-2:25.78; 2-3:25.73; 3-4:25.98; 4-6:36.12; 6-7:26.46; 7-8:25.96; 8-1:25.97,10,0
3,"N=9, d=192m (margin 0.57m), Fail 5@t=10",2053,192,5,47,False,2.0464414208768194,4-6,35.739540092030495,-7.739540092030495,0-2:25.84; 2-3:25.78; 3-4:26.05; 4-6:35.74; 6-7:26.53; 7-8:26.03; 8-1:26.03,10,0
3,"N=9, d=192m (margin 0.57m), Fail 5@t=10",2053,192,5,48,False,2.0504715554705633,4-6,35.35493139793943,-7.354931397939431,0-2:25.90; 2-3:25.84; 3-4:26.12; 4-6:35.35; 6-7:26.61; 7-8:26.13; 8-1:26.06,10,0
3,"N=9, d=192m (margin 0.57m), Fail 5@t=10",2053,192,5,49,False,2.0545016970328316,4-6,34.969356698414266,-6.969356698414266,0-2:25.93; 2-3:25.92; 3-4:26.18; 4-6:34.97; 6-7:26.68; 7-8:26.23; 8-1:26.09,10,0
3,"N=9, d=192m (margin 0.57m), Fail 5@t=10",2053,192,5,50,False,2.0585318455226957,4-6,34.5830502930231,-6.583050293023099,0-2:25.95; 2-3:26.02; 3-4:26.24; 4-6:34.58; 6-7:26.76; 7-8:26.34; 8-1:26.11,10,0
3,"N=9, d=192m (margin 0.57m), Fail 5@t=10",2053,192,5,51,False,2.0625620008995478,4-6,34.19628155742037,-6.19628155742037,0-2:25.98; 2-3:26.11; 3-4:26.30; 4-6:34.20; 6-7:26.84; 7-8:26.41; 8-1:26.17,10,0
3,"N=9, d=192m (margin 0.57m), Fail 5@t=10",2053,192,5,52,False,2.066592163123095,4-6,33.809290408151426,-5.809290408151426,0-2:26.04; 2-3:26.19; 3-4:26.36; 4-6:33.81; 6-7:26.90; 7-8:26.47; 8-1:26.25,10,0
3,"N=9, d=192m (margin 0.57m), Fail 5@t=10",2053,192,5,53,False,2.069836914056601,4-6,33.42240487318955,-5.422404873189549,0-2:26.10; 2-3:26.25; 3-4:26.41; 4-6:33.42; 6-7:26.96; 7-8:26.53; 8-1:26.34,10,0
3,"N=9, d=192m (margin 0.57m), Fail 5@t=10",2053,192,5,54,False,2.0630025343290304,4-6,33.03649775996083,-5.036497759960831,0-2:26.17; 2-3:26.30; 3-4:26.47; 4-6:33.04; 6-7:27.02; 7-8:26.58; 8-1:26.44,10,0
3,"N=9, d=192m (margin 0.57m), Fail 5@t=10",2053,192,5,55,False,2.05425136328137,4-6,32.65143010948649,-4.6514301094864905,0-2:26.24; 2-3:26.35; 3-4:26.53; 4-6:32.65; 6-7:27.09; 7-8:26.62; 8-1:26.53,10,0
3,"N=9, d=192m (margin 0.57m), Fail 5@t=10",2053,192,5,56,False,2.0559841325223993,4-6,32.265812083090715,-4.265812083090715,0-2:26.31; 2-3:26.40; 3-4:26.59; 4-6:32.27; 6-7:27.17; 7-8:26.67; 8-1:26.61,10,0
3,"N=9, d=192m (margin 0.57m), Fail 5@t=10",2053,192,5,57,False,2.0595912897653537,4-6,31.879256112068624,-3.8792561120686244,0-2:26.38; 2-3:26.46; 3-4:26.64; 4-6:31.88; 6-7:27.24; 7-8:26.71; 8-1:26.70,10,0
3,"N=9, d=192m (margin 0.57m), Fail 5@t=10",2053,192,5,58,False,2.063617780099143,4-6,31.491726430766047,-3.4917264307660467,0-2:26.46; 2-3:26.51; 3-4:26.70; 4-6:31.49; 6-7:27.32; 7-8:26.77; 8-1:26.77,10,0
3,"N=9, d=192m (margin 0.57m), Fail 5@t=10",2053,192,5,59,False,2.0676442915571083,4-6,31.10325123494165,-3.1032512349416486,0-2:26.53; 2-3:26.56; 3-4:26.76; 4-6:31.10; 6-7:27.40; 7-8:26.84; 8-1:26.83,10,0
3,"N=9, d=192m (margin 0.57m), Fail 5@t=10",2053,192,5,60,False,2.0716708240160777,4-6,30.713936886357327,-2.7139368863573274,0-2:26.61; 2-3:26.61; 3-4:26.81; 4-6:30.71; 6-7:27.47; 7-8:26.91; 8-1:26.88,10,0
3,"N=9, d=192m (margin 0.57m), Fail 5@t=10",2053,192,5,61,False,2.0756973773538356,4-6,30.32391277659124,-2.3239127765912393,0-2:26.68; 2-3:26.66; 3-4:26.87; 4-6:30.32; 6-7:27.55; 7-8:27.00; 8-1:26.93,10,0
3,"N=9, d=192m (margin 0.57m), Fail 5@t=10",2053,192,5,62,False,2.0797239514491115,4-6,29.933322814179252,-1.9333228141792524,0-2:26.73; 2-3:26.74; 3-4:26.92; 4-6:29.93; 6-7:27.63; 7-8:27.10; 8-1:26.97,10,0
3,"N=9, d=192m (margin 0.57m), Fail 5@t=10",2053,192,5,63,False,2.083750546181572,4-6,29.542333212459308,-1.542333212459308,0-2:26.76; 2-3:26.84; 3-4:26.98; 4-6:29.54; 6-7:27.70; 7-8:27.17; 8-1:27.02,10,0
3,"N=9, d=192m (margin 0.57m), Fail 5@t=10",2053,192,5,64,False,2.0877771614318115,4-6,29.151056478320495,-1.1510564783204948,0-2:26.79; 2-3:26.94; 3-4:27.03; 4-6:29.15; 6-7:27.77; 7-8:27.23; 8-1:27.11,10,0
3,"N=9, d=192m (margin 0.57m), Fail 5@t=10",2053,192,5,65,False,2.0853537212955358,4-6,28.760013134235738,-0.7600131342357379,0-2:26.83; 2-3:27.01; 3-4:27.10; 4-6:28.76; 6-7:27.83; 7-8:27.28; 8-1:27.21,10,0
3,"N=9, d=192m (margin 0.57m), Fail 5@t=10",2053,192,5,66,False,2.077040071384841,4-6,28.369400663471342,-0.3694006634713425,0-2:26.89; 2-3:27.05; 3-4:27.18; 4-6:28.37; 6-7:27.88; 7-8:27.33; 8-1:27.31,10,0
3,"N=9, d=192m (margin 0.57m), Fail 5@t=10",2053,192,5,67,True,2.0596373359199154,4-6,27.979563788381608,0.020436211618392264,0-2:26.96; 2-3:27.06; 3-4:27.29; 4-6:27.98; 6-7:27.93; 7-8:27.40; 8-1:27.40,10,0
3,"N=9, d=192m (margin 0.57m), Fail 5@t=10",2053,192,5,68,True,1.692494242179596,6-7,27.969425846108148,0.030574153891851807,0-2:27.02; 2-3:27.08; 3-4:27.37; 4-6:27.65; 6-7:27.97; 7-8:27.46; 8-1:27.47,11,0
3,"N=9, d=192m (margin 0.57m), Fail 5@t=10",2053,192,5,69,True,1.5656310426856779,6-7,27.994804286133935,0.005195713866065432,0-2:27.08; 2-3:27.11; 3-4:27.44; 4-6:27.36; 6-7:27.99; 7-8:27.50; 8-1:27.53,12,0
3,"N=9, d=192m (margin 0.57m), Fail 5@t=10",2053,192,5,70,False,1.453969150173736,6-7,28.012619727614847,-0.01261972761484742,0-2:27.14; 2-3:27.14; 3-4:27.50; 4-6:27.10; 6-7:28.01; 7-8:27.54; 8-1:27.57,13,0
3,"N=9, d=192m (margin 0.57m), Fail 5@t=10",2053,192,5,71,True,1.2718887269885348,6-7,27.971750366986296,0.02824963301370431,0-2:27.19; 2-3:27.19; 3-4:27.53; 4-6:26.92; 6-7:27.97; 7-8:27.58; 8-1:27.63,13,0
3,"N=9, d=192m (margin 0.57m), Fail 5@t=10",2053,192,5,72,True,1.1010771295275892,6-7,27.911353031514967,0.08864696848503328,0-2:27.23; 2-3:27.23; 3-4:27.55; 4-6:26.79; 6-7:27.91; 7-8:27.62; 8-1:27.68,14,0
3,"N=9, d=192m (margin 0.57m), Fail 5@t=10",2053,192,5,73,True,0.8851086707714463,6-7,27.838008531894396,0.1619914681056045,0-2:27.28; 2-3:27.28; 3-4:27.54; 4-6:26.71; 6-7:27.84; 7-8:27.65; 8-1:27.72,15,0
3,"N=9, d=192m (margin 0.57m), Fail 5@t=10",2053,192,5,74,True,0.8301861444457193,6-7,27.76350127378924,0.2364987262107583,0-2:27.32; 2-3:27.32; 3-4:27.51; 4-6:26.68; 6-7:27.76; 7-8:27.67; 8-1:27.75,16,0
3,"N=9, d=192m (margin 0.57m), Fail 5@t=10",2053,192,5,75,True,0.7914262210408887,8-1,27.77248711696504,0.22751288303496153,0-2:27.36; 2-3:27.35; 3-4:27.45; 4-6:26.68; 6-7:27.69; 7-8:27.70; 8-1:27.77,17,0
3,"N=9, d=192m (margin 0.57m), Fail 5@t=10",2053,192,5,76,True,0.6928311977635342,8-1,27.793474874129902,0.20652512587009753,0-2:27.39; 2-3:27.38; 3-4:27.39; 4-6:26.70; 6-7:27.63; 7-8:27.72; 8-1:27.79,18,0
3,"N=9, d=192m (margin 0.57m), Fail 5@t=10",2053,192,5,77,True,0.5766535751413564,8-1,27.811261864639068,0.1887381353609321,0-2:27.43; 2-3:27.40; 3-4:27.34; 4-6:26.73; 6-7:27.55; 7-8:27.74; 8-1:27.81,19,0
3,"N=9, d=192m (margin 0.57m), Fail 5@t=10",2053,192,5,78,True,0.6799680826223836,8-1,27.826541782630024,0.17345821736997635,0-2:27.46; 2-3:27.42; 3-4:27.30; 4-6:26.77; 6-7:27.47; 7-8:27.75; 8-1:27.83,20,0
3,"N=9, d=192m (margin 0.57m), Fail 5@t=10",2053,192,5,79,True,0.7449753041041826,8-1,27.839840537392682,0.16015946260731795,0-2:27.49; 2-3:27.45; 3-4:27.25; 4-6:26.82; 6-7:27.38; 7-8:27.77; 8-1:27.84,21,0
3,"N=9, d=192m (margin 0.57m), Fail 5@t=10",2053,192,5,80,True,0.7808024911893933,8-1,27.851552483553412,0.1484475164465877,0-2:27.52; 2-3:27.46; 3-4:27.22; 4-6:26.87; 6-7:27.29; 7-8:27.78; 8-1:27.85,22,0
3,"N=9, d=192m (margin 0.57m), Fail 5@t=10",2053,192,5,81,True,0.8037490968780092,8-1,27.861978069193377,0.13802193080662306,0-2:27.55; 2-3:27.47; 3-4:27.20; 4-6:26.92; 6-7:27.21; 7-8:27.79; 8-1:27.86,23,0
3,"N=9, d=192m (margin 0.57m), Fail 5@t=10",2053,192,5,82,True,0.8113303853671442,8-1,27.871343045211958,0.12865695478804184,0-2:27.58; 2-3:27.48; 3-4:27.18; 4-6:26.98; 6-7:27.13; 7-8:27.80; 8-1:27.87,24,0
3,"N=9, d=192m (margin 0.57m), Fail 5@t=10",2053,192,5,83,True,0.8040945595232293,8-1,27.87982452493825,0.12017547506174964,0-2:27.60; 2-3:27.48; 3-4:27.17; 4-6:27.03; 6-7:27.05; 7-8:27.79; 8-1:27.88,25,0
3,"N=9, d=192m (margin 0.57m), Fail 5@t=10",2053,192,5,84,True,0.7941166338231772,8-1,27.887556397854528,0.112443602145472,0-2:27.62; 2-3:27.48; 3-4:27.17; 4-6:27.08; 6-7:26.99; 7-8:27.79; 8-1:27.89,26,0
3,"N=9, d=192m (margin 0.57m), Fail 5@t=10",2053,192,5,85,True,0.7823776899773165,8-1,27.894654954902116,0.10534504509788434,0-2:27.65; 2-3:27.48; 3-4:27.17; 4-6:27.13; 6-7:26.92; 7-8:27.78; 8-1:27.89,27,0
3,"N=9, d=192m (margin 0.57m), Fail 5@t=10",2053,192,5,86,True,0.7695445110141315,8-1,27.901203624137977,0.0987963758620225,0-2:27.67; 2-3:27.48; 3-4:27.16; 4-6:27.18; 6-7:26.85; 7-8:27.77; 8-1:27.90,28,0
3,"N=9, d=192m (margin 0.57m), Fail 5@t=10",2053,192,5,87,True,0.7561135846273463,8-1,27.907269043797733,0.09273095620226712,0-2:27.68; 2-3:27.49; 3-4:27.16; 4-6:27.23; 6-7:26.79; 7-8:27.77; 8-1:27.91,29,0
3,"N=9, d=192m (margin 0.57m), Fail 5@t=10",2053,192,5,88,True,0.742438770812953,8-1,27.91290510677745,0.08709489322254882,0-2:27.70; 2-3:27.49; 3-4:27.16; 4-6:27.27; 6-7:26.73; 7-8:27.77; 8-1:27.91,30,0
3,"N=9, d=192m (margin 0.57m), Fail 5@t=10",2053,192,5,89,True,0.7287605875795234,8-1,27.91815501822194,0.08184498177806176,0-2:27.72; 2-3:27.49; 3-4:27.17; 4-6:27.31; 6-7:26.67; 7-8:27.76; 8-1:27.92,31,0
3,"N=9, d=192m (margin 0.57m), Fail 5@t=10",2053,192,5,90,True,0.638551511635797,8-1,27.923056632176472,0.07694336782352806,0-2:27.74; 2-3:27.48; 3-4:27.17; 4-6:27.35; 6-7:26.62; 7-8:27.76; 8-1:27.92,32,0
3,"N=9, d=192m (margin 0.57m), Fail 5@t=10",2053,192,5,91,True,0.6294343402135004,8-1,27.92764093594094,0.07235906405906078,0-2:27.75; 2-3:27.48; 3-4:27.17; 4-6:27.39; 6-7:26.56; 7-8:27.76; 8-1:27.93,33,0
3,"N=9, d=192m (margin 0.57m), Fail 5@t=10",2053,192,5,92,True,0.6197472249128099,8-1,27.931934276310574,0.06806572368942554,0-2:27.77; 2-3:27.48; 3-4:27.18; 4-6:27.42; 6-7:26.51; 7-8:27.76; 8-1:27.93,34,0
3,"N=9, d=192m (margin 0.57m), Fail 5@t=10",2053,192,5,93,True,0.6097855262011879,8-1,27.9359594672756,0.06404053272439825,0-2:27.78; 2-3:27.48; 3-4:27.18; 4-6:27.45; 6-7:26.46; 7-8:27.76; 8-1:27.94,35,0
3,"N=9, d=192m (margin 0.57m), Fail 5@t=10",2053,192,5,94,True,0.5997586080111236,8-1,27.93973650748889,0.060263492511108296,0-2:27.79; 2-3:27.47; 3-4:27.19; 4-6:27.48; 6-7:26.41; 7-8:27.76; 8-1:27.94,36,0
3,"N=9, d=192m (margin 0.57m), Fail 5@t=10",2053,192,5,95,True,0.58981255280871,8-1,27.943283124544312,0.056716875455688154,0-2:27.80; 2-3:27.47; 3-4:27.20; 4-6:27.51; 6-7:26.36; 7-8:27.76; 8-1:27.94,37,0
3,"N=9, d=192m (margin 0.57m), Fail 5@t=10",2053,192,5,96,True,0.5800471312653587,8-1,27.9466151899552,0.053384810044800446,0-2:27.82; 2-3:27.47; 3-4:27.21; 4-6:27.54; 6-7:26.32; 7-8:27.77; 8-1:27.95,38,0
3,"N=9, d=192m (margin 0.57m), Fail 5@t=10",2053,192,5,97,True,0.5705284089223568,8-1,27.949747037440943,0.05025296255905687,0-2:27.83; 2-3:27.47; 3-4:27.22; 4-6:27.57; 6-7:26.27; 7-8:27.77; 8-1:27.95,39,0
3,"N=9, d=192m (margin 0.57m), Fail 5@t=10",2053,192,5,98,True,0.5612980711622169,8-1,27.95269170878712,0.04730829121287883,0-2:27.84; 2-3:27.47; 3-4:27.23; 4-6:27.59; 6-7:26.22; 7-8:27.77; 8-1:27.95,40,0
3,"N=9, d=192m (margin 0.57m), Fail 5@t=10",2053,192,5,99,True,0.552380296055958,8-1,27.955461145339136,0.04453885466086405,0-2:27.85; 2-3:27.47; 3-4:27.24; 4-6:27.62; 6-7:26.18; 7-8:27.78; 8-1:27.96,41,0
3,"N=9, d=192m (margin 0.57m), Fail 5@t=10",2053,192,5,100,True,0.5437868036417676,8-1,27.958066157231276,0.04193384276872436,0-2:27.86; 2-3:27.47; 3-4:27.25; 4-6:27.64; 6-7:26.13; 7-8:27.78; 8-1:27.96,42,0
3,"N=9, d=192m (margin 0.57m), Fail 5@t=10",2053,192,5,101,True,0.535520564953108,8-1,27.960515998570227,0.039484001429773485,0-2:27.86; 2-3:27.47; 3-4:27.26; 4-6:27.66; 6-7:26.09; 7-8:27.79; 8-1:27.96,43,0
3,"N=9, d=192m (margin 0.57m), Fail 5@t=10",2053,192,5,102,True,0.5275784582626206,8-1,27.962820547056992,0.03717945294300762,0-2:27.87; 2-3:27.47; 3-4:27.27; 4-6:27.68; 6-7:26.05; 7-8:27.79; 8-1:27.96,44,0
3,"N=9, d=192m (margin 0.57m), Fail 5@t=10",2053,192,5,103,True,0.5199530841879785,8-1,27.964989103737,0.03501089626299958,0-2:27.88; 2-3:27.47; 3-4:27.29; 4-6:27.70; 6-7:26.01; 7-8:27.80; 8-1:27.96,45,0
3,"N=9, d=192m (margin 0.57m), Fail 5@t=10",2053,192,5,104,True,0.5126353157904057,8-1,27.96703076637363,0.032969233626371164,0-2:27.89; 2-3:27.47; 3-4:27.30; 4-6:27.72; 6-7:25.96; 7-8:27.80; 8-1:27.97,46,0
3,"N=9, d=192m (margin 0.57m), Fail 5@t=10",2053,192,5,105,True,0.505613093900136,8-1,27.968953764497755,0.031046235502245167,0-2:27.89; 2-3:27.47; 3-4:27.32; 4-6:27.73; 6-7:25.92; 7-8:27.81; 8-1:27.97,47,0
3,"N=9, d=192m (margin 0.57m), Fail 5@t=10",2053,192,5,106,True,0.4988737956613318,8-1,27.97076554638034,0.029234453619661593,0-2:27.90; 2-3:27.47; 3-4:27.33; 4-6:27.75; 6-7:25.88; 7-8:27.82; 8-1:27.97,48,0
3,"N=9, d=192m (margin 0.57m), Fail 5@t=10",2053,192,5,107,True,0.4913395660079726,8-1,27.97247287621434,0.027527123785660024,0-2:27.91; 2-3:27.47; 3-4:27.35; 4-6:27.76; 6-7:25.84; 7-8:27.83; 8-1:27.97,49,0
3,"N=9, d=192m (margin 0.57m), Fail 5@t=10",2053,192,5,108,True,0.4845705067189463,8-1,27.974082468406433,0.025917531593567134,0-2:27.91; 2-3:27.47; 3-4:27.36; 4-6:27.78; 6-7:25.80; 7-8:27.83; 8-1:27.97,50,0
3,"N=9, d=192m (margin 0.57m), Fail 5@t=10",2053,192,5,109,True,0.47753419854209744,8-1,27.97560120240909,0.024398797590908572,0-2:27.92; 2-3:27.47; 3-4:27.38; 4-6:27.79; 6-7:25.77; 7-8:27.84; 8-1:27.98,51,0
3,"N=9, d=192m (margin 0.57m), Fail 5@t=10",2053,192,5,110,True,0.4711030229297005,8-1,27.977049961786935,0.022950038213064516,0-2:27.92; 2-3:27.47; 3-4:27.39; 4-6:27.80; 6-7:25.73; 7-8:27.85; 8-1:27.98,52,0
3,"N=9, d=192m (margin 0.57m), Fail 5@t=10",2053,192,5,111,True,0.7685314138382082,8-1,27.978479238617883,0.021520761382117115,0-2:27.92; 2-3:27.47; 3-4:27.41; 4-6:27.81; 6-7:25.70; 7-8:27.85; 8-1:27.98,53,0
3,"N=9, d=192m (margin 0.57m), Fail 5@t=10",2053,192,5,112,True,1.0658188071196995,8-1,27.97986866943781,0.020131330562190186,0-2:27.93; 2-3:27.47; 3-4:27.43; 4-6:27.82; 6-7:25.68; 7-8:27.83; 8-1:27.98,54,0
3,"N=9, d=192m (margin 0.57m), Fail 5@t=10",2053,192,5,113,True,1.2482007038439527,8-1,27.980665982312296,0.019334017687704375,0-2:27.93; 2-3:27.47; 3-4:27.44; 4-6:27.83; 6-7:25.69; 7-8:27.79; 8-1:27.98,55,0
3,"N=9, d=192m (margin 0.57m), Fail 5@t=10",2053,192,5,114,True,1.1596172380736067,8-1,27.981392558208864,0.01860744179113638,0-2:27.94; 2-3:27.47; 3-4:27.46; 4-6:27.84; 6-7:25.71; 7-8:27.74; 8-1:27.98,56,0
3,"N=9, d=192m (margin 0.57m), Fail 5@t=10",2053,192,5,115,True,1.1536932092514394,8-1,27.974524760664195,0.025475239335804645,0-2:27.94; 2-3:27.47; 3-4:27.47; 4-6:27.85; 6-7:25.74; 7-8:27.68; 8-1:27.97,57,0
3,"N=9, d=192m (margin 0.57m), Fail 5@t=10",2053,192,5,116,True,1.0980110388180122,8-1,27.953598636792,0.04640136320799826,0-2:27.94; 2-3:27.47; 3-4:27.49; 4-6:27.86; 6-7:25.79; 7-8:27.62; 8-1:27.95,58,0
3,"N=9, d=192m (margin 0.57m), Fail 5@t=10",2053,192,5,117,True,1.1494911444909273,0-2,27.941976109832236,0.05802389016776388,0-2:27.94; 2-3:27.47; 3-4:27.50; 4-6:27.87; 6-7:25.85; 7-8:27.57; 8-1:27.92,59,0
3,"N=9, d=192m (margin 0.57m), Fail 5@t=10",2053,192,5,118,True,1.1919548602497216,0-2,27.94350236299736,0.05649763700263932,0-2:27.94; 2-3:27.47; 3-4:27.52; 4-6:27.87; 6-7:25.91; 7-8:27.52; 8-1:27.88,60,0
3,"N=9, d=192m (margin 0.57m), Fail 5@t=10",2053,192,5,119,True,1.2344317358222858,0-2,27.944635259221652,0.055364740778347965,0-2:27.94; 2-3:27.47; 3-4:27.54; 4-6:27.88; 6-7:25.98; 7-8:27.47; 8-1:27.84,61,0
3,"N=9, d=192m (margin 0.57m), Fail 5@t=10",2053,192,5,120,True,1.2780395023093434,0-2,27.945374744026868,0.05462525597313217,0-2:27.95; 2-3:27.47; 3-4:27.55; 4-6:27.89; 6-7:26.05; 7-8:27.40; 8-1:27.81,62,0
3,"N=9, d=192m (margin 0.57m), Fail 5@t=10",2053,192,5,121,True,1.3178540617648509,0-2,27.945720763728225,0.05427923627177478,0-2:27.95; 2-3:27.47; 3-4:27.57; 4-6:27.90; 6-7:26.13; 7-8:27.33; 8-1:27.79,63,0
3,"N=9, d=192m (margin 0.57m), Fail 5@t=10",2053,192,5,122,True,1.3531565543485184,0-2,27.945673265508905,0.05432673449109515,0-2:27.95; 2-3:27.47; 3-4:27.58; 4-6:27.90; 6-7:26.21; 7-8:27.24; 8-1:27.77,64,0
3,"N=9, d=192m (margin 0.57m), Fail 5@t=10",2053,192,5,123,True,1.3863524841870254,0-2,27.945235212063952,0.054764787936047554,0-2:27.95; 2-3:27.47; 3-4:27.60; 4-6:27.91; 6-7:26.29; 7-8:27.16; 8-1:27.75,65,0
3,"N=9, d=192m (margin 0.57m), Fail 5@t=10",2053,192,5,124,True,1.4095350981311654,0-2,27.94440353894832,0.0555964610516817,0-2:27.94; 2-3:27.47; 3-4:27.62; 4-6:27.91; 6-7:26.37; 7-8:27.08; 8-1:27.73,66,0
3,"N=9, d=192m (margin 0.57m), Fail 5@t=10",2053,192,5,125,True,1.300076927438083,0-2,27.94317819585213,0.056821804147869415,0-2:27.94; 2-3:27.47; 3-4:27.63; 4-6:27.92; 6-7:26.46; 7-8:27.01; 8-1:27.69,67,0
3,"N=9, d=192m (margin 0.57m), Fail 5@t=10",2053,192,5,126,True,1.1847796056146866,0-2,27.941559130297623,0.05844086970237683,0-2:27.94; 2-3:27.47; 3-4:27.65; 4-6:27.92; 6-7:26.54; 7-8:26.94; 8-1:27.65,68,0
3,"N=9, d=192m (margin 0.57m), Fail 5@t=10",2053,192,5,127,True,1.0669607023635765,0-2,27.939545121636638,0.060454878363362496,0-2:27.94; 2-3:27.47; 3-4:27.67; 4-6:27.93; 6-7:26.62; 7-8:26.88; 8-1:27.61,69,0
3,"N=9, d=192m (margin 0.57m), Fail 5@t=10",2053,192,5,128,True,0.9676099871765421,0-2,27.937136308020474,0.06286369197952624,0-2:27.94; 2-3:27.47; 3-4:27.69; 4-6:27.93; 6-7:26.69; 7-8:26.83; 8-1:27.57,70,0
3,"N=9, d=192m (margin 0.57m), Fail 5@t=10",2053,192,5,129,True,0.9248403150051961,4-6,27.935026155154215,0.06497384484578461,0-2:27.93; 2-3:27.47; 3-4:27.70; 4-6:27.94; 6-7:26.77; 7-8:26.79; 8-1:27.53,71,0
3,"N=9, d=192m (margin 0.57m), Fail 5@t=10",2053,192,5,130,True,0.8974444039103922,4-6,27.93882103857244,0.06117896142756152,0-2:27.93; 2-3:27.48; 3-4:27.72; 4-6:27.94; 6-7:26.83; 7-8:26.74; 8-1:27.48,72,0
3,"N=9, d=192m (margin 0.57m), Fail 5@t=10",2053,192,5,131,True,0.8682818070196128,4-6,27.942395343182948,0.05760465681705185,0-2:27.93; 2-3:27.48; 3-4:27.74; 4-6:27.94; 6-7:26.90; 7-8:26.70; 8-1:27.44,73,0
3,"N=9, d=192m (margin 0.57m), Fail 5@t=10",2053,192,5,132,True,0.8383117700810345,4-6,27.94576168558359,0.05423831441640914,0-2:27.92; 2-3:27.49; 3-4:27.75; 4-6:27.95; 6-7:26.96; 7-8:26.67; 8-1:27.39,74,0
3,"N=9, d=192m (margin 0.57m), Fail 5@t=10",2053,192,5,133,True,0.8082076569789456,4-6,27.948932289658636,0.05106771034136415,0-2:27.92; 2-3:27.49; 3-4:27.76; 4-6:27.95; 6-7:27.02; 7-8:26.64; 8-1:27.34,75,0
3,"N=9, d=192m (margin 0.57m), Fail 5@t=10",2053,192,5,134,True,0.778427255250758,4-6,27.95191822693977,0.04808177306022898,0-2:27.91; 2-3:27.50; 3-4:27.78; 4-6:27.95; 6-7:27.08; 7-8:26.61; 8-1:27.29,76,0
3,"N=9, d=192m (margin 0.57m), Fail 5@t=10",2053,192,5,135,True,0.7492409677162607,4-6,27.95472962308218,0.04527037691781999,0-2:27.91; 2-3:27.51; 3-4:27.79; 4-6:27.95; 6-7:27.13; 7-8:26.58; 8-1:27.25,77,0
3,"N=9, d=192m (margin 0.57m), Fail 5@t=10",2053,192,5,136,True,0.7209443727120659,4-6,27.957376370913885,0.0426236290861155,0-2:27.90; 2-3:27.52; 3-4:27.80; 4-6:27.96; 6-7:27.18; 7-8:26.54; 8-1:27.22,78,0
3,"N=9, d=192m (margin 0.57m), Fail 5@t=10",2053,192,5,137,True,0.6936362914590616,4-6,27.959868655231507,0.04013134476849345,0-2:27.90; 2-3:27.53; 3-4:27.81; 4-6:27.96; 6-7:27.23; 7-8:26.51; 8-1:27.19,79,0
3,"N=9, d=192m (margin 0.57m), Fail 5@t=10",2053,192,5,138,True,0.6674086260408957,4-6,27.962216655044912,0.03778334495508773,0-2:27.89; 2-3:27.55; 3-4:27.83; 4-6:27.96; 6-7:27.28; 7-8:26.48; 8-1:27.15,80,0
3,"N=9, d=192m (margin 0.57m), Fail 5@t=10",2053,192,5,139,True,0.6422313512662923,4-6,27.964426552686643,0.03557344731335732,0-2:27.88; 2-3:27.56; 3-4:27.84; 4-6:27.96; 6-7:27.32; 7-8:26.45; 8-1:27.12,81,0
3,"N=9, d=192m (margin 0.57m), Fail 5@t=10",2053,192,5,140,True,0.6181776854483882,4-6,27.966508373161123,0.03349162683887741,0-2:27.88; 2-3:27.58; 3-4:27.84; 4-6:27.97; 6-7:27.36; 7-8:26.42; 8-1:27.09,82,0
3,"N=9, d=192m (margin 0.57m), Fail 5@t=10",2053,192,5,141,True,0.5951770617124661,4-6,27.968467406234513,0.031532593765486894,0-2:27.87; 2-3:27.59; 3-4:27.85; 4-6:27.97; 6-7:27.40; 7-8:26.40; 8-1:27.05,83,0
3,"N=9, d=192m (margin 0.57m), Fail 5@t=10",2053,192,5,142,True,0.5732373177343294,4-6,27.970311059101434,0.02968894089856633,0-2:27.86; 2-3:27.61; 3-4:27.86; 4-6:27.97; 6-7:27.43; 7-8:26.38; 8-1:27.02,84,0
3,"N=9, d=192m (margin 0.57m), Fail 5@t=10",2053,192,5,143,True,0.5515509098562904,4-6,27.972046327680573,0.027953672319426914,0-2:27.85; 2-3:27.63; 3-4:27.87; 4-6:27.97; 6-7:27.47; 7-8:26.36; 8-1:26.98,85,0
3,"N=9, d=192m (margin 0.57m), Fail 5@t=10",2053,192,5,144,True,0.5301211534056022,4-6,27.97367957651558,0.026320423484420985,0-2:27.85; 2-3:27.65; 3-4:27.88; 4-6:27.97; 6-7:27.50; 7-8:26.34; 8-1:26.95,86,0
3,"N=9, d=192m (margin 0.57m), Fail 5@t=10",2053,192,5,145,True,0.5091684372535944,4-6,27.975217786601785,0.024782213398214736,0-2:27.84; 2-3:27.67; 3-4:27.89; 4-6:27.98; 6-7:27.53; 7-8:26.32; 8-1:26.93,87,0
3,"N=9, d=192m (margin 0.57m), Fail 5@t=10",2053,192,5,146,True,0.48880390791065337,4-6,27.976665929284856,0.02333407071514415,0-2:27.83; 2-3:27.68; 3-4:27.89; 4-6:27.98; 6-7:27.55; 7-8:26.30; 8-1:26.90,88,0
3,"N=9, d=192m (margin 0.57m), Fail 5@t=10",2053,192,5,147,True,0.46912974687445397,4-6,27.97802964851569,0.021970351484309703,0-2:27.83; 2-3:27.70; 3-4:27.90; 4-6:27.98; 6-7:27.58; 7-8:26.28; 8-1:26.87,89,0
3,"N=9, d=192m (margin 0.57m), Fail 5@t=10",2053,192,5,148,True,0.4501948205980582,4-6,27.97931416661453,0.020685833385471142,0-2:27.82; 2-3:27.72; 3-4:27.90; 4-6:27.98; 6-7:27.60; 7-8:26.27; 8-1:26.85,90,0
3,"N=9, d=192m (margin 0.57m), Fail 5@t=10",2053,192,5,149,True,0.43201004643950724,4-6,27.980523494564284,0.019476505435715552,0-2:27.82; 2-3:27.73; 3-4:27.91; 4-6:27.98; 6-7:27.63; 7-8:26.25; 8-1:26.82,91,0
3,"N=9, d=192m (margin 0.57m), Fail 5@t=10",2053,192,5,150,True,0.41458165563168886,4-6,27.981661348760795,0.01833865123920475,0-2:27.81; 2-3:27.75; 3-4:27.92; 4-6:27.98; 6-7:27.65; 7-8:26.24; 8-1:26.80,92,0
3,"N=9, d=192m (margin 0.57m), Fail 5@t=10",2053,192,5,151,True,0.397928789219438,4-6,27.982732878387083,0.017267121612917435,0-2:27.81; 2-3:27.76; 3-4:27.92; 4-6:27.98; 6-7:27.67; 7-8:26.23; 8-1:26.77,93,0
3,"N=9, d=192m (margin 0.57m), Fail 5@t=10",2053,192,5,152,True,0.3820265546288376,4-6,27.983742352917208,0.016257647082792204,0-2:27.81; 2-3:27.78; 3-4:27.92; 4-6:27.98; 6-7:27.69; 7-8:26.22; 8-1:26.74,94,0
3,"N=9, d=192m (margin 0.57m), Fail 5@t=10",2053,192,5,153,True,0.36683337120882803,4-6,27.984692416283924,0.015307583716076323,0-2:27.80; 2-3:27.79; 3-4:27.93; 4-6:27.98; 6-7:27.71; 7-8:26.22; 8-1:26.71,95,0
3,"N=9, d=192m (margin 0.57m), Fail 5@t=10",2053,192,5,154,True,0.35234069576502547,4-6,27.98558656584241,0.014413434157589222,0-2:27.80; 2-3:27.80; 3-4:27.93; 4-6:27.99; 6-7:27.73; 7-8:26.22; 8-1:26.68,96,0
3,"N=9, d=192m (margin 0.57m), Fail 5@t=10",2053,192,5,155,True,0.3385218776634447,4-6,27.98642808941341,0.013571910586591684,0-2:27.80; 2-3:27.81; 3-4:27.94; 4-6:27.99; 6-7:27.74; 7-8:26.21; 8-1:26.66,97,0
3,"N=9, d=192m (margin 0.57m), Fail 5@t=10",2053,192,5,156,True,0.32534940305300325,4-6,27.987220080778865,0.012779919221134861,0-2:27.80; 2-3:27.82; 3-4:27.94; 4-6:27.99; 6-7:27.76; 7-8:26.21; 8-1:26.63,98,0
3,"N=9, d=192m (margin 0.57m), Fail 5@t=10",2053,192,5,157,True,0.312795657689022,4-6,27.987965451697338,0.012034548302661818,0-2:27.80; 2-3:27.83; 3-4:27.94; 4-6:27.99; 6-7:27.77; 7-8:26.21; 8-1:26.60,99,0
3,"N=9, d=192m (margin 0.57m), Fail 5@t=10",2053,192,5,158,True,0.30737898886952253,4-6,27.988666943348502,0.011333056651498197,0-2:27.80; 2-3:27.84; 3-4:27.95; 4-6:27.99; 6-7:27.78; 7-8:26.22; 8-1:26.57,100,0
3,"N=9, d=192m (margin 0.57m), Fail 5@t=10",2053,192,5,159,True,0.3036294436493857,4-6,27.989327136160963,0.010672863839037205,0-2:27.80; 2-3:27.85; 3-4:27.95; 4-6:27.99; 6-7:27.80; 7-8:26.22; 8-1:26.55,101,0
3,"N=9, d=192m (margin 0.57m), Fail 5@t=10",2053,192,5,160,True,0.29988722813632357,4-6,27.98994845912958,0.01005154087042115,0-2:27.80; 2-3:27.86; 3-4:27.95; 4-6:27.99; 6-7:27.81; 7-8:26.22; 8-1:26.52,102,0
3,"N=9, d=192m (margin 0.57m), Fail 5@t=10",2053,192,5,161,True,0.29615262001648696,4-6,27.990533198763064,0.009466801236936107,0-2:27.80; 2-3:27.87; 3-4:27.96; 4-6:27.99; 6-7:27.82; 7-8:26.23; 8-1:26.49,103,0
3,"N=9, d=192m (margin 0.57m), Fail 5@t=10",2053,192,5,162,True,0.2924259105879284,4-6,27.991083507451627,0.0089164925483729,0-2:27.81; 2-3:27.88; 3-4:27.96; 4-6:27.99; 6-7:27.83; 7-8:26.23; 8-1:26.47,104,0
3,"N=9, d=192m (margin 0.57m), Fail 5@t=10",2053,192,5,163,True,0.28870740556378266,4-6,27.991601411313827,0.00839858868617327,0-2:27.81; 2-3:27.88; 3-4:27.96; 4-6:27.99; 6-7:27.84; 7-8:26.24; 8-1:26.44,105,0
3,"N=9, d=192m (margin 0.57m), Fail 5@t=10",2053,192,5,164,True,0.2849974259183682,4-6,27.99208881782202,0.007911182177981146,0-2:27.81; 2-3:27.89; 3-4:27.96; 4-6:27.99; 6-7:27.85; 7-8:26.24; 8-1:26.42,106,0
3,"N=9, d=192m (margin 0.57m), Fail 5@t=10",2053,192,5,165,True,0.2812963088200985,4-6,27.99254752246562,0.007452477534378943,0-2:27.81; 2-3:27.90; 3-4:27.97; 4-6:27.99; 6-7:27.86; 7-8:26.25; 8-1:26.39,107,0
3,"N=9, d=192m (margin 0.57m), Fail 5@t=10",2053,192,5,166,True,0.2776044086036365,4-6,27.99297921517797,0.007020784822028503,0-2:27.81; 2-3:27.90; 3-4:27.97; 4-6:27.99; 6-7:27.87; 7-8:26.26; 8-1:26.37,108,0
3,"N=9, d=192m (margin 0.57m), Fail 5@t=10",2053,192,5,167,True,0.2739220978075384,4-6,27.993385486527128,0.006614513472872119,0-2:27.82; 2-3:27.91; 3-4:27.97; 4-6:27.99; 6-7:27.87; 7-8:26.26; 8-1:26.35,109,0
3,"N=9, d=192m (margin 0.57m), Fail 5@t=10",2053,192,5,168,True,0.2702497682877481,4-6,27.99376783354052,0.006232166459479771,0-2:27.82; 2-3:27.91; 3-4:27.97; 4-6:27.99; 6-7:27.88; 7-8:26.27; 8-1:26.32,110,0
3,"N=9, d=192m (margin 0.57m), Fail 5@t=10",2053,192,5,169,True,0.2665878324074875,4-6,27.994127665187307,0.005872334812693225,0-2:27.82; 2-3:27.92; 3-4:27.97; 4-6:27.99; 6-7:27.89; 7-8:26.28; 8-1:26.30,111,0
3,"N=9, d=192m (margin 0.57m), Fail 5@t=10",2053,192,5,170,True,0.26293672430908904,4-6,27.99446630754025,0.005533692459749773,0-2:27.82; 2-3:27.92; 3-4:27.97; 4-6:27.99; 6-7:27.90; 7-8:26.29; 8-1:26.28,112,0
3,"N=9, d=192m (margin 0.57m), Fail 5@t=10",2053,192,5,171,True,0.2592969012597682,4-6,27.99478500874597,0.005214991254028689,0-2:27.82; 2-3:27.93; 3-4:27.98; 4-6:27.99; 6-7:27.90; 7-8:26.30; 8-1:26.26,113,0
3,"N=9, d=192m (margin 0.57m), Fail 5@t=10",2053,192,5,172,True,0.2556688451195746,4-6,27.995084943568873,0.004915056431126885,0-2:27.83; 2-3:27.93; 3-4:27.98; 4-6:28.00; 6-7:27.91; 7-8:26.31; 8-1:26.24,114,0
3,"N=9, d=192m (margin 0.57m), Fail 5@t=10",2053,192,5,173,True,0.25205306390553095,4-6,27.995367217728248,0.004632782271752234,0-2:27.83; 2-3:27.94; 3-4:27.98; 4-6:28.00; 6-7:27.91; 7-8:26.32; 8-1:26.21,115,0
3,"N=9, d=192m (margin 0.57m), Fail 5@t=10",2053,192,5,174,True,0.24845009344943492,4-6,27.995632871803092,0.004367128196907544,0-2:27.83; 2-3:27.94; 3-4:27.98; 4-6:28.00; 6-7:27.92; 7-8:26.33; 8-1:26.19,116,0
3,"N=9, d=192m (margin 0.57m), Fail 5@t=10",2053,192,5,175,True,0.24486049917463792,4-6,27.995882884979547,0.004117115020452644,0-2:27.83; 2-3:27.94; 3-4:27.98; 4-6:28.00; 6-7:27.92; 7-8:26.34; 8-1:26.17,117,0
3,"N=9, d=192m (margin 0.57m), Fail 5@t=10",2053,192,5,176,True,0.2412848779938571,4-6,27.99611817869273,0.003881821307270883,0-2:27.83; 2-3:27.95; 3-4:27.98; 4-6:28.00; 6-7:27.93; 7-8:26.35; 8-1:26.15,118,0
3,"N=9, d=192m (margin 0.57m), Fail 5@t=10",2053,192,5,177,True,0.23772386034250118,4-6,27.996339620047095,0.003660379952904691,0-2:27.84; 2-3:27.95; 3-4:27.98; 4-6:28.00; 6-7:27.93; 7-8:26.37; 8-1:26.13,119,0
3,"N=9, d=192m (margin 0.57m), Fail 5@t=10",2053,192,5,178,True,0.23417811235252825,4-6,27.99654802502998,0.003451974970019478,0-2:27.84; 2-3:27.95; 3-4:27.98; 4-6:28.00; 6-7:27.94; 7-8:26.38; 8-1:26.12,120,0
3,"N=9, d=192m (margin 0.57m), Fail 5@t=10",2053,192,5,179,True,0.23064833817587488,4-6,27.99674416153223,0.003255838467769223,0-2:27.84; 2-3:27.96; 3-4:27.99; 4-6:28.00; 6-7:27.94; 7-8:26.39; 8-1:26.10,121,0
3,"N=9, d=192m (margin 0.57m), Fail 5@t=10",2053,192,5,180,True,0.2271352824668808,4-6,27.9969287521883,0.0030712478117003172,0-2:27.84; 2-3:27.96; 3-4:27.99; 4-6:28.00; 6-7:27.94; 7-8:26.40; 8-1:26.08,122,0
3,"N=9, d=192m (margin 0.57m), Fail 5@t=10",2053,192,5,181,True,0.22363973303333246,4-6,27.997102477047925,0.0028975229520753487,0-2:27.84; 2-3:27.96; 3-4:27.99; 4-6:28.00; 6-7:27.95; 7-8:26.42; 8-1:26.06,123,0
3,"N=9, d=192m (margin 0.57m), Fail 5@t=10",2053,192,5,182,True,0.22016252366607017,4-6,27.997265976087796,0.002734023912204009,0-2:27.84; 2-3:27.96; 3-4:27.99; 4-6:28.00; 6-7:27.95; 7-8:26.43; 8-1:26.04,124,0
3,"N=9, d=192m (margin 0.57m), Fail 5@t=10",2053,192,5,183,True,0.21764450536437052,4-6,27.997419851574307,0.002580148425693096,0-2:27.84; 2-3:27.97; 3-4:27.99; 4-6:28.00; 6-7:27.95; 7-8:26.44; 8-1:26.03,125,0
3,"N=9, d=192m (margin 0.57m), Fail 5@t=10",2053,192,5,184,True,0.21739535790572573,4-6,27.997564670287243,0.0024353297127568396,0-2:27.84; 2-3:27.97; 3-4:27.99; 4-6:28.00; 6-7:27.95; 7-8:26.46; 8-1:26.01,126,0
3,"N=9, d=192m (margin 0.57m), Fail 5@t=10",2053,192,5,185,True,0.2172236956715362,4-6,27.997700965611894,0.0022990343881055253,0-2:27.84; 2-3:27.97; 3-4:27.99; 4-6:28.00; 6-7:27.96; 7-8:26.47; 8-1:25.99,127,0
3,"N=9, d=192m (margin 0.57m), Fail 5@t=10",2053,192,5,186,True,0.2171295590901285,4-6,27.997829239507666,0.0021707604923335566,0-2:27.84; 2-3:27.97; 3-4:27.99; 4-6:28.00; 6-7:27.96; 7-8:26.49; 8-1:25.98,128,0
3,"N=9, d=192m (margin 0.57m), Fail 5@t=10",2053,192,5,187,True,0.2171129097182409,4-6,27.99794996436042,0.0020500356395807273,0-2:27.84; 2-3:27.97; 3-4:27.99; 4-6:28.00; 6-7:27.96; 7-8:26.50; 8-1:25.96,129,0
3,"N=9, d=192m (margin 0.57m), Fail 5@t=10",2053,192,5,188,True,0.21717363021132127,4-6,27.998063584725564,0.0019364152744358876,0-2:27.84; 2-3:27.97; 3-4:27.99; 4-6:28.00; 6-7:27.96; 7-8:26.51; 8-1:25.95,130,0
3,"N=9, d=192m (margin 0.57m), Fail 5@t=10",2053,192,5,189,True,0.21731152470023532,4-6,27.99817051896828,0.0018294810317200927,0-2:27.84; 2-3:27.98; 3-4:27.99; 4-6:28.00; 6-7:27.97; 7-8:26.53; 8-1:25.93,131,0
3,"N=9, d=192m (margin 0.57m), Fail 5@t=10",2053,192,5,190,True,0.21752631957287766,4-6,27.998271160807114,0.0017288391928858005,0-2:27.84; 2-3:27.98; 3-4:27.99; 4-6:28.00; 6-7:27.97; 7-8:26.54; 8-1:25.92,132,0
3,"N=9, d=192m (margin 0.57m), Fail 5@t=10",2053,192,5,191,True,0.21781771922922716,4-6,27.99836632318652,0.0016336768134799229,0-2:27.84; 2-3:27.98; 3-4:27.99; 4-6:28.00; 6-7:27.97; 7-8:26.56; 8-1:25.91,133,0
3,"N=9, d=192m (margin 0.57m), Fail 5@t=10",2053,192,5,192,True,0.2181850992109923,4-6,27.99845619686428,0.0015438031357213333,0-2:27.84; 2-3:27.98; 3-4:27.99; 4-6:28.00; 6-7:27.97; 7-8:26.57; 8-1:25.89,134,0
3,"N=9, d=192m (margin 0.57m), Fail 5@t=10",2053,192,5,193,True,0.2186280309004681,4-6,27.998540995952528,0.0014590040474722343,0-2:27.84; 2-3:27.98; 3-4:27.99; 4-6:28.00; 6-7:27.97; 7-8:26.59; 8-1:25.88,135,0
3,"N=9, d=192m (margin 0.57m), Fail 5@t=10",2053,192,5,194,True,0.2191459904660959,4-6,27.99862094769671,0.0013790523032888302,0-2:27.83; 2-3:27.98; 3-4:27.99; 4-6:28.00; 6-7:27.98; 7-8:26.61; 8-1:25.87,136,0
3,"N=9, d=192m (margin 0.57m), Fail 5@t=10",2053,192,5,195,True,0.21973836909606,4-6,27.998696285106437,0.0013037148935630682,0-2:27.83; 2-3:27.98; 3-4:27.99; 4-6:28.00; 6-7:27.98; 7-8:26.62; 8-1:25.86,137,0
3,"N=9, d=192m (margin 0.57m), Fail 5@t=10",2053,192,5,196,True,0.22040448123422363,4-6,27.998767241745604,0.0012327582543960602,0-2:27.83; 2-3:27.98; 3-4:27.99; 4-6:28.00; 6-7:27.98; 7-8:26.64; 8-1:25.84,138,0
3,"N=9, d=192m (margin 0.57m), Fail 5@t=10",2053,192,5,197,True,0.22114357152967334,4-6,27.998834047989153,0.0011659520108473487,0-2:27.83; 2-3:27.99; 3-4:28.00; 4-6:28.00; 6-7:27.98; 7-8:26.65; 8-1:25.83,139,0
3,"N=9, d=192m (margin 0.57m), Fail 5@t=10",2053,192,5,198,True,0.2219548208472991,4-6,27.998896928458443,0.001103071541557199,0-2:27.82; 2-3:27.99; 3-4:28.00; 4-6:28.00; 6-7:27.98; 7-8:26.67; 8-1:25.82,140,0
3,"N=9, d=192m (margin 0.57m), Fail 5@t=10",2053,192,5,199,True,0.2228373516378254,4-6,27.99895610033014,0.001043899669859627,0-2:27.82; 2-3:27.99; 3-4:28.00; 4-6:28.00; 6-7:27.98; 7-8:26.69; 8-1:25.81,141,0
3,"N=9, d=192m (margin 0.57m), Fail 5@t=10",2053,192,5,200,True,0.2237902329054296,4-6,27.999011772262794,0.0009882277372064152,0-2:27.81; 2-3:27.99; 3-4:28.00; 4-6:28.00; 6-7:27.98; 7-8:26.70; 8-1:25.80,142,0
3,"N=9, d=192m (margin 0.57m), Fail 5@t=10",2053,192,5,201,True,0.2248124848989427,4-6,27.999064143772983,0.0009358562270165294,0-2:27.81; 2-3:27.99; 3-4:28.00; 4-6:28.00; 6-7:27.98; 7-8:26.72; 8-1:25.79,143,0
3,"N=9, d=192m (margin 0.57m), Fail 5@t=10",2053,192,5,202,True,0.22590308361186506,4-6,27.999113404936292,0.0008865950637080289,0-2:27.81; 2-3:27.99; 3-4:28.00; 4-6:28.00; 6-7:27.98; 7-8:26.74; 8-1:25.78,144,0
3,"N=9, d=192m (margin 0.57m), Fail 5@t=10",2053,192,5,203,True,0.2270609651420483,4-6,27.999159736320877,0.0008402636791231544,0-2:27.80; 2-3:27.99; 3-4:28.00; 4-6:28.00; 6-7:27.99; 7-8:26.75; 8-1:25.77,145,0
3,"N=9, d=192m (margin 0.57m), Fail 5@t=10",2053,192,5,204,True,0.22828502993807778,4-6,27.999203309084844,0.0007966909151555512,0-2:27.80; 2-3:27.99; 3-4:28.00; 4-6:28.00; 6-7:27.99; 7-8:26.77; 8-1:25.77,146,0
3,"N=9, d=192m (margin 0.57m), Fail 5@t=10",2053,192,5,205,True,0.22957414694323797,4-6,27.99924428518756,0.0007557148124384128,0-2:27.79; 2-3:27.99; 3-4:28.00; 4-6:28.00; 6-7:27.99; 7-8:26.79; 8-1:25.76,147,0
3,"N=9, d=192m (margin 0.57m), Fail 5@t=10",2053,192,5,206,True,0.2309271576373577,4-6,27.99928281767722,0.0007171823227807295,0-2:27.78; 2-3:27.99; 3-4:28.00; 4-6:28.00; 6-7:27.99; 7-8:26.80; 8-1:25.75,148,0
3,"N=9, d=192m (margin 0.57m), Fail 5@t=10",2053,192,5,207,True,0.23234287997022676,4-6,27.999319051027843,0.0006809489721568696,0-2:27.78; 2-3:27.99; 3-4:28.00; 4-6:28.00; 6-7:27.99; 7-8:26.82; 8-1:25.74,149,0
3,"N=9, d=192m (margin 0.57m), Fail 5@t=10",2053,192,5,208,True,0.2338201121765444,4-6,27.999353121505806,0.000646878494194425,0-2:27.77; 2-3:27.99; 3-4:28.00; 4-6:28.00; 6-7:27.99; 7-8:26.84; 8-1:25.74,150,0
3,"N=9, d=192m (margin 0.57m), Fail 5@t=10",2053,192,5,209,True,0.23535763646064986,4-6,27.999385157551433,0.0006148424485665771,0-2:27.76; 2-3:27.99; 3-4:28.00; 4-6:28.00; 6-7:27.99; 7-8:26.85; 8-1:25.73,151,0
3,"N=9, d=192m (margin 0.57m), Fail 5@t=10",2053,192,5,210,True,0.2369542225389888,4-6,27.99941528016542,0.0005847198345811933,0-2:27.76; 2-3:27.99; 3-4:28.00; 4-6:28.00; 6-7:27.99; 7-8:26.87; 8-1:25.72,152,0
3,"N=9, d=192m (margin 0.57m), Fail 5@t=10",2053,192,5,211,True,0.23860863102892543,4-6,27.99944360329281,0.0005563967071893217,0-2:27.75; 2-3:27.99; 3-4:28.00; 4-6:28.00; 6-7:27.99; 7-8:26.89; 8-1:25.72,153,0
3,"N=9, d=192m (margin 0.57m), Fail 5@t=10",2053,192,5,212,True,0.2403196166738038,4-6,27.999470234199492,0.0005297658005076755,0-2:27.74; 2-3:27.99; 3-4:28.00; 4-6:28.00; 6-7:27.99; 7-8:26.91; 8-1:25.71,154,0
3,"N=9, d=192m (margin 0.57m), Fail 5@t=10",2053,192,5,213,True,0.2420859313958246,4-6,27.999495273837493,0.0005047261625072963,0-2:27.73; 2-3:27.99; 3-4:28.00; 4-6:28.00; 6-7:27.99; 7-8:26.92; 8-1:25.71,155,0
3,"N=9, d=192m (margin 0.57m), Fail 5@t=10",2053,192,5,214,True,0.24390632717017244,4-6,27.99951881719723,0.00048118280276909786,0-2:27.72; 2-3:27.99; 3-4:28.00; 4-6:28.00; 6-7:27.99; 7-8:26.94; 8-1:25.70,156,0
3,"N=9, d=192m (margin 0.57m), Fail 5@t=10",2053,192,5,215,True,0.24577955871577545,4-6,27.999540953644974,0.00045904635502580504,0-2:27.71; 2-3:27.99; 3-4:28.00; 4-6:28.00; 6-7:27.99; 7-8:26.96; 8-1:25.70,157,0
3,"N=9, d=192m (margin 0.57m), Fail 5@t=10",2053,192,5,216,True,0.24770438599999164,4-6,27.99956176724496,0.00043823275504095704,0-2:27.71; 2-3:28.00; 3-4:28.00; 4-6:28.00; 6-7:27.99; 7-8:26.98; 8-1:25.70,158,0
3,"N=9, d=192m (margin 0.57m), Fail 5@t=10",2053,192,5,217,True,0.24967957655634485,4-6,27.999581337065862,0.0004186629341376147,0-2:27.70; 2-3:28.00; 3-4:28.00; 4-6:28.00; 6-7:27.99; 7-8:26.99; 8-1:25.69,159,0
3,"N=9, d=192m (margin 0.57m), Fail 5@t=10",2053,192,5,218,True,0.2517039076161377,4-6,27.99959973747155,0.00040026252845137833,0-2:27.69; 2-3:28.00; 3-4:28.00; 4-6:28.00; 6-7:27.99; 7-8:27.01; 8-1:25.69,160,0
3,"N=9, d=192m (margin 0.57m), Fail 5@t=10",2053,192,5,219,True,0.2537761680562969,4-6,27.999617038396455,0.0003829616035453398,0-2:27.67; 2-3:28.00; 3-4:28.00; 4-6:28.00; 6-7:27.99; 7-8:27.03; 8-1:25.69,161,0
3,"N=9, d=192m (margin 0.57m), Fail 5@t=10",2053,192,5,220,True,0.25589516016717123,4-6,27.999633305606025,0.0003666943939748535,0-2:27.66; 2-3:28.00; 3-4:28.00; 4-6:28.00; 6-7:27.99; 7-8:27.05; 8-1:25.69,162,0
3,"N=9, d=192m (margin 0.57m), Fail 5@t=10",2053,192,5,221,True,0.25805970124517796,4-6,27.99964860094271,0.00035139905729053567,0-2:27.65; 2-3:28.00; 3-4:28.00; 4-6:28.00; 6-7:27.99; 7-8:27.07; 8-1:25.68,163,0
3,"N=9, d=192m (margin 0.57m), Fail 5@t=10",2053,192,5,222,True,0.2602686250161807,4-6,27.999662982557997,0.00033701744200342887,0-2:27.64; 2-3:28.00; 3-4:28.00; 4-6:28.00; 6-7:28.00; 7-8:27.08; 8-1:25.68,164,0
3,"N=9, d=192m (margin 0.57m), Fail 5@t=10",2053,192,5,223,True,0.2625207828963039,4-6,27.999676505131298,0.00032349486870231203,0-2:27.63; 2-3:28.00; 3-4:28.00; 4-6:28.00; 6-7:28.00; 7-8:27.10; 8-1:25.68,165,0
3,"N=9, d=192m (margin 0.57m), Fail 5@t=10",2053,192,5,224,True,0.2648150450975247,4-6,27.999689220076128,0.0003107799238719622,0-2:27.62; 2-3:28.00; 3-4:28.00; 4-6:28.00; 6-7:28.00; 7-8:27.12; 8-1:25.68,166,0
3,"N=9, d=192m (margin 0.57m), Fail 5@t=10",2053,192,5,225,True,0.26715030158588066,4-6,27.99970117573439,0.0002988242656094542,0-2:27.60; 2-3:28.00; 3-4:28.00; 4-6:28.00; 6-7:28.00; 7-8:27.14; 8-1:25.68,167,0
3,"N=9, d=192m (margin 0.57m), Fail 5@t=10",2053,192,5,226,True,0.269525462795045,4-6,27.999712417585,0.0002875824150017081,0-2:27.59; 2-3:28.00; 3-4:28.00; 4-6:28.00; 6-7:28.00; 7-8:27.16; 8-1:25.68,168,0
3,"N=9, d=192m (margin 0.57m), Fail 5@t=10",2053,192,5,227,True,0.2719394605268135,4-6,27.99972298838816,0.0002770116118391286,0-2:27.58; 2-3:28.00; 3-4:28.00; 4-6:28.00; 6-7:28.00; 7-8:27.18; 8-1:25.68,169,0
3,"N=9, d=192m (margin 0.57m), Fail 5@t=10",2053,192,5,228,True,0.27439124843862706,4-6,27.999732928341032,0.0002670716589676658,0-2:27.56; 2-3:28.00; 3-4:28.00; 4-6:28.00; 6-7:28.00; 7-8:27.19; 8-1:25.68,170,0
3,"N=9, d=192m (margin 0.57m), Fail 5@t=10",2053,192,5,229,True,0.27687980246000543,4-6,27.99974227523246,0.0002577247675397132,0-2:27.55; 2-3:28.00; 3-4:28.00; 4-6:28.00; 6-7:28.00; 7-8:27.21; 8-1:25.69,171,0
3,"N=9, d=192m (margin 0.57m), Fail 5@t=10",2053,192,5,230,True,0.2794041211407215,4-6,27.999751064588192,0.0002489354118075937,0-2:27.53; 2-3:28.00; 3-4:28.00; 4-6:28.00; 6-7:28.00; 7-8:27.23; 8-1:25.69,172,0
3,"N=9, d=192m (margin 0.57m), Fail 5@t=10",2053,192,5,231,True,0.28196322590145845,4-6,27.99975932980702,0.00024067019298001924,0-2:27.52; 2-3:28.00; 3-4:28.00; 4-6:28.00; 6-7:28.00; 7-8:27.25; 8-1:25.69,173,0
3,"N=9, d=192m (margin 0.57m), Fail 5@t=10",2053,192,5,232,True,0.2845561611950385,4-6,27.99976710228855,0.00023289771144874294,0-2:27.50; 2-3:28.00; 3-4:28.00; 4-6:28.00; 6-7:28.00; 7-8:27.27; 8-1:25.69,174,0
3,"N=9, d=192m (margin 0.57m), Fail 5@t=10",2053,192,5,233,True,0.2871819945860238,4-6,27.99977441155336,0.00022558844663933542,0-2:27.49; 2-3:28.00; 3-4:28.00; 4-6:28.00; 6-7:28.00; 7-8:27.29; 8-1:25.70,175,0
3,"N=9, d=192m (margin 0.57m), Fail 5@t=10",2053,192,5,234,True,0.2898398167561927,4-6,27.999781285355574,0.00021871464442568822,0-2:27.47; 2-3:28.00; 3-4:28.00; 4-6:28.00; 6-7:28.00; 7-8:27.31; 8-1:25.70,176,0
3,"N=9, d=192m (margin 0.57m), Fail 5@t=10",2053,192,5,235,True,0.2925287414430175,4-6,27.999787749788823,0.0002122502111774338,0-2:27.46; 2-3:28.00; 3-4:28.00; 4-6:28.00; 6-7:28.00; 7-8:27.32; 8-1:25.70,177,0
3,"N=9, d=192m (margin 0.57m), Fail 5@t=10",2053,192,5,236,True,0.29524790531791656,4-6,27.999793829385734,0.00020617061426619898,0-2:27.44; 2-3:28.00; 3-4:28.00; 4-6:28.00; 6-7:28.00; 7-8:27.34; 8-1:25.71,178,0
3,"N=9, d=192m (margin 0.57m), Fail 5@t=10",2053,192,5,237,True,0.2979964678106798,4-6,27.999799547211353,0.00020045278864699867,0-2:27.42; 2-3:28.00; 3-4:28.00; 4-6:28.00; 6-7:28.00; 7-8:27.36; 8-1:25.71,179,0
3,"N=9, d=192m (margin 0.57m), Fail 5@t=10",2053,192,5,238,True,0.3007736108860656,4-6,27.999804924951118,0.00019507504888238714,0-2:27.40; 2-3:28.00; 3-4:28.00; 4-6:28.00; 6-7:28.00; 7-8:27.38; 8-1:25.72,180,0
3,"N=9, d=192m (margin 0.57m), Fail 5@t=10",2053,192,5,239,True,0.303578538922716,4-6,27.99980998296468,0.00019001703531884573,0-2:27.39; 2-3:28.00; 3-4:28.00; 4-6:28.00; 6-7:28.00; 7-8:27.40; 8-1:25.73,181,0
3,"N=9, d=192m (margin 0.57m), Fail 5@t=10",2053,192,5,240,True,0.3064104780925989,4-6,27.99981474039907,0.0001852596009292995,0-2:27.37; 2-3:28.00; 3-4:28.00; 4-6:28.00; 6-7:28.00; 7-8:27.42; 8-1:25.73,182,0
3,"N=9, d=192m (margin 0.57m), Fail 5@t=10",2053,192,5,241,True,0.3092686761860768,4-6,27.999819215263976,0.0001807847360240089,0-2:27.35; 2-3:28.00; 3-4:28.00; 4-6:28.00; 6-7:28.00; 7-8:27.44; 8-1:25.74,183,0
3,"N=9, d=192m (margin 0.57m), Fail 5@t=10",2053,192,5,242,True,0.31215240227450725,4-6,27.99982342449766,0.0001765755023406257,0-2:27.33; 2-3:28.00; 3-4:28.00; 4-6:28.00; 6-7:28.00; 7-8:27.46; 8-1:25.74,184,0
3,"N=9, d=192m (margin 0.57m), Fail 5@t=10",2053,192,5,243,True,0.31506094632177617,4-6,27.99982738402952,0.00017261597048090493,0-2:27.31; 2-3:28.00; 3-4:28.00; 4-6:28.00; 6-7:28.00; 7-8:27.48; 8-1:25.75,185,0
3,"N=9, d=192m (margin 0.57m), Fail 5@t=10",2053,192,5,244,True,0.31799361877679105,4-6,27.9998311088393,0.00016889116070117893,0-2:27.29; 2-3:28.00; 3-4:28.00; 4-6:28.00; 6-7:28.00; 7-8:27.50; 8-1:25.76,186,0
3,"N=9, d=192m (margin 0.57m), Fail 5@t=10",2053,192,5,245,True,0.32094975015026217,4-6,27.99983461301302,0.00016538698697843301,0-2:27.27; 2-3:28.00; 3-4:28.00; 4-6:28.00; 6-7:28.00; 7-8:27.52; 8-1:25.77,187,0
3,"N=9, d=192m (margin 0.57m), Fail 5@t=10",2053,192,5,246,True,0.32392869057882245,4-6,27.999837909795833,0.0001620902041672423,0-2:27.25; 2-3:28.00; 3-4:28.00; 4-6:28.00; 6-7:28.00; 7-8:27.53; 8-1:25.78,188,0
3,"N=9, d=192m (margin 0.57m), Fail 5@t=10",2053,192,5,247,True,0.32692980937927135,4-6,27.999841011641802,0.0001589883581978313,0-2:27.23; 2-3:28.00; 3-4:28.00; 4-6:28.00; 6-7:28.00; 7-8:27.55; 8-1:25.79,189,0
3,"N=9, d=192m (margin 0.57m), Fail 5@t=10",2053,192,5,248,True,0.3299524945954792,4-6,27.99984393026091,0.00015606973909143562,0-2:27.21; 2-3:28.00; 3-4:28.00; 4-6:28.00; 6-7:28.00; 7-8:27.57; 8-1:25.80,190,0
3,"N=9, d=192m (margin 0.57m), Fail 5@t=10",2053,192,5,249,True,0.3329961525402387,4-6,27.999846676663267,0.00015332333673256926,0-2:27.19; 2-3:28.00; 3-4:28.00; 4-6:28.00; 6-7:28.00; 7-8:27.59; 8-1:25.80,191,0
3,"N=9, d=192m (margin 0.57m), Fail 5@t=10",2053,192,5,250,True,0.3360602073341315,4-6,27.999849261200865,0.00015073879913529709,0-2:27.17; 2-3:28.00; 3-4:28.00; 4-6:28.00; 6-7:28.00; 7-8:27.61; 8-1:25.81,192,0
3,"N=9, d=192m (margin 0.57m), Fail 5@t=10",2053,192,5,251,True,0.3390374275575487,4-6,27.99985176754792,0.00014823245208006597,0-2:27.14; 2-3:28.00; 3-4:28.00; 4-6:28.00; 6-7:28.00; 7-8:27.63; 8-1:25.83,193,0
3,"N=9, d=192m (margin 0.57m), Fail 5@t=10",2053,192,5,252,True,0.34151399235844926,4-6,27.999854628553425,0.00014537144657467138,0-2:27.12; 2-3:28.00; 3-4:28.00; 4-6:28.00; 6-7:28.00; 7-8:27.65; 8-1:25.84,194,0
3,"N=9, d=192m (margin 0.57m), Fail 5@t=10",2053,192,5,253,True,0.3436511399805717,4-6,27.999857324347833,0.00014267565216741218,0-2:27.10; 2-3:28.00; 3-4:28.00; 4-6:28.00; 6-7:28.00; 7-8:27.67; 8-1:25.85,195,0
3,"N=9, d=192m (margin 0.57m), Fail 5@t=10",2053,192,5,254,True,0.3455666501783093,4-6,27.99985992778235,0.00014007221765055533,0-2:27.07; 2-3:28.00; 3-4:28.00; 4-6:28.00; 6-7:28.00; 7-8:27.69; 8-1:25.86,196,0
3,"N=9, d=192m (margin 0.57m), Fail 5@t=10",2053,192,5,255,True,0.34734729190187874,4-6,27.99986247128602,0.00013752871398153843,0-2:27.05; 2-3:28.00; 3-4:28.00; 4-6:28.00; 6-7:28.00; 7-8:27.71; 8-1:25.88,197,0
3,"N=9, d=192m (margin 0.57m), Fail 5@t=10",2053,192,5,256,True,0.3490563316977716,3-4,27.999870641293423,0.0001293587065767099,0-2:27.03; 2-3:28.00; 3-4:28.00; 4-6:28.00; 6-7:28.00; 7-8:27.72; 8-1:25.89,198,0
3,"N=9, d=192m (margin 0.57m), Fail 5@t=10",2053,192,5,257,True,0.3507395529061845,3-4,27.99987948926392,0.00012051073608176921,0-2:27.00; 2-3:28.00; 3-4:28.00; 4-6:28.00; 6-7:28.00; 7-8:27.74; 8-1:25.91,199,0
3,"N=9, d=192m (margin 0.57m), Fail 5@t=10",2053,192,5,258,True,0.3524297578352061,3-4,27.99988786360063,0.00011213639936968889,0-2:26.98; 2-3:28.00; 3-4:28.00; 4-6:28.00; 6-7:28.00; 7-8:27.75; 8-1:25.92,200,0
3,"N=9, d=192m (margin 0.57m), Fail 5@t=10",2053,192,5,259,True,0.3541501295675992,3-4,27.999895774214167,0.00010422578583302311,0-2:26.95; 2-3:28.00; 3-4:28.00; 4-6:28.00; 6-7:28.00; 7-8:27.77; 8-1:25.94,201,0
3,"N=9, d=192m (margin 0.57m), Fail 5@t=10",2053,192,5,260,True,0.3559167390148254,3-4,27.999903231450585,9.676854941531587e-05,0-2:26.93; 2-3:28.00; 3-4:28.00; 4-6:28.00; 6-7:28.00; 7-8:27.78; 8-1:25.96,202,0
3,"N=9, d=192m (margin 0.57m), Fail 5@t=10",2053,192,5,261,True,0.35774041271975743,3-4,27.999910247061266,8.975293873447754e-05,0-2:26.90; 2-3:28.00; 3-4:28.00; 4-6:28.00; 6-7:28.00; 7-8:27.79; 8-1:25.98,203,0
3,"N=9, d=192m (margin 0.57m), Fail 5@t=10",2053,192,5,262,True,0.3596281232315886,3-4,27.999916834512312,8.316548768760867e-05,0-2:26.88; 2-3:28.00; 3-4:28.00; 4-6:28.00; 6-7:28.00; 7-8:27.81; 8-1:26.00,204,0
3,"N=9, d=192m (margin 0.57m), Fail 5@t=10",2053,192,5,263,True,0.3615840232480505,3-4,27.999923008919012,7.69910809879093e-05,0-2:26.85; 2-3:28.00; 3-4:28.00; 4-6:28.00; 6-7:28.00; 7-8:27.82; 8-1:26.03,205,0
3,"N=9, d=192m (margin 0.57m), Fail 5@t=10",2053,192,5,264,True,0.36361021413129857,3-4,27.999928786787077,7.121321292302696e-05,0-2:26.83; 2-3:28.00; 3-4:28.00; 4-6:28.00; 6-7:28.00; 7-8:27.83; 8-1:26.05,206,0
3,"N=9, d=192m (margin 0.57m), Fail 5@t=10",2053,192,5,265,True,0.36570731645497884,3-4,27.99993418567269,6.581432731067594e-05,0-2:26.80; 2-3:28.00; 3-4:28.00; 4-6:28.00; 6-7:28.00; 7-8:27.84; 8-1:26.07,207,0
3,"N=9, d=192m (margin 0.57m), Fail 5@t=10",2053,192,5,266,True,0.3678748930633547,3-4,27.99993922382797,6.077617203104069e-05,0-2:26.77; 2-3:28.00; 3-4:28.00; 4-6:28.00; 6-7:28.00; 7-8:27.85; 8-1:26.10,208,0
3,"N=9, d=192m (margin 0.57m), Fail 5@t=10",2053,192,5,267,True,0.3701109587726442,3-4,27.999944507787347,5.549221265255255e-05,0-2:26.75; 2-3:28.00; 3-4:28.00; 4-6:28.00; 6-7:28.00; 7-8:27.86; 8-1:26.13,209,0
3,"N=9, d=192m (margin 0.57m), Fail 5@t=10",2053,192,5,268,True,0.3724148636200971,3-4,27.99994984272539,5.015727461099573e-05,0-2:26.72; 2-3:28.00; 3-4:28.00; 4-6:28.00; 6-7:28.00; 7-8:27.86; 8-1:26.15,210,0
3,"N=9, d=192m (margin 0.57m), Fail 5@t=10",2053,192,5,269,True,0.374784512915656,3-4,27.999955092793318,4.490720668215431e-05,0-2:26.69; 2-3:28.00; 3-4:28.00; 4-6:28.00; 6-7:28.00; 7-8:27.87; 8-1:26.18,211,0
3,"N=9, d=192m (margin 0.57m), Fail 5@t=10",2053,192,5,270,True,0.3772176078079169,3-4,27.999960165716093,3.983428390696986e-05,0-2:26.67; 2-3:28.00; 3-4:28.00; 4-6:28.00; 6-7:28.00; 7-8:27.88; 8-1:26.21,212,0
3,"N=9, d=192m (margin 0.57m), Fail 5@t=10",2053,192,5,271,True,0.3797117339409296,3-4,27.99996500125497,3.4998745029213296e-05,0-2:26.64; 2-3:28.00; 3-4:28.00; 4-6:28.00; 6-7:28.00; 7-8:27.89; 8-1:26.24,213,0
3,"N=9, d=192m (margin 0.57m), Fail 5@t=10",2053,192,5,272,True,0.3822644257698491,3-4,27.999969562577654,3.043742234609681e-05,0-2:26.61; 2-3:28.00; 3-4:28.00; 4-6:28.00; 6-7:28.00; 7-8:27.89; 8-1:26.27,214,0
3,"N=9, d=192m (margin 0.57m), Fail 5@t=10",2053,192,5,273,True,0.38487321282039644,3-4,27.99997382981399,2.617018601114296e-05,0-2:26.58; 2-3:28.00; 3-4:28.00; 4-6:28.00; 6-7:28.00; 7-8:27.90; 8-1:26.30,215,0
3,"N=9, d=192m (margin 0.57m), Fail 5@t=10",2053,192,5,274,True,0.3875356525712433,3-4,27.99997779525397,2.2204746031206923e-05,0-2:26.55; 2-3:28.00; 3-4:28.00; 4-6:28.00; 6-7:28.00; 7-8:27.91; 8-1:26.33,216,0
3,"N=9, d=192m (margin 0.57m), Fail 5@t=10",2053,192,5,275,True,0.3902493534410884,3-4,27.999981459778436,1.8540221564222747e-05,0-2:26.52; 2-3:28.00; 3-4:28.00; 4-6:28.00; 6-7:28.00; 7-8:27.91; 8-1:26.36,217,0
3,"N=9, d=192m (margin 0.57m), Fail 5@t=10",2053,192,5,276,True,0.39301199047092006,3-4,27.99998483021472,1.5169785278601466e-05,0-2:26.49; 2-3:28.00; 3-4:28.00; 4-6:28.00; 6-7:28.00; 7-8:27.92; 8-1:26.40,218,0
3,"N=9, d=192m (margin 0.57m), Fail 5@t=10",2053,192,5,277,True,0.3958213156279889,3-4,27.999987917385436,1.2082614563979632e-05,0-2:26.46; 2-3:28.00; 3-4:28.00; 4-6:28.00; 6-7:28.00; 7-8:27.92; 8-1:26.43,219,0
3,"N=9, d=192m (margin 0.57m), Fail 5@t=10",2053,192,5,278,True,0.398675164164386,3-4,27.9999907346763,9.265323701157513e-06,0-2:26.43; 2-3:28.00; 3-4:28.00; 4-6:28.00; 6-7:28.00; 7-8:27.93; 8-1:26.46,220,0
3,"N=9, d=192m (margin 0.57m), Fail 5@t=10",2053,192,5,279,True,0.40160837166791025,3-4,27.99999326565567,6.73434432840736e-06,0-2:26.40; 2-3:28.00; 3-4:28.00; 4-6:28.00; 6-7:28.00; 7-8:27.93; 8-1:26.50,221,0
3,"N=9, d=192m (margin 0.57m), Fail 5@t=10",2053,192,5,280,True,0.40471180493814807,3-4,27.99999160267184,8.397328159048811e-06,0-2:26.37; 2-3:28.00; 3-4:28.00; 4-6:28.00; 6-7:28.00; 7-8:27.93; 8-1:26.53,222,0
3,"N=9, d=192m (margin 0.57m), Fail 5@t=10",2053,192,5,281,True,0.40732977105156387,3-4,27.999990770286093,9.229713906933057e-06,0-2:26.34; 2-3:28.00; 3-4:28.00; 4-6:28.00; 6-7:28.00; 7-8:27.94; 8-1:26.57,223,0
3,"N=9, d=192m (margin 0.57m), Fail 5@t=10",2053,192,5,282,True,0.40999675216562864,3-4,27.999991122140198,8.87785980197009e-06,0-2:26.31; 2-3:28.00; 3-4:28.00; 4-6:28.00; 6-7:28.00; 7-8:27.94; 8-1:26.61,224,0
3,"N=9, d=192m (margin 0.57m), Fail 5@t=10",2053,192,5,283,True,0.4127020007506441,3-4,27.999994396845274,5.603154725974946e-06,0-2:26.28; 2-3:28.00; 3-4:28.00; 4-6:28.00; 6-7:28.00; 7-8:27.94; 8-1:26.64,225,0
3,"N=9, d=192m (margin 0.57m), Fail 5@t=10",2053,192,5,284,True,0.41538983030701265,3-4,27.999995363370516,4.636629483911747e-06,0-2:26.25; 2-3:28.00; 3-4:28.00; 4-6:27.99; 6-7:28.00; 7-8:27.95; 8-1:26.68,226,0
3,"N=9, d=192m (margin 0.57m), Fail 5@t=10",2053,192,5,285,True,0.5041598107118981,3-4,27.99999373114946,6.268850540891435e-06,0-2:26.22; 2-3:28.00; 3-4:28.00; 4-6:27.99; 6-7:28.00; 7-8:27.95; 8-1:26.72,227,0
3,"N=9, d=192m (margin 0.57m), Fail 5@t=10",2053,192,5,286,True,0.6490593246479552,3-4,27.9999923890355,7.61096449863885e-06,0-2:26.19; 2-3:28.00; 3-4:28.00; 4-6:27.98; 6-7:28.00; 7-8:27.95; 8-1:26.76,228,0
3,"N=9, d=192m (margin 0.57m), Fail 5@t=10",2053,192,5,287,True,0.7096078671096803,3-4,27.999989877392487,1.0122607513096682e-05,0-2:26.16; 2-3:27.98; 3-4:28.00; 4-6:27.98; 6-7:28.00; 7-8:27.96; 8-1:26.80,229,0
3,"N=9, d=192m (margin 0.57m), Fail 5@t=10",2053,192,5,288,True,0.8600491883142048,3-4,27.999992180814203,7.819185796620332e-06,0-2:26.13; 2-3:27.97; 3-4:28.00; 4-6:27.98; 6-7:28.00; 7-8:27.96; 8-1:26.84,230,0
3,"N=9, d=192m (margin 0.57m), Fail 5@t=10",2053,192,5,289,False,1.019944778190888,3-4,28.00000640201504,-6.402015038986519e-06,0-2:26.09; 2-3:27.96; 3-4:28.00; 4-6:27.97; 6-7:28.00; 7-8:27.96; 8-1:26.88,231,0
3,"N=9, d=192m (margin 0.57m), Fail 5@t=10",2053,192,5,290,True,0.7291518334234497,6-7,27.998522302219676,0.0014776977803236946,0-2:26.07; 2-3:27.94; 3-4:27.99; 4-6:27.97; 6-7:28.00; 7-8:27.96; 8-1:26.92,231,0
3,"N=9, d=192m (margin 0.57m), Fail 5@t=10",2053,192,5,291,True,0.791925519259664,6-7,27.99811465331032,0.0018853466896793236,0-2:26.04; 2-3:27.94; 3-4:27.98; 4-6:27.97; 6-7:28.00; 7-8:27.97; 8-1:26.96,232,0
3,"N=9, d=192m (margin 0.57m), Fail 5@t=10",2053,192,5,292,True,0.8666319585311583,6-7,27.997804120089487,0.0021958799105128435,0-2:26.02; 2-3:27.93; 3-4:27.97; 4-6:27.96; 6-7:28.00; 7-8:27.97; 8-1:27.01,233,0
3,"N=9, d=192m (margin 0.57m), Fail 5@t=10",2053,192,5,293,True,0.938009051416985,6-7,27.99757292712195,0.00242707287804933,0-2:26.00; 2-3:27.93; 3-4:27.96; 4-6:27.94; 6-7:28.00; 7-8:27.97; 8-1:27.05,234,0
3,"N=9, d=192m (margin 0.57m), Fail 5@t=10",2053,192,5,294,True,0.9836279820762349,6-7,27.99742111229408,0.002578887705919186,0-2:25.98; 2-3:27.92; 3-4:27.96; 4-6:27.91; 6-7:28.00; 7-8:27.97; 8-1:27.09,235,0
3,"N=9, d=192m (margin 0.57m), Fail 5@t=10",2053,192,5,295,True,1.0043529605440242,6-7,27.997346590448018,0.002653409551982122,0-2:25.97; 2-3:27.93; 3-4:27.96; 4-6:27.88; 6-7:28.00; 7-8:27.97; 8-1:27.13,236,0
3,"N=9, d=192m (margin 0.57m), Fail 5@t=10",2053,192,5,296,True,1.023251208086549,6-7,27.99733093256662,0.0026690674333806896,0-2:25.96; 2-3:27.93; 3-4:27.96; 4-6:27.85; 6-7:28.00; 7-8:27.98; 8-1:27.18,237,0
3,"N=9, d=192m (margin 0.57m), Fail 5@t=10",2053,192,5,297,True,1.0393263870259193,6-7,27.99735645683853,0.002643543161468642,0-2:25.95; 2-3:27.93; 3-4:27.95; 4-6:27.81; 6-7:28.00; 7-8:27.98; 8-1:27.22,238,0
3,"N=9, d=192m (margin 0.57m), Fail 5@t=10",2053,192,5,298,True,1.0252246944974246,6-7,27.997410459633468,0.0025895403665323613,0-2:25.95; 2-3:27.93; 3-4:27.95; 4-6:27.78; 6-7:28.00; 7-8:27.98; 8-1:27.26,239,0
3,"N=9, d=192m (margin 0.57m), Fail 5@t=10",2053,192,5,299,True,1.2008358802672436,6-7,27.99748377243927,0.002516227560729334,0-2:25.94; 2-3:27.91; 3-4:27.94; 4-6:27.76; 6-7:28.00; 7-8:27.98; 8-1:27.30,240,0
4,"N=9, d=195m (margin 0.14m), Fail 5@t=10",2054,195,5,0,True,0.09195936619267384,7-8,24.383232487938333,3.616767512061667,0-2:24.37; 2-3:24.37; 3-4:24.38; 4-5:24.38; 5-6:24.37; 6-7:24.38; 7-8:24.38; 8-1:24.37,1,0
4,"N=9, d=195m (margin 0.14m), Fail 5@t=10",2054,195,5,1,True,0.08876736137943121,7-8,24.388297710248796,3.6117022897512037,0-2:24.37; 2-3:24.37; 3-4:24.38; 4-5:24.38; 5-6:24.37; 6-7:24.38; 7-8:24.39; 8-1:24.36,2,0
4,"N=9, d=195m (margin 0.14m), Fail 5@t=10",2054,195,5,2,True,0.08564622711726753,7-8,24.39305740516141,3.606942594838589,0-2:24.37; 2-3:24.37; 3-4:24.38; 4-5:24.38; 5-6:24.37; 6-7:24.38; 7-8:24.39; 8-1:24.35,3,0
4,"N=9, d=195m (margin 0.14m), Fail 5@t=10",2054,195,5,3,True,0.08260399866808388,7-8,24.397446756586422,3.6025532434135776,0-2:24.37; 2-3:24.37; 3-4:24.38; 4-5:24.38; 5-6:24.37; 6-7:24.39; 7-8:24.40; 8-1:24.35,4,0
4,"N=9, d=195m (margin 0.14m), Fail 5@t=10",2054,195,5,4,True,0.0796497179898905,7-8,24.401631102458555,3.5983688975414445,0-2:24.37; 2-3:24.37; 3-4:24.38; 4-5:24.38; 5-6:24.37; 6-7:24.39; 7-8:24.40; 8-1:24.34,5,0
4,"N=9, d=195m (margin 0.14m), Fail 5@t=10",2054,195,5,5,True,0.0767935359204122,7-8,24.405400232436566,3.594599767563434,0-2:24.37; 2-3:24.37; 3-4:24.38; 4-5:24.38; 5-6:24.37; 6-7:24.39; 7-8:24.41; 8-1:24.33,6,0
4,"N=9, d=195m (margin 0.14m), Fail 5@t=10",2054,195,5,6,True,0.07404680510209834,7-8,24.40915465513327,3.590845344866729,0-2:24.36; 2-3:24.37; 3-4:24.38; 4-5:24.38; 5-6:24.37; 6-7:24.40; 7-8:24.41; 8-1:24.33,7,0
4,"N=9, d=195m (margin 0.14m), Fail 5@t=10",2054,195,5,7,True,0.06901884493939053,7-8,24.411823862481402,3.588176137518598,0-2:24.36; 2-3:24.37; 3-4:24.38; 4-5:24.38; 5-6:24.37; 6-7:24.40; 7-8:24.41; 8-1:24.32,8,0
4,"N=9, d=195m (margin 0.14m), Fail 5@t=10",2054,195,5,8,True,0.0649241387453895,7-8,24.41305258439244,3.586947415607561,0-2:24.36; 2-3:24.37; 3-4:24.38; 4-5:24.38; 5-6:24.37; 6-7:24.41; 7-8:24.41; 8-1:24.32,9,0
4,"N=9, d=195m (margin 0.14m), Fail 5@t=10",2054,195,5,9,True,0.0757926098947204,6-7,24.413218482422693,3.5867815175773075,0-2:24.35; 2-3:24.37; 3-4:24.38; 4-5:24.38; 5-6:24.37; 6-7:24.41; 7-8:24.41; 8-1:24.32,10,0
4,"N=9, d=195m (margin 0.14m), Fail 5@t=10",2054,195,5,10,False,0.4163670950800206,4-6,48.72345804835176,-20.72345804835176,0-2:24.36; 2-3:24.37; 3-4:24.40; 4-6:48.72; 6-7:24.42; 7-8:24.41; 8-1:24.32,10,0
4,"N=9, d=195m (margin 0.14m), Fail 5@t=10",2054,195,5,11,False,0.6668399049198395,4-6,48.647383904995806,-20.647383904995806,0-2:24.39; 2-3:24.34; 3-4:24.44; 4-6:48.65; 6-7:24.46; 7-8:24.37; 8-1:24.35,10,0
4,"N=9, d=195m (margin 0.14m), Fail 5@t=10",2054,195,5,12,False,0.7772236714003611,4-6,48.52009701265504,-20.520097012655043,0-2:24.40; 2-3:24.36; 3-4:24.49; 4-6:48.52; 6-7:24.50; 7-8:24.35; 8-1:24.38,10,0
4,"N=9, d=195m (margin 0.14m), Fail 5@t=10",2054,195,5,13,False,1.0182030276273875,4-6,48.344008221837974,-20.344008221837974,0-2:24.41; 2-3:24.41; 3-4:24.52; 4-6:48.34; 6-7:24.52; 7-8:24.36; 8-1:24.42,10,0
4,"N=9, d=195m (margin 0.14m), Fail 5@t=10",2054,195,5,14,False,1.1743237122482,4-6,48.1310805422728,-20.131080542272798,0-2:24.45; 2-3:24.45; 3-4:24.57; 4-6:48.13; 6-7:24.55; 7-8:24.45; 8-1:24.42,10,0
4,"N=9, d=195m (margin 0.14m), Fail 5@t=10",2054,195,5,15,False,1.293074933752657,4-6,47.889701204524535,-19.889701204524535,0-2:24.49; 2-3:24.49; 3-4:24.61; 4-6:47.89; 6-7:24.56; 7-8:24.54; 8-1:24.42,10,0
4,"N=9, d=195m (margin 0.14m), Fail 5@t=10",2054,195,5,16,False,1.3919332011358876,4-6,47.62512669955936,-19.62512669955936,0-2:24.55; 2-3:24.53; 3-4:24.65; 4-6:47.63; 6-7:24.61; 7-8:24.57; 8-1:24.46,10,0
4,"N=9, d=195m (margin 0.14m), Fail 5@t=10",2054,195,5,17,False,1.474709947968536,4-6,47.34150316438783,-19.34150316438783,0-2:24.61; 2-3:24.57; 3-4:24.69; 4-6:47.34; 6-7:24.69; 7-8:24.58; 8-1:24.52,10,0
4,"N=9, d=195m (margin 0.14m), Fail 5@t=10",2054,195,5,18,False,1.5415983962398023,4-6,47.04032356822809,-19.04032356822809,0-2:24.67; 2-3:24.63; 3-4:24.72; 4-6:47.04; 6-7:24.77; 7-8:24.60; 8-1:24.57,10,0
4,"N=9, d=195m (margin 0.14m), Fail 5@t=10",2054,195,5,19,False,1.5925782186750224,4-6,46.72717669308525,-18.727176693085248,0-2:24.71; 2-3:24.71; 3-4:24.76; 4-6:46.73; 6-7:24.83; 7-8:24.64; 8-1:24.62,10,0
4,"N=9, d=195m (margin 0.14m), Fail 5@t=10",2054,195,5,20,False,1.6286211817706193,4-6,46.406065852537616,-18.406065852537616,0-2:24.77; 2-3:24.77; 3-4:24.80; 4-6:46.41; 6-7:24.88; 7-8:24.70; 8-1:24.68,10,0
4,"N=9, d=195m (margin 0.14m), Fail 5@t=10",2054,195,5,21,False,1.675563131504123,4-6,46.07678766077053,-18.076787660770528,0-2:24.83; 2-3:24.82; 3-4:24.85; 4-6:46.08; 6-7:24.94; 7-8:24.76; 8-1:24.72,10,0
4,"N=9, d=195m (margin 0.14m), Fail 5@t=10",2054,195,5,22,False,1.7388404789535075,4-6,45.73835947298813,-17.73835947298813,0-2:24.89; 2-3:24.87; 3-4:24.91; 4-6:45.74; 6-7:25.02; 7-8:24.83; 8-1:24.75,10,0
4,"N=9, d=195m (margin 0.14m), Fail 5@t=10",2054,195,5,23,False,1.8088971861650602,4-6,45.390296212515246,-17.390296212515246,0-2:24.94; 2-3:24.93; 3-4:24.97; 4-6:45.39; 6-7:25.09; 7-8:24.90; 8-1:24.79,10,0
4,"N=9, d=195m (margin 0.14m), Fail 5@t=10",2054,195,5,24,False,1.849191241091039,4-6,45.03568534694747,-17.035685346947467,0-2:24.97; 2-3:25.00; 3-4:25.03; 4-6:45.04; 6-7:25.14; 7-8:24.97; 8-1:24.84,10,0
4,"N=9, d=195m (margin 0.14m), Fail 5@t=10",2054,195,5,25,False,1.867395246686861,4-6,44.67694822871007,-16.676948228710067,0-2:25.02; 2-3:25.05; 3-4:25.11; 4-6:44.68; 6-7:25.20; 7-8:25.03; 8-1:24.91,10,0
4,"N=9, d=195m (margin 0.14m), Fail 5@t=10",2054,195,5,26,False,1.8808144944232594,4-6,44.31477465612504,-16.31477465612504,0-2:25.09; 2-3:25.09; 3-4:25.18; 4-6:44.31; 6-7:25.27; 7-8:25.10; 8-1:24.96,10,0
4,"N=9, d=195m (margin 0.14m), Fail 5@t=10",2054,195,5,27,False,1.8848459991075233,4-6,43.95068402911217,-15.950684029112168,0-2:25.15; 2-3:25.14; 3-4:25.25; 4-6:43.95; 6-7:25.35; 7-8:25.17; 8-1:25.00,10,0
4,"N=9, d=195m (margin 0.14m), Fail 5@t=10",2054,195,5,28,False,1.8888775055238582,4-6,43.58560333389197,-15.585603333891967,0-2:25.21; 2-3:25.20; 3-4:25.31; 4-6:43.59; 6-7:25.42; 7-8:25.23; 8-1:25.06,10,0
4,"N=9, d=195m (margin 0.14m), Fail 5@t=10",2054,195,5,29,False,1.892909013661197,4-6,43.22023651539504,-15.220236515395037,0-2:25.25; 2-3:25.27; 3-4:25.37; 4-6:43.22; 6-7:25.47; 7-8:25.28; 8-1:25.14,10,0
4,"N=9, d=195m (margin 0.14m), Fail 5@t=10",2054,195,5,30,False,1.9040724668621505,4-6,42.85409223109862,-14.854092231098619,0-2:25.30; 2-3:25.34; 3-4:25.43; 4-6:42.85; 6-7:25.52; 7-8:25.33; 8-1:25.24,10,0
4,"N=9, d=195m (margin 0.14m), Fail 5@t=10",2054,195,5,31,False,1.920355602922412,4-6,42.4866260397587,-14.486626039758697,0-2:25.36; 2-3:25.40; 3-4:25.48; 4-6:42.49; 6-7:25.58; 7-8:25.37; 8-1:25.32,10,0
4,"N=9, d=195m (margin 0.14m), Fail 5@t=10",2054,195,5,32,False,1.9325725124833033,4-6,42.11814794478805,-14.11814794478805,0-2:25.43; 2-3:25.45; 3-4:25.54; 4-6:42.12; 6-7:25.65; 7-8:25.43; 8-1:25.39,10,0
4,"N=9, d=195m (margin 0.14m), Fail 5@t=10",2054,195,5,33,False,1.9474478971256453,4-6,41.748306315950025,-13.748306315950025,0-2:25.50; 2-3:25.50; 3-4:25.60; 4-6:41.75; 6-7:25.73; 7-8:25.49; 8-1:25.45,10,0
4,"N=9, d=195m (margin 0.14m), Fail 5@t=10",2054,195,5,34,False,1.9619828166204516,4-6,41.377200543023086,-13.377200543023086,0-2:25.56; 2-3:25.56; 3-4:25.65; 4-6:41.38; 6-7:25.79; 7-8:25.57; 8-1:25.50,10,0
4,"N=9, d=195m (margin 0.14m), Fail 5@t=10",2054,195,5,35,False,1.9715990665249448,4-6,41.005420145910854,-13.005420145910854,0-2:25.62; 2-3:25.62; 3-4:25.71; 4-6:41.01; 6-7:25.86; 7-8:25.65; 8-1:25.55,10,0
4,"N=9, d=195m (margin 0.14m), Fail 5@t=10",2054,195,5,36,False,1.9758264949774433,4-6,40.633531056159434,-12.633531056159434,0-2:25.66; 2-3:25.69; 3-4:25.77; 4-6:40.63; 6-7:25.93; 7-8:25.73; 8-1:25.59,10,0
4,"N=9, d=195m (margin 0.14m), Fail 5@t=10",2054,195,5,37,False,1.9798582689740245,4-6,40.26143164933915,-12.261431649339151,0-2:25.71; 2-3:25.74; 3-4:25.84; 4-6:40.26; 6-7:26.02; 7-8:25.81; 8-1:25.62,10,0
4,"N=9, d=195m (margin 0.14m), Fail 5@t=10",2054,195,5,38,False,1.983890043525137,4-6,39.88900453193015,-11.889004531930148,0-2:25.78; 2-3:25.78; 3-4:25.91; 4-6:39.89; 6-7:26.11; 7-8:25.88; 8-1:25.66,10,0
4,"N=9, d=195m (margin 0.14m), Fail 5@t=10",2054,195,5,39,False,1.9879218186274072,4-6,39.516117306754566,-11.516117306754566,0-2:25.84; 2-3:25.80; 3-4:26.00; 4-6:39.52; 6-7:26.18; 7-8:25.94; 8-1:25.73,10,0
4,"N=9, d=195m (margin 0.14m), Fail 5@t=10",2054,195,5,40,False,1.9919535942774882,4-6,39.14272851997337,-11.142728519973367,0-2:25.91; 2-3:25.83; 3-4:26.08; 4-6:39.14; 6-7:26.26; 7-8:25.98; 8-1:25.81,10,0
4,"N=9, d=195m (margin 0.14m), Fail 5@t=10",2054,195,5,41,False,1.9959853704720605,4-6,38.76903963981491,-10.769039639814913,0-2:25.96; 2-3:25.88; 3-4:26.15; 4-6:38.77; 6-7:26.35; 7-8:26.00; 8-1:25.89,10,0
4,"N=9, d=195m (margin 0.14m), Fail 5@t=10",2054,195,5,42,False,1.9949169793390609,4-6,38.3957314427137,-10.395731442713704,0-2:26.00; 2-3:25.95; 3-4:26.22; 4-6:38.40; 6-7:26.44; 7-8:26.02; 8-1:25.98,10,0
4,"N=9, d=195m (margin 0.14m), Fail 5@t=10",2054,195,5,43,False,2.0015016800989502,4-6,38.02216044372707,-10.022160443727067,0-2:26.02; 2-3:26.05; 3-4:26.28; 4-6:38.02; 6-7:26.54; 7-8:26.06; 8-1:26.04,10,0
4,"N=9, d=195m (margin 0.14m), Fail 5@t=10",2054,195,5,44,False,2.014515559028469,4-6,37.6476473349079,-9.647647334907901,0-2:26.02; 2-3:26.16; 3-4:26.33; 4-6:37.65; 6-7:26.63; 7-8:26.10; 8-1:26.11,10,0
4,"N=9, d=195m (margin 0.14m), Fail 5@t=10",2054,195,5,45,False,2.027433083673184,4-6,37.27220406659752,-9.272204066597517,0-2:26.07; 2-3:26.24; 3-4:26.38; 4-6:37.27; 6-7:26.72; 7-8:26.18; 8-1:26.14,10,0
4,"N=9, d=195m (margin 0.14m), Fail 5@t=10",2054,195,5,46,False,2.0341102028880225,4-6,36.89648896665013,-8.896488966650132,0-2:26.13; 2-3:26.30; 3-4:26.44; 4-6:36.90; 6-7:26.80; 7-8:26.27; 8-1:26.17,10,0
4,"N=9, d=195m (margin 0.14m), Fail 5@t=10",2054,195,5,47,False,2.038141240889698,4-6,36.52078084717702,-8.520780847177022,0-2:26.20; 2-3:26.33; 3-4:26.51; 4-6:36.52; 6-7:26.88; 7-8:26.36; 8-1:26.20,10,0
4,"N=9, d=195m (margin 0.14m), Fail 5@t=10",2054,195,5,48,False,2.0421722823359003,4-6,36.1449240491394,-8.144924049139398,0-2:26.27; 2-3:26.36; 3-4:26.58; 4-6:36.14; 6-7:26.96; 7-8:26.46; 8-1:26.23,10,0
4,"N=9, d=195m (margin 0.14m), Fail 5@t=10",2054,195,5,49,False,2.046203327206273,4-6,35.76847737556133,-7.768477375561332,0-2:26.34; 2-3:26.39; 3-4:26.65; 4-6:35.77; 6-7:27.04; 7-8:26.56; 8-1:26.26,10,0
4,"N=9, d=195m (margin 0.14m), Fail 5@t=10",2054,195,5,50,False,2.0502343754806187,4-6,35.39133820676707,-7.391338206767067,0-2:26.41; 2-3:26.42; 3-4:26.72; 4-6:35.39; 6-7:27.12; 7-8:26.63; 8-1:26.31,10,0
4,"N=9, d=195m (margin 0.14m), Fail 5@t=10",2054,195,5,51,False,2.054265427138898,4-6,35.01338294698644,-7.0133829469864395,0-2:26.48; 2-3:26.47; 3-4:26.78; 4-6:35.01; 6-7:27.19; 7-8:26.68; 8-1:26.40,10,0
4,"N=9, d=195m (margin 0.14m), Fail 5@t=10",2054,195,5,52,False,2.0582964821612304,4-6,34.63456651681179,-6.6345665168117876,0-2:26.54; 2-3:26.52; 3-4:26.84; 4-6:34.63; 6-7:27.25; 7-8:26.72; 8-1:26.50,10,0
4,"N=9, d=195m (margin 0.14m), Fail 5@t=10",2054,195,5,53,False,2.0458200590199143,4-6,34.25639550960158,-6.256395509601582,0-2:26.58; 2-3:26.60; 3-4:26.89; 4-6:34.26; 6-7:27.30; 7-8:26.78; 8-1:26.61,10,0
4,"N=9, d=195m (margin 0.14m), Fail 5@t=10",2054,195,5,54,False,2.030607433922614,4-6,33.8793998395693,-5.879399839569302,0-2:26.60; 2-3:26.70; 3-4:26.95; 4-6:33.88; 6-7:27.36; 7-8:26.82; 8-1:26.70,10,0
4,"N=9, d=195m (margin 0.14m), Fail 5@t=10",2054,195,5,55,False,2.0231404874908896,4-6,33.50325981024518,-5.503259810245183,0-2:26.63; 2-3:26.80; 3-4:27.00; 4-6:33.50; 6-7:27.43; 7-8:26.88; 8-1:26.78,10,0
4,"N=9, d=195m (margin 0.14m), Fail 5@t=10",2054,195,5,56,False,2.0224717967997305,4-6,33.12740555003808,-5.127405550038077,0-2:26.68; 2-3:26.87; 3-4:27.04; 4-6:33.13; 6-7:27.50; 7-8:26.92; 8-1:26.87,10,0
4,"N=9, d=195m (margin 0.14m), Fail 5@t=10",2054,195,5,57,False,2.024741113022377,4-6,32.751400606288406,-4.751400606288406,0-2:26.74; 2-3:26.92; 3-4:27.11; 4-6:32.75; 6-7:27.57; 7-8:26.97; 8-1:26.95,10,0
4,"N=9, d=195m (margin 0.14m), Fail 5@t=10",2054,195,5,58,False,2.028203725231025,4-6,32.3748689455793,-4.374868945579301,0-2:26.81; 2-3:26.96; 3-4:27.18; 4-6:32.37; 6-7:27.64; 7-8:27.01; 8-1:27.04,10,0
4,"N=9, d=195m (margin 0.14m), Fail 5@t=10",2054,195,5,59,False,2.0322267291854086,4-6,31.99694267390066,-3.9969426739006586,0-2:26.87; 2-3:26.99; 3-4:27.26; 4-6:32.00; 6-7:27.71; 7-8:27.06; 8-1:27.12,10,0
4,"N=9, d=195m (margin 0.14m), Fail 5@t=10",2054,195,5,60,False,2.0362497683716554,4-6,31.61641234726515,-3.6164123472651504,0-2:26.93; 2-3:27.02; 3-4:27.34; 4-6:31.62; 6-7:27.78; 7-8:27.13; 8-1:27.18,10,0
4,"N=9, d=195m (margin 0.14m), Fail 5@t=10",2054,195,5,61,False,2.0402728425813526,4-6,31.233655980185898,-3.2336559801858975,0-2:26.99; 2-3:27.07; 3-4:27.41; 4-6:31.23; 6-7:27.86; 7-8:27.21; 8-1:27.23,10,0
4,"N=9, d=195m (margin 0.14m), Fail 5@t=10",2054,195,5,62,False,2.0442959516077277,4-6,30.84922710302118,-2.8492271030211818,0-2:27.05; 2-3:27.12; 3-4:27.49; 4-6:30.85; 6-7:27.94; 7-8:27.28; 8-1:27.29,10,0
4,"N=9, d=195m (margin 0.14m), Fail 5@t=10",2054,195,5,63,False,2.04831909524563,4-6,30.46392858345815,-2.4639285834581486,0-2:27.10; 2-3:27.18; 3-4:27.56; 4-6:30.46; 6-7:28.02; 7-8:27.33; 8-1:27.37,10,0
4,"N=9, d=195m (margin 0.14m), Fail 5@t=10",2054,195,5,64,False,2.0874747148728483,4-6,30.07539722523943,-2.0753972252394313,0-2:27.15; 2-3:27.23; 3-4:27.64; 4-6:30.08; 6-7:28.09; 7-8:27.39; 8-1:27.45,10,0
4,"N=9, d=195m (margin 0.14m), Fail 5@t=10",2054,195,5,65,False,2.1098656859504077,4-6,29.686311058177132,-1.6863110581771323,0-2:27.22; 2-3:27.27; 3-4:27.71; 4-6:29.69; 6-7:28.16; 7-8:27.45; 8-1:27.52,10,0
4,"N=9, d=195m (margin 0.14m), Fail 5@t=10",2054,195,5,66,False,2.0913391177763567,4-6,29.300436833555004,-1.300436833555004,0-2:27.29; 2-3:27.31; 3-4:27.78; 4-6:29.30; 6-7:28.22; 7-8:27.54; 8-1:27.58,10,0
4,"N=9, d=195m (margin 0.14m), Fail 5@t=10",2054,195,5,67,False,2.0778839093479773,4-6,28.91731285039439,-0.9173128503943886,0-2:27.37; 2-3:27.34; 3-4:27.85; 4-6:28.92; 6-7:28.27; 7-8:27.64; 8-1:27.63,10,0
4,"N=9, d=195m (margin 0.14m), Fail 5@t=10",2054,195,5,68,False,2.068412304067968,4-6,28.536526102453024,-0.5365261024530241,0-2:27.45; 2-3:27.37; 3-4:27.92; 4-6:28.54; 6-7:28.32; 7-8:27.73; 8-1:27.69,10,0
4,"N=9, d=195m (margin 0.14m), Fail 5@t=10",2054,195,5,69,False,2.0624960159794616,6-7,28.361451444129255,-0.3614514441292549,0-2:27.53; 2-3:27.40; 3-4:27.98; 4-6:28.16; 6-7:28.36; 7-8:27.81; 8-1:27.77,10,0
4,"N=9, d=195m (margin 0.14m), Fail 5@t=10",2054,195,5,70,False,2.05933623570138,6-7,28.40387482567728,-0.4038748256772813,0-2:27.60; 2-3:27.44; 3-4:28.04; 4-6:27.78; 6-7:28.40; 7-8:27.89; 8-1:27.84,10,0
4,"N=9, d=195m (margin 0.14m), Fail 5@t=10",2054,195,5,71,False,1.6100433265303122,6-7,28.396506732675164,-0.3965067326751637,0-2:27.65; 2-3:27.51; 3-4:28.07; 4-6:27.48; 6-7:28.40; 7-8:27.99; 8-1:27.90,10,0
4,"N=9, d=195m (margin 0.14m), Fail 5@t=10",2054,195,5,72,False,1.6138936206837924,6-7,28.33925947560637,-0.3392594756063687,0-2:27.68; 2-3:27.61; 3-4:28.07; 4-6:27.26; 6-7:28.34; 7-8:28.09; 8-1:27.96,10,0
4,"N=9, d=195m (margin 0.14m), Fail 5@t=10",2054,195,5,73,False,1.613368230725652,6-7,28.23211806030282,-0.23211806030282034,0-2:27.68; 2-3:27.73; 3-4:28.04; 4-6:27.12; 6-7:28.23; 7-8:28.18; 8-1:28.03,10,0
4,"N=9, d=195m (margin 0.14m), Fail 5@t=10",2054,195,5,74,False,1.6132818046959687,7-8,28.27557216802299,-0.27557216802298967,0-2:27.67; 2-3:27.87; 3-4:27.96; 4-6:27.07; 6-7:28.08; 7-8:28.28; 8-1:28.09,10,0
4,"N=9, d=195m (margin 0.14m), Fail 5@t=10",2054,195,5,75,False,1.6131868239347504,7-8,28.37762848212314,-0.37762848212313926,0-2:27.69; 2-3:27.97; 3-4:27.85; 4-6:27.08; 6-7:27.89; 7-8:28.38; 8-1:28.14,10,0
4,"N=9, d=195m (margin 0.14m), Fail 5@t=10",2054,195,5,76,False,1.1433521950499892,7-8,28.43852613809996,-0.43852613809995944,0-2:27.74; 2-3:28.03; 3-4:27.74; 4-6:27.13; 6-7:27.74; 7-8:28.44; 8-1:28.20,10,0
4,"N=9, d=195m (margin 0.14m), Fail 5@t=10",2054,195,5,77,False,0.7035008865401555,7-8,28.46070748686252,-0.46070748686252116,0-2:27.77; 2-3:28.06; 3-4:27.65; 4-6:27.19; 6-7:27.63; 7-8:28.46; 8-1:28.24,10,0
4,"N=9, d=195m (margin 0.14m), Fail 5@t=10",2054,195,5,78,False,0.5359869815071898,7-8,28.453146161824655,-0.4531461618246553,0-2:27.82; 2-3:28.04; 3-4:27.59; 4-6:27.27; 6-7:27.55; 7-8:28.45; 8-1:28.29,10,0
4,"N=9, d=195m (margin 0.14m), Fail 5@t=10",2054,195,5,79,False,0.6822914217803019,7-8,28.424388750530692,-0.42438875053069225,0-2:27.86; 2-3:27.99; 3-4:27.54; 4-6:27.37; 6-7:27.48; 7-8:28.42; 8-1:28.34,10,0
4,"N=9, d=195m (margin 0.14m), Fail 5@t=10",2054,195,5,80,False,0.7733097738850339,8-1,28.38822876272997,-0.38822876272996965,0-2:27.90; 2-3:27.91; 3-4:27.51; 4-6:27.49; 6-7:27.44; 7-8:28.37; 8-1:28.39,10,0
4,"N=9, d=195m (margin 0.14m), Fail 5@t=10",2054,195,5,81,False,0.771714405192782,8-1,28.43654455782732,-0.4365445578273217,0-2:27.93; 2-3:27.81; 3-4:27.50; 4-6:27.61; 6-7:27.43; 7-8:28.29; 8-1:28.44,10,0
4,"N=9, d=195m (margin 0.14m), Fail 5@t=10",2054,195,5,82,False,0.9932091054384939,8-1,28.48506165370486,-0.4850616537048609,0-2:27.94; 2-3:27.71; 3-4:27.55; 4-6:27.72; 6-7:27.44; 7-8:28.17; 8-1:28.49,10,0
4,"N=9, d=195m (margin 0.14m), Fail 5@t=10",2054,195,5,83,False,1.0608527347342847,8-1,28.53356847009636,-0.533568470096359,0-2:27.91; 2-3:27.63; 3-4:27.61; 4-6:27.81; 6-7:27.49; 7-8:28.01; 8-1:28.53,10,0
4,"N=9, d=195m (margin 0.14m), Fail 5@t=10",2054,195,5,84,False,1.2777097794470178,8-1,28.582181541308,-0.5821815413079996,0-2:27.87; 2-3:27.58; 3-4:27.70; 4-6:27.86; 6-7:27.58; 7-8:27.84; 8-1:28.58,10,0
4,"N=9, d=195m (margin 0.14m), Fail 5@t=10",2054,195,5,85,False,1.2069119619620265,8-1,28.583154036983434,-0.5831540369834336,0-2:27.79; 2-3:27.55; 3-4:27.77; 4-6:27.89; 6-7:27.70; 7-8:27.72; 8-1:28.58,10,0
4,"N=9, d=195m (margin 0.14m), Fail 5@t=10",2054,195,5,86,False,1.1147307375832287,8-1,28.54936966700884,-0.5493696670088397,0-2:27.71; 2-3:27.54; 3-4:27.83; 4-6:27.89; 6-7:27.84; 7-8:27.65; 8-1:28.55,10,0
4,"N=9, d=195m (margin 0.14m), Fail 5@t=10",2054,195,5,87,False,1.0066715773200665,8-1,28.486662653499522,-0.486662653499522,0-2:27.63; 2-3:27.55; 3-4:27.86; 4-6:27.86; 6-7:28.00; 7-8:27.61; 8-1:28.49,10,0
4,"N=9, d=195m (margin 0.14m), Fail 5@t=10",2054,195,5,88,False,0.8906956228780026,8-1,28.410803409786123,-0.41080340978612284,0-2:27.55; 2-3:27.57; 3-4:27.90; 4-6:27.87; 6-7:28.08; 7-8:27.62; 8-1:28.41,10,0
4,"N=9, d=195m (margin 0.14m), Fail 5@t=10",2054,195,5,89,False,1.0013928608278615,8-1,28.325752068740147,-0.3257520687401474,0-2:27.48; 2-3:27.59; 3-4:27.97; 4-6:27.89; 6-7:28.07; 7-8:27.68; 8-1:28.33,10,0
4,"N=9, d=195m (margin 0.14m), Fail 5@t=10",2054,195,5,90,False,1.0029124385287207,8-1,28.243771048438113,-0.24377104843811281,0-2:27.43; 2-3:27.62; 3-4:28.04; 4-6:27.92; 6-7:27.99; 7-8:27.76; 8-1:28.24,10,0
4,"N=9, d=195m (margin 0.14m), Fail 5@t=10",2054,195,5,91,False,0.9964868825866676,8-1,28.157260623742985,-0.15726062374298522,0-2:27.38; 2-3:27.67; 3-4:28.04; 4-6:27.98; 6-7:27.92; 7-8:27.86; 8-1:28.16,10,0
4,"N=9, d=195m (margin 0.14m), Fail 5@t=10",2054,195,5,92,False,0.8908721693237535,8-1,28.08113110777581,-0.08113110777581056,0-2:27.36; 2-3:27.69; 3-4:28.01; 4-6:28.04; 6-7:27.87; 7-8:27.95; 8-1:28.08,10,0
4,"N=9, d=195m (margin 0.14m), Fail 5@t=10",2054,195,5,93,False,0.773763027035316,4-6,28.066727762978353,-0.0667277629783527,0-2:27.36; 2-3:27.69; 3-4:27.98; 4-6:28.07; 6-7:27.88; 7-8:28.02; 8-1:28.02,10,0
4,"N=9, d=195m (margin 0.14m), Fail 5@t=10",2054,195,5,94,False,0.8987166196691534,7-8,28.072583041088368,-0.0725830410883681,0-2:27.37; 2-3:27.69; 3-4:27.98; 4-6:28.04; 6-7:27.90; 7-8:28.07; 8-1:27.96,10,0
4,"N=9, d=195m (margin 0.14m), Fail 5@t=10",2054,195,5,95,False,1.3089245984788291,7-8,28.04664848761291,-0.046648487612909406,0-2:27.38; 2-3:27.71; 3-4:28.02; 4-6:27.96; 6-7:27.97; 7-8:28.05; 8-1:27.93,10,0
4,"N=9, d=195m (margin 0.14m), Fail 5@t=10",2054,195,5,96,False,0.8871788529780651,6-7,28.082851110070077,-0.08285111007007728,0-2:27.40; 2-3:27.75; 3-4:27.97; 4-6:27.92; 6-7:28.08; 7-8:27.95; 8-1:27.95,10,0
4,"N=9, d=195m (margin 0.14m), Fail 5@t=10",2054,195,5,97,False,0.7010120387577377,6-7,28.12452484819703,-0.12452484819703002,0-2:27.45; 2-3:27.77; 3-4:27.92; 4-6:27.91; 6-7:28.12; 7-8:27.90; 8-1:27.95,10,0
4,"N=9, d=195m (margin 0.14m), Fail 5@t=10",2054,195,5,98,False,0.8287981075496639,6-7,28.12765120396716,-0.12765120396716156,0-2:27.51; 2-3:27.77; 3-4:27.88; 4-6:27.91; 6-7:28.13; 7-8:27.87; 8-1:27.95,10,0
4,"N=9, d=195m (margin 0.14m), Fail 5@t=10",2054,195,5,99,False,0.9180489023162285,6-7,28.10731251237371,-0.10731251237370998,0-2:27.58; 2-3:27.75; 3-4:27.88; 4-6:27.92; 6-7:28.11; 7-8:27.83; 8-1:27.95,10,0
4,"N=9, d=195m (margin 0.14m), Fail 5@t=10",2054,195,5,100,False,0.8678005712711235,6-7,28.063951924752004,-0.06395192475200417,0-2:27.66; 2-3:27.70; 3-4:27.90; 4-6:27.94; 6-7:28.06; 7-8:27.80; 8-1:27.95,10,0
4,"N=9, d=195m (margin 0.14m), Fail 5@t=10",2054,195,5,101,True,1.0659402069171022,6-7,27.99766840169618,0.0023315983038187937,0-2:27.74; 2-3:27.65; 3-4:27.93; 4-6:27.98; 6-7:28.00; 7-8:27.76; 8-1:27.96,10,0
4,"N=9, d=195m (margin 0.14m), Fail 5@t=10",2054,195,5,102,False,0.9119776668726076,4-6,28.007731683835715,-0.007731683835714875,0-2:27.80; 2-3:27.62; 3-4:27.95; 4-6:28.01; 6-7:27.95; 7-8:27.73; 8-1:27.96,11,0
4,"N=9, d=195m (margin 0.14m), Fail 5@t=10",2054,195,5,103,True,0.8071511176445628,3-4,27.992182507422413,0.007817492577586904,0-2:27.84; 2-3:27.62; 3-4:27.99; 4-6:27.98; 6-7:27.94; 7-8:27.70; 8-1:27.96,11,0
4,"N=9, d=195m (margin 0.14m), Fail 5@t=10",2054,195,5,104,False,0.7397637155154781,3-4,28.020325801082436,-0.020325801082435646,0-2:27.86; 2-3:27.63; 3-4:28.02; 4-6:27.96; 6-7:27.93; 7-8:27.67; 8-1:27.97,12,0
4,"N=9, d=195m (margin 0.14m), Fail 5@t=10",2054,195,5,105,True,0.5692333183235192,3-4,27.996497749049116,0.0035022509508841893,0-2:27.87; 2-3:27.66; 3-4:28.00; 4-6:27.97; 6-7:27.92; 7-8:27.64; 8-1:27.97,12,0
4,"N=9, d=195m (margin 0.14m), Fail 5@t=10",2054,195,5,106,True,0.6793434890640005,4-6,27.986849227093025,0.013150772906975305,0-2:27.87; 2-3:27.69; 3-4:27.98; 4-6:27.99; 6-7:27.92; 7-8:27.61; 8-1:27.97,13,0
4,"N=9, d=195m (margin 0.14m), Fail 5@t=10",2054,195,5,107,True,0.6670501633705193,4-6,27.995776584810905,0.004223415189095192,0-2:27.86; 2-3:27.71; 3-4:27.97; 4-6:28.00; 6-7:27.91; 7-8:27.60; 8-1:27.97,14,0
4,"N=9, d=195m (margin 0.14m), Fail 5@t=10",2054,195,5,108,True,0.6151827322687506,4-6,27.999181226042687,0.0008187739573131125,0-2:27.85; 2-3:27.73; 3-4:27.96; 4-6:28.00; 6-7:27.91; 7-8:27.60; 8-1:27.98,15,0
4,"N=9, d=195m (margin 0.14m), Fail 5@t=10",2054,195,5,109,False,0.45781631491028485,4-6,28.00115622231314,-0.0011562223131384997,0-2:27.83; 2-3:27.74; 3-4:27.95; 4-6:28.00; 6-7:27.91; 7-8:27.61; 8-1:27.98,16,0
4,"N=9, d=195m (margin 0.14m), Fail 5@t=10",2054,195,5,110,True,0.44844010355399266,8-1,27.980169744699136,0.019830255300863797,0-2:27.82; 2-3:27.76; 3-4:27.95; 4-6:27.97; 6-7:27.94; 7-8:27.61; 8-1:27.98,16,0
4,"N=9, d=195m (margin 0.14m), Fail 5@t=10",2054,195,5,111,True,0.4137070964501762,8-1,27.982100760130624,0.017899239869375805,0-2:27.81; 2-3:27.77; 3-4:27.94; 4-6:27.94; 6-7:27.96; 7-8:27.62; 8-1:27.98,17,0
4,"N=9, d=195m (margin 0.14m), Fail 5@t=10",2054,195,5,112,True,0.8278827000385507,8-1,27.98380556846668,0.016194431533321563,0-2:27.80; 2-3:27.79; 3-4:27.93; 4-6:27.92; 6-7:27.97; 7-8:27.63; 8-1:27.98,18,0
4,"N=9, d=195m (margin 0.14m), Fail 5@t=10",2054,195,5,113,True,1.2061514720465554,8-1,27.985343859548777,0.014656140451222655,0-2:27.78; 2-3:27.80; 3-4:27.93; 4-6:27.90; 6-7:27.98; 7-8:27.65; 8-1:27.99,19,0
4,"N=9, d=195m (margin 0.14m), Fail 5@t=10",2054,195,5,114,True,0.9341934753130624,6-7,27.991177504438173,0.008822495561826571,0-2:27.77; 2-3:27.81; 3-4:27.92; 4-6:27.88; 6-7:27.99; 7-8:27.66; 8-1:27.99,20,0
4,"N=9, d=195m (margin 0.14m), Fail 5@t=10",2054,195,5,115,True,0.9406235969706838,6-7,27.996479209602445,0.0035207903975553734,0-2:27.76; 2-3:27.82; 3-4:27.91; 4-6:27.87; 6-7:28.00; 7-8:27.68; 8-1:27.99,21,0
4,"N=9, d=195m (margin 0.14m), Fail 5@t=10",2054,195,5,116,False,0.5928852666434881,6-7,28.000243519634616,-0.00024351963461555215,0-2:27.75; 2-3:27.83; 3-4:27.90; 4-6:27.85; 6-7:28.00; 7-8:27.69; 8-1:27.99,22,0
4,"N=9, d=195m (margin 0.14m), Fail 5@t=10",2054,195,5,117,True,0.44644938390502353,8-1,27.989784020220327,0.010215979779673034,0-2:27.73; 2-3:27.84; 3-4:27.91; 4-6:27.88; 6-7:27.93; 7-8:27.74; 8-1:27.99,22,0
4,"N=9, d=195m (margin 0.14m), Fail 5@t=10",2054,195,5,118,True,0.5102947796264421,8-1,27.99107957577462,0.008920424225379975,0-2:27.72; 2-3:27.85; 3-4:27.91; 4-6:27.90; 6-7:27.88; 7-8:27.77; 8-1:27.99,23,0
4,"N=9, d=195m (margin 0.14m), Fail 5@t=10",2054,195,5,119,True,0.6929868673602676,8-1,27.992134715928575,0.007865284071424838,0-2:27.71; 2-3:27.86; 3-4:27.92; 4-6:27.91; 6-7:27.84; 7-8:27.80; 8-1:27.99,24,0
4,"N=9, d=195m (margin 0.14m), Fail 5@t=10",2054,195,5,120,True,0.8296954674479547,8-1,27.992998944671534,0.007001055328466066,0-2:27.70; 2-3:27.87; 3-4:27.92; 4-6:27.92; 6-7:27.80; 7-8:27.82; 8-1:27.99,25,0
4,"N=9, d=195m (margin 0.14m), Fail 5@t=10",2054,195,5,121,True,0.8252870586922768,8-1,27.99367663180883,0.006323368191168299,0-2:27.69; 2-3:27.88; 3-4:27.92; 4-6:27.93; 6-7:27.78; 7-8:27.84; 8-1:27.99,26,0
4,"N=9, d=195m (margin 0.14m), Fail 5@t=10",2054,195,5,122,True,0.5734764942464295,8-1,27.99427341585901,0.005726584140990809,0-2:27.67; 2-3:27.89; 3-4:27.93; 4-6:27.93; 6-7:27.76; 7-8:27.85; 8-1:27.99,27,0
4,"N=9, d=195m (margin 0.14m), Fail 5@t=10",2054,195,5,123,True,0.6146557347483731,8-1,27.99480957848864,0.00519042151136162,0-2:27.66; 2-3:27.89; 3-4:27.93; 4-6:27.94; 6-7:27.74; 7-8:27.86; 8-1:27.99,28,0
4,"N=9, d=195m (margin 0.14m), Fail 5@t=10",2054,195,5,124,True,0.5372393110620601,8-1,27.995228134687604,0.004771865312395818,0-2:27.65; 2-3:27.90; 3-4:27.94; 4-6:27.94; 6-7:27.72; 7-8:27.88; 8-1:28.00,29,0
4,"N=9, d=195m (margin 0.14m), Fail 5@t=10",2054,195,5,125,True,0.2960866319171478,8-1,27.995537524041765,0.004462475958234791,0-2:27.64; 2-3:27.91; 3-4:27.94; 4-6:27.95; 6-7:27.71; 7-8:27.88; 8-1:28.00,30,0
4,"N=9, d=195m (margin 0.14m), Fail 5@t=10",2054,195,5,126,True,0.2960527076902432,8-1,27.995813583932218,0.004186416067781806,0-2:27.63; 2-3:27.91; 3-4:27.94; 4-6:27.95; 6-7:27.70; 7-8:27.89; 8-1:28.00,31,0
4,"N=9, d=195m (margin 0.14m), Fail 5@t=10",2054,195,5,127,True,0.29616876667515035,8-1,27.996068446282948,0.0039315537170523385,0-2:27.62; 2-3:27.92; 3-4:27.95; 4-6:27.95; 6-7:27.70; 7-8:27.90; 8-1:28.00,32,0
4,"N=9, d=195m (margin 0.14m), Fail 5@t=10",2054,195,5,128,True,0.29641757685102377,8-1,27.996304553234843,0.0036954467651568734,0-2:27.60; 2-3:27.92; 3-4:27.95; 4-6:27.96; 6-7:27.69; 7-8:27.91; 8-1:28.00,33,0
4,"N=9, d=195m (margin 0.14m), Fail 5@t=10",2054,195,5,129,True,0.29678371147652305,8-1,27.99652391843686,0.003476081563139388,0-2:27.59; 2-3:27.93; 3-4:27.95; 4-6:27.96; 6-7:27.69; 7-8:27.91; 8-1:28.00,34,0
4,"N=9, d=195m (margin 0.14m), Fail 5@t=10",2054,195,5,130,True,0.2972551526999251,8-1,27.996728219729736,0.003271780270264202,0-2:27.58; 2-3:27.93; 3-4:27.95; 4-6:27.96; 6-7:27.68; 7-8:27.92; 8-1:28.00,35,0
4,"N=9, d=195m (margin 0.14m), Fail 5@t=10",2054,195,5,131,True,0.29782243945567005,8-1,27.996918870506008,0.0030811294939923073,0-2:27.57; 2-3:27.93; 3-4:27.96; 4-6:27.96; 6-7:27.68; 7-8:27.92; 8-1:28.00,36,0
4,"N=9, d=195m (margin 0.14m), Fail 5@t=10",2054,195,5,132,True,0.29847804321219024,8-1,27.99709707470172,0.002902925298279513,0-2:27.56; 2-3:27.94; 3-4:27.96; 4-6:27.97; 6-7:27.68; 7-8:27.93; 8-1:28.00,37,0
4,"N=9, d=195m (margin 0.14m), Fail 5@t=10",2054,195,5,133,True,0.29921590671953013,8-1,27.997263870271375,0.002736129728624803,0-2:27.55; 2-3:27.94; 3-4:27.96; 4-6:27.97; 6-7:27.68; 7-8:27.93; 8-1:28.00,38,0
4,"N=9, d=195m (margin 0.14m), Fail 5@t=10",2054,195,5,134,True,0.30003110007588446,8-1,27.99742016094122,0.002579839058778788,0-2:27.54; 2-3:27.95; 3-4:27.96; 4-6:27.97; 6-7:27.68; 7-8:27.94; 8-1:28.00,39,0
4,"N=9, d=195m (margin 0.14m), Fail 5@t=10",2054,195,5,135,True,0.3009195624743029,8-1,27.997566741106827,0.0024332588931734733,0-2:27.53; 2-3:27.95; 3-4:27.97; 4-6:27.97; 6-7:27.69; 7-8:27.94; 8-1:28.00,40,0
4,"N=9, d=195m (margin 0.14m), Fail 5@t=10",2054,195,5,136,True,0.3018779066742,8-1,27.997704315774065,0.0022956842259347354,0-2:27.51; 2-3:27.95; 3-4:27.97; 4-6:27.97; 6-7:27.69; 7-8:27.94; 8-1:28.00,41,0
4,"N=9, d=195m (margin 0.14m), Fail 5@t=10",2054,195,5,137,True,0.3029032698093727,8-1,27.997833516091823,0.002166483908176531,0-2:27.50; 2-3:27.95; 3-4:27.97; 4-6:27.98; 6-7:27.69; 7-8:27.95; 8-1:28.00,42,0
4,"N=9, d=195m (margin 0.14m), Fail 5@t=10",2054,195,5,138,True,0.3039931987912367,8-1,27.997954911507545,0.002045088492454994,0-2:27.49; 2-3:27.96; 3-4:27.97; 4-6:27.98; 6-7:27.70; 7-8:27.95; 8-1:28.00,43,0
4,"N=9, d=195m (margin 0.14m), Fail 5@t=10",2054,195,5,139,True,0.3051455617226307,8-1,27.99806901933191,0.001930980668088722,0-2:27.48; 2-3:27.96; 3-4:27.97; 4-6:27.98; 6-7:27.71; 7-8:27.95; 8-1:28.00,44,0
4,"N=9, d=195m (margin 0.14m), Fail 5@t=10",2054,195,5,140,True,0.306358479027081,8-1,27.998176312314097,0.0018236876859027973,0-2:27.46; 2-3:27.96; 3-4:27.97; 4-6:27.98; 6-7:27.71; 7-8:27.96; 8-1:28.00,45,0
4,"N=9, d=195m (margin 0.14m), Fail 5@t=10",2054,195,5,141,True,0.30763026964200635,8-1,27.99827722468593,0.0017227753140716118,0-2:27.45; 2-3:27.96; 3-4:27.98; 4-6:27.98; 6-7:27.72; 7-8:27.96; 8-1:28.00,46,0
4,"N=9, d=195m (margin 0.14m), Fail 5@t=10",2054,195,5,142,True,0.3089594088120061,8-1,27.99837215702524,0.0016278429747593748,0-2:27.44; 2-3:27.97; 3-4:27.98; 4-6:27.98; 6-7:27.73; 7-8:27.96; 8-1:28.00,47,0
4,"N=9, d=195m (margin 0.14m), Fail 5@t=10",2054,195,5,143,True,0.31034449488225624,8-1,27.998461480206302,0.0015385197936979012,0-2:27.43; 2-3:27.97; 3-4:27.98; 4-6:27.98; 6-7:27.74; 7-8:27.96; 8-1:28.00,48,0
4,"N=9, d=195m (margin 0.14m), Fail 5@t=10",2054,195,5,144,True,0.31178422322210786,8-1,27.998545541067266,0.001454458932734326,0-2:27.41; 2-3:27.97; 3-4:27.98; 4-6:27.98; 6-7:27.75; 7-8:27.97; 8-1:28.00,49,0
4,"N=9, d=195m (margin 0.14m), Fail 5@t=10",2054,195,5,145,True,0.3132773653618487,8-1,27.998624662429297,0.0013753375707032944,0-2:27.40; 2-3:27.97; 3-4:27.98; 4-6:27.99; 6-7:27.76; 7-8:27.97; 8-1:28.00,50,0
4,"N=9, d=195m (margin 0.14m), Fail 5@t=10",2054,195,5,146,True,0.31422817679566145,8-1,27.99869903674061,0.0013009632593892206,0-2:27.39; 2-3:27.97; 3-4:27.98; 4-6:27.99; 6-7:27.77; 7-8:27.97; 8-1:28.00,51,0
4,"N=9, d=195m (margin 0.14m), Fail 5@t=10",2054,195,5,147,True,0.31360775961116505,8-1,27.998768756332908,0.0012312436670924853,0-2:27.37; 2-3:27.97; 3-4:27.98; 4-6:27.99; 6-7:27.78; 7-8:27.97; 8-1:28.00,52,0
4,"N=9, d=195m (margin 0.14m), Fail 5@t=10",2054,195,5,148,True,0.311925286752053,8-1,27.998834036097616,0.001165963902383993,0-2:27.36; 2-3:27.98; 3-4:27.98; 4-6:27.99; 6-7:27.79; 7-8:27.97; 8-1:28.00,53,0
4,"N=9, d=195m (margin 0.14m), Fail 5@t=10",2054,195,5,149,True,0.3095795535243734,8-1,27.998895291822684,0.001104708177315672,0-2:27.35; 2-3:27.98; 3-4:27.99; 4-6:27.99; 6-7:27.80; 7-8:27.97; 8-1:28.00,54,0
4,"N=9, d=195m (margin 0.14m), Fail 5@t=10",2054,195,5,150,True,0.30685964679969197,8-1,27.998952650599154,0.0010473494008458317,0-2:27.34; 2-3:27.98; 3-4:27.99; 4-6:27.99; 6-7:27.81; 7-8:27.98; 8-1:28.00,55,0
4,"N=9, d=195m (margin 0.14m), Fail 5@t=10",2054,195,5,151,True,0.30398743208544715,8-1,27.99900672044232,0.0009932795576794717,0-2:27.32; 2-3:27.98; 3-4:27.99; 4-6:27.99; 6-7:27.82; 7-8:27.98; 8-1:28.00,56,0
4,"N=9, d=195m (margin 0.14m), Fail 5@t=10",2054,195,5,152,True,0.3011059788624925,8-1,27.999057861935476,0.00094213806452359,0-2:27.31; 2-3:27.98; 3-4:27.99; 4-6:27.99; 6-7:27.83; 7-8:27.98; 8-1:28.00,57,0
4,"N=9, d=195m (margin 0.14m), Fail 5@t=10",2054,195,5,153,True,0.29831208632891953,8-1,27.99910630115454,0.000893698845459312,0-2:27.30; 2-3:27.98; 3-4:27.99; 4-6:27.99; 6-7:27.84; 7-8:27.98; 8-1:28.00,58,0
4,"N=9, d=195m (margin 0.14m), Fail 5@t=10",2054,195,5,154,True,0.2956676743574997,8-1,27.99915217961949,0.0008478203805104556,0-2:27.30; 2-3:27.98; 3-4:27.99; 4-6:27.99; 6-7:27.85; 7-8:27.98; 8-1:28.00,59,0
4,"N=9, d=195m (margin 0.14m), Fail 5@t=10",2054,195,5,155,True,0.29320939412407665,8-1,27.99919559276245,0.000804407237549043,0-2:27.29; 2-3:27.98; 3-4:27.99; 4-6:27.99; 6-7:27.86; 7-8:27.98; 8-1:28.00,60,0
4,"N=9, d=195m (margin 0.14m), Fail 5@t=10",2054,195,5,156,True,0.29095588437727593,8-1,27.999236615272192,0.0007633847278079031,0-2:27.28; 2-3:27.99; 3-4:27.99; 4-6:27.99; 6-7:27.87; 7-8:27.98; 8-1:28.00,61,0
4,"N=9, d=195m (margin 0.14m), Fail 5@t=10",2054,195,5,157,True,0.2889132157423662,8-1,27.99927531633186,0.0007246836681389368,0-2:27.27; 2-3:27.99; 3-4:27.99; 4-6:27.99; 6-7:27.87; 7-8:27.98; 8-1:28.00,62,0
4,"N=9, d=195m (margin 0.14m), Fail 5@t=10",2054,195,5,158,True,0.2870789290475399,8-1,27.999311767901418,0.0006882320985823753,0-2:27.27; 2-3:27.99; 3-4:27.99; 4-6:27.99; 6-7:27.88; 7-8:27.99; 8-1:28.00,63,0
4,"N=9, d=195m (margin 0.14m), Fail 5@t=10",2054,195,5,159,True,0.28544499282187125,8-1,27.999346048500534,0.000653951499465677,0-2:27.26; 2-3:27.99; 3-4:27.99; 4-6:27.99; 6-7:27.89; 7-8:27.99; 8-1:28.00,64,0
4,"N=9, d=195m (margin 0.14m), Fail 5@t=10",2054,195,5,160,True,0.2839999397442519,8-1,27.999378244234347,0.0006217557656533756,0-2:27.26; 2-3:27.99; 3-4:27.99; 4-6:27.99; 6-7:27.89; 7-8:27.99; 8-1:28.00,65,0
4,"N=9, d=195m (margin 0.14m), Fail 5@t=10",2054,195,5,161,True,0.2827303865377755,8-1,27.99940844824032,0.0005915517596797315,0-2:27.25; 2-3:27.99; 3-4:27.99; 4-6:27.99; 6-7:27.90; 7-8:27.99; 8-1:28.00,66,0
4,"N=9, d=195m (margin 0.14m), Fail 5@t=10",2054,195,5,162,True,0.2816220958797671,8-1,27.999436759324222,0.0005632406757776209,0-2:27.25; 2-3:27.99; 3-4:27.99; 4-6:27.99; 6-7:27.91; 7-8:27.99; 8-1:28.00,67,0
4,"N=9, d=195m (margin 0.14m), Fail 5@t=10",2054,195,5,163,True,0.28066050635598205,8-1,27.999463258130294,0.0005367418697055371,0-2:27.25; 2-3:27.99; 3-4:27.99; 4-6:27.99; 6-7:27.91; 7-8:27.99; 8-1:28.00,68,0
4,"N=9, d=195m (margin 0.14m), Fail 5@t=10",2054,195,5,164,True,0.2798315851445319,8-1,27.99948801924227,0.0005119807577287361,0-2:27.24; 2-3:27.99; 3-4:27.99; 4-6:28.00; 6-7:27.92; 7-8:27.99; 8-1:28.00,69,0
4,"N=9, d=195m (margin 0.14m), Fail 5@t=10",2054,195,5,165,True,0.27912226187494527,8-1,27.999511147619554,0.0004888523804460476,0-2:27.24; 2-3:27.99; 3-4:27.99; 4-6:28.00; 6-7:27.92; 7-8:27.99; 8-1:28.00,70,0
4,"N=9, d=195m (margin 0.14m), Fail 5@t=10",2054,195,5,166,True,0.27852072848011195,8-1,27.999532955213475,0.00046704478652515036,0-2:27.24; 2-3:27.99; 3-4:27.99; 4-6:28.00; 6-7:27.93; 7-8:27.99; 8-1:28.00,71,0
4,"N=9, d=195m (margin 0.14m), Fail 5@t=10",2054,195,5,167,True,0.2780109839697134,8-1,27.999553016146518,0.00044698385348240777,0-2:27.24; 2-3:27.99; 3-4:28.00; 4-6:28.00; 6-7:27.93; 7-8:27.99; 8-1:28.00,72,0
4,"N=9, d=195m (margin 0.14m), Fail 5@t=10",2054,195,5,168,True,0.2687640053114098,8-1,27.999572068204998,0.0004279317950022232,0-2:27.24; 2-3:27.99; 3-4:28.00; 4-6:28.00; 6-7:27.93; 7-8:27.99; 8-1:28.00,73,0
4,"N=9, d=195m (margin 0.14m), Fail 5@t=10",2054,195,5,169,True,0.26840258774497683,8-1,27.999589986489656,0.00041001351034353206,0-2:27.24; 2-3:27.99; 3-4:28.00; 4-6:28.00; 6-7:27.94; 7-8:27.99; 8-1:28.00,74,0
4,"N=9, d=195m (margin 0.14m), Fail 5@t=10",2054,195,5,170,True,0.253389816727231,8-1,27.999607076832724,0.00039292316727568277,0-2:27.24; 2-3:27.99; 3-4:28.00; 4-6:28.00; 6-7:27.94; 7-8:27.99; 8-1:28.00,75,0
4,"N=9, d=195m (margin 0.14m), Fail 5@t=10",2054,195,5,171,True,0.2531358603073994,8-1,27.999623176574794,0.0003768234252063962,0-2:27.24; 2-3:27.99; 3-4:28.00; 4-6:28.00; 6-7:27.95; 7-8:27.99; 8-1:28.00,76,0
4,"N=9, d=195m (margin 0.14m), Fail 5@t=10",2054,195,5,172,True,0.25293777405216766,8-1,27.9996383710877,0.00036162891230162586,0-2:27.24; 2-3:27.99; 3-4:28.00; 4-6:28.00; 6-7:27.95; 7-8:27.99; 8-1:28.00,77,0
4,"N=9, d=195m (margin 0.14m), Fail 5@t=10",2054,195,5,173,True,0.24367969298256276,8-1,27.99965284194116,0.00034715805884033557,0-2:27.24; 2-3:27.99; 3-4:28.00; 4-6:28.00; 6-7:27.95; 7-8:27.99; 8-1:28.00,78,0
4,"N=9, d=195m (margin 0.14m), Fail 5@t=10",2054,195,5,174,True,0.2435646148686789,8-1,27.999666510381545,0.00033348961845547365,0-2:27.24; 2-3:27.99; 3-4:28.00; 4-6:28.00; 6-7:27.95; 7-8:27.99; 8-1:28.00,79,0
4,"N=9, d=195m (margin 0.14m), Fail 5@t=10",2054,195,5,175,True,0.24348859533878742,8-1,27.999679440768425,0.000320559231575146,0-2:27.24; 2-3:28.00; 3-4:28.00; 4-6:28.00; 6-7:27.96; 7-8:27.99; 8-1:28.00,80,0
4,"N=9, d=195m (margin 0.14m), Fail 5@t=10",2054,195,5,176,True,0.2378642887090497,8-1,27.999691864796006,0.0003081352039941976,0-2:27.24; 2-3:28.00; 3-4:28.00; 4-6:28.00; 6-7:27.96; 7-8:28.00; 8-1:28.00,81,0
4,"N=9, d=195m (margin 0.14m), Fail 5@t=10",2054,195,5,177,True,0.2378481618694031,8-1,27.999703574180476,0.0002964258195241598,0-2:27.24; 2-3:28.00; 3-4:28.00; 4-6:28.00; 6-7:27.96; 7-8:28.00; 8-1:28.00,82,0
4,"N=9, d=195m (margin 0.14m), Fail 5@t=10",2054,195,5,178,True,0.23785846142839356,8-1,27.999714615343308,0.00028538465669214474,0-2:27.24; 2-3:28.00; 3-4:28.00; 4-6:28.00; 6-7:27.96; 7-8:28.00; 8-1:28.00,83,0
4,"N=9, d=195m (margin 0.14m), Fail 5@t=10",2054,195,5,179,True,0.23391163244307456,8-1,27.999725142566753,0.0002748574332471776,0-2:27.25; 2-3:28.00; 3-4:28.00; 4-6:28.00; 6-7:27.97; 7-8:28.00; 8-1:28.00,84,0
4,"N=9, d=195m (margin 0.14m), Fail 5@t=10",2054,195,5,180,True,0.23396290976014944,8-1,27.999735054155433,0.0002649458445667108,0-2:27.25; 2-3:28.00; 3-4:28.00; 4-6:28.00; 6-7:27.97; 7-8:28.00; 8-1:28.00,85,0
4,"N=9, d=195m (margin 0.14m), Fail 5@t=10",2054,195,5,181,True,0.23201498877930016,8-1,27.99974441687951,0.00025558312049156484,0-2:27.25; 2-3:28.00; 3-4:28.00; 4-6:28.00; 6-7:27.97; 7-8:28.00; 8-1:28.00,86,0
4,"N=9, d=195m (margin 0.14m), Fail 5@t=10",2054,195,5,182,True,0.2317557264234274,8-1,27.999753258157543,0.00024674184245654374,0-2:27.25; 2-3:28.00; 3-4:28.00; 4-6:28.00; 6-7:27.97; 7-8:28.00; 8-1:28.00,87,0
4,"N=9, d=195m (margin 0.14m), Fail 5@t=10",2054,195,5,183,True,0.22867618230145695,8-1,27.99976195149003,0.0002380485099706675,0-2:27.25; 2-3:28.00; 3-4:28.00; 4-6:28.00; 6-7:27.97; 7-8:28.00; 8-1:28.00,88,0
4,"N=9, d=195m (margin 0.14m), Fail 5@t=10",2054,195,5,184,True,0.2287815578605151,8-1,27.999770085884887,0.00022991411511341653,0-2:27.26; 2-3:28.00; 3-4:28.00; 4-6:28.00; 6-7:27.98; 7-8:28.00; 8-1:28.00,89,0
4,"N=9, d=195m (margin 0.14m), Fail 5@t=10",2054,195,5,185,True,0.22552380471217484,8-1,27.999777838591736,0.0002221614082635881,0-2:27.26; 2-3:28.00; 3-4:28.00; 4-6:28.00; 6-7:27.98; 7-8:28.00; 8-1:28.00,90,0
4,"N=9, d=195m (margin 0.14m), Fail 5@t=10",2054,195,5,186,True,0.22564566650746376,8-1,27.99978511064725,0.0002148893527511575,0-2:27.26; 2-3:28.00; 3-4:28.00; 4-6:28.00; 6-7:27.98; 7-8:28.00; 8-1:28.00,91,0
4,"N=9, d=195m (margin 0.14m), Fail 5@t=10",2054,195,5,187,True,0.22183645495368012,8-1,27.999792116767914,0.0002078832320862034,0-2:27.27; 2-3:28.00; 3-4:28.00; 4-6:28.00; 6-7:27.98; 7-8:28.00; 8-1:28.00,92,0
4,"N=9, d=195m (margin 0.14m), Fail 5@t=10",2054,195,5,188,True,0.22196970393172777,8-1,27.999798688379343,0.00020131162065695207,0-2:27.27; 2-3:28.00; 3-4:28.00; 4-6:28.00; 6-7:27.98; 7-8:28.00; 8-1:28.00,93,0
4,"N=9, d=195m (margin 0.14m), Fail 5@t=10",2054,195,5,189,True,0.21971515004582895,8-1,27.999805055724366,0.00019494427563415684,0-2:27.27; 2-3:28.00; 3-4:28.00; 4-6:28.00; 6-7:27.98; 7-8:28.00; 8-1:28.00,94,0
4,"N=9, d=195m (margin 0.14m), Fail 5@t=10",2054,195,5,190,True,0.21952633887846698,8-1,27.999811027432557,0.00018897256744310198,0-2:27.28; 2-3:28.00; 3-4:28.00; 4-6:28.00; 6-7:27.98; 7-8:28.00; 8-1:28.00,95,0
4,"N=9, d=195m (margin 0.14m), Fail 5@t=10",2054,195,5,191,True,0.21634561391624793,8-1,27.999816777619387,0.00018322238061330154,0-2:27.28; 2-3:28.00; 3-4:28.00; 4-6:28.00; 6-7:27.98; 7-8:28.00; 8-1:28.00,96,0
4,"N=9, d=195m (margin 0.14m), Fail 5@t=10",2054,195,5,192,True,0.2164906033472603,8-1,27.999822038171025,0.00017796182897455992,0-2:27.28; 2-3:28.00; 3-4:28.00; 4-6:28.00; 6-7:27.98; 7-8:28.00; 8-1:28.00,97,0
4,"N=9, d=195m (margin 0.14m), Fail 5@t=10",2054,195,5,193,True,0.21579819303864145,8-1,27.999827031621155,0.00017296837884472893,0-2:27.29; 2-3:28.00; 3-4:28.00; 4-6:28.00; 6-7:27.99; 7-8:28.00; 8-1:28.00,98,0
4,"N=9, d=195m (margin 0.14m), Fail 5@t=10",2054,195,5,194,True,0.21446484334234397,8-1,27.999831817547488,0.00016818245251215558,0-2:27.29; 2-3:28.00; 3-4:28.00; 4-6:28.00; 6-7:27.99; 7-8:28.00; 8-1:28.00,99,0
4,"N=9, d=195m (margin 0.14m), Fail 5@t=10",2054,195,5,195,True,0.21423295601048664,8-1,27.999836378228828,0.00016362177117201782,0-2:27.29; 2-3:28.00; 3-4:28.00; 4-6:28.00; 6-7:27.99; 7-8:28.00; 8-1:28.00,100,0
4,"N=9, d=195m (margin 0.14m), Fail 5@t=10",2054,195,5,196,True,0.21255478205720366,8-1,27.99984082070789,0.0001591792921082913,0-2:27.30; 2-3:28.00; 3-4:28.00; 4-6:28.00; 6-7:27.99; 7-8:28.00; 8-1:28.00,101,0
4,"N=9, d=195m (margin 0.14m), Fail 5@t=10",2054,195,5,197,True,0.21270171620307796,8-1,27.999845042528175,0.00015495747182470154,0-2:27.30; 2-3:28.00; 3-4:28.00; 4-6:28.00; 6-7:27.99; 7-8:28.00; 8-1:28.00,102,0
4,"N=9, d=195m (margin 0.14m), Fail 5@t=10",2054,195,5,198,True,0.21284782948200112,8-1,27.999849066719207,0.00015093328079274215,0-2:27.31; 2-3:28.00; 3-4:28.00; 4-6:28.00; 6-7:27.99; 7-8:28.00; 8-1:28.00,103,0
4,"N=9, d=195m (margin 0.14m), Fail 5@t=10",2054,195,5,199,True,0.21241820503384215,8-1,27.99985291287069,0.00014708712931010837,0-2:27.31; 2-3:28.00; 3-4:28.00; 4-6:28.00; 6-7:27.99; 7-8:28.00; 8-1:28.00,104,0
4,"N=9, d=195m (margin 0.14m), Fail 5@t=10",2054,195,5,200,True,0.212412162453068,8-1,27.999856597696827,0.0001434023031734455,0-2:27.31; 2-3:28.00; 3-4:28.00; 4-6:28.00; 6-7:27.99; 7-8:28.00; 8-1:28.00,105,0
4,"N=9, d=195m (margin 0.14m), Fail 5@t=10",2054,195,5,201,True,0.21171523850699495,8-1,27.999860132747433,0.00013986725256742716,0-2:27.32; 2-3:28.00; 3-4:28.00; 4-6:28.00; 6-7:27.99; 7-8:28.00; 8-1:28.00,106,0
4,"N=9, d=195m (margin 0.14m), Fail 5@t=10",2054,195,5,202,True,0.21164423931321624,8-1,27.999863531786943,0.0001364682130571282,0-2:27.32; 2-3:28.00; 3-4:28.00; 4-6:28.00; 6-7:27.99; 7-8:28.00; 8-1:28.00,107,0
4,"N=9, d=195m (margin 0.14m), Fail 5@t=10",2054,195,5,203,True,0.21097874499908262,8-1,27.99986680338549,0.00013319661450950093,0-2:27.33; 2-3:28.00; 3-4:28.00; 4-6:28.00; 6-7:27.99; 7-8:28.00; 8-1:28.00,108,0
4,"N=9, d=195m (margin 0.14m), Fail 5@t=10",2054,195,5,204,True,0.21111568585741297,8-1,27.99986995745671,0.0001300425432901875,0-2:27.33; 2-3:28.00; 3-4:28.00; 4-6:28.00; 6-7:27.99; 7-8:28.00; 8-1:28.00,109,0
4,"N=9, d=195m (margin 0.14m), Fail 5@t=10",2054,195,5,205,True,0.21068693244437395,8-1,27.999873001557482,0.00012699844251784498,0-2:27.34; 2-3:28.00; 3-4:28.00; 4-6:28.00; 6-7:27.99; 7-8:28.00; 8-1:28.00,110,0
4,"N=9, d=195m (margin 0.14m), Fail 5@t=10",2054,195,5,206,True,0.21080552957435997,8-1,27.999875943560195,0.0001240564398052868,0-2:27.34; 2-3:28.00; 3-4:28.00; 4-6:28.00; 6-7:27.99; 7-8:28.00; 8-1:28.00,111,0
4,"N=9, d=195m (margin 0.14m), Fail 5@t=10",2054,195,5,207,True,0.21039703608664284,8-1,27.999878789346578,0.00012121065342185489,0-2:27.34; 2-3:28.00; 3-4:28.00; 4-6:28.00; 6-7:27.99; 7-8:28.00; 8-1:28.00,112,0
4,"N=9, d=195m (margin 0.14m), Fail 5@t=10",2054,195,5,208,True,0.2105257208562475,8-1,27.999881545786575,0.00011845421342471241,0-2:27.35; 2-3:28.00; 3-4:28.00; 4-6:28.00; 6-7:27.99; 7-8:28.00; 8-1:28.00,113,0
4,"N=9, d=195m (margin 0.14m), Fail 5@t=10",2054,195,5,209,True,0.21025420826200722,8-1,27.999884218088685,0.00011578191131533799,0-2:27.35; 2-3:28.00; 3-4:28.00; 4-6:28.00; 6-7:27.99; 7-8:28.00; 8-1:28.00,114,0
4,"N=9, d=195m (margin 0.14m), Fail 5@t=10",2054,195,5,210,True,0.210378548421683,8-1,27.9998868113615,0.00011318863850107164,0-2:27.36; 2-3:28.00; 3-4:28.00; 4-6:28.00; 6-7:27.99; 7-8:28.00; 8-1:28.00,115,0
4,"N=9, d=195m (margin 0.14m), Fail 5@t=10",2054,195,5,211,True,0.21013406964588716,8-1,27.999889329624725,0.0001106703752746796,0-2:27.36; 2-3:28.00; 3-4:28.00; 4-6:28.00; 6-7:27.99; 7-8:28.00; 8-1:28.00,116,0
4,"N=9, d=195m (margin 0.14m), Fail 5@t=10",2054,195,5,212,True,0.2101535676588145,8-1,27.999891776966592,0.00010822303340773942,0-2:27.37; 2-3:28.00; 3-4:28.00; 4-6:28.00; 6-7:28.00; 7-8:28.00; 8-1:28.00,117,0
4,"N=9, d=195m (margin 0.14m), Fail 5@t=10",2054,195,5,213,True,0.20988561367692524,8-1,27.999894157550035,0.0001058424499653654,0-2:27.37; 2-3:28.00; 3-4:28.00; 4-6:28.00; 6-7:28.00; 7-8:28.00; 8-1:28.00,118,0
4,"N=9, d=195m (margin 0.14m), Fail 5@t=10",2054,195,5,214,True,0.21000125052192037,8-1,27.999896475970914,0.00010352402908608838,0-2:27.38; 2-3:28.00; 3-4:28.00; 4-6:28.00; 6-7:28.00; 7-8:28.00; 8-1:28.00,119,0
4,"N=9, d=195m (margin 0.14m), Fail 5@t=10",2054,195,5,215,True,0.20994917410304748,8-1,27.999898734259954,0.00010126574004587496,0-2:27.38; 2-3:28.00; 3-4:28.00; 4-6:28.00; 6-7:28.00; 7-8:28.00; 8-1:28.00,120,0
4,"N=9, d=195m (margin 0.14m), Fail 5@t=10",2054,195,5,216,True,0.21005427638113114,8-1,27.999900936955747,9.90630442530005e-05,0-2:27.39; 2-3:28.00; 3-4:28.00; 4-6:28.00; 6-7:28.00; 7-8:28.00; 8-1:28.00,121,0
4,"N=9, d=195m (margin 0.14m), Fail 5@t=10",2054,195,5,217,True,0.2098717333501675,8-1,27.99990308561156,9.691438843972833e-05,0-2:27.39; 2-3:28.00; 3-4:28.00; 4-6:28.00; 6-7:28.00; 7-8:28.00; 8-1:28.00,122,0
4,"N=9, d=195m (margin 0.14m), Fail 5@t=10",2054,195,5,218,True,0.20938620253614396,8-1,27.999905183017557,9.481698244329095e-05,0-2:27.40; 2-3:28.00; 3-4:28.00; 4-6:28.00; 6-7:28.00; 7-8:28.00; 8-1:28.00,123,0
4,"N=9, d=195m (margin 0.14m), Fail 5@t=10",2054,195,5,219,True,0.20926717690333121,8-1,27.999907232130884,9.276786911627255e-05,0-2:27.40; 2-3:28.00; 3-4:28.00; 4-6:28.00; 6-7:28.00; 7-8:28.00; 8-1:28.00,124,0
4,"N=9, d=195m (margin 0.14m), Fail 5@t=10",2054,195,5,220,True,0.20891373346469652,8-1,27.999909235196778,9.076480322178782e-05,0-2:27.41; 2-3:28.00; 3-4:28.00; 4-6:28.00; 6-7:28.00; 7-8:28.00; 8-1:28.00,125,0
4,"N=9, d=195m (margin 0.14m), Fail 5@t=10",2054,195,5,221,True,0.2090150814226997,8-1,27.99991119652519,8.880347481010631e-05,0-2:27.41; 2-3:28.00; 3-4:28.00; 4-6:28.00; 6-7:28.00; 7-8:28.00; 8-1:28.00,126,0
4,"N=9, d=195m (margin 0.14m), Fail 5@t=10",2054,195,5,222,True,0.2091145572262533,8-1,27.99991311774638,8.688225361908053e-05,0-2:27.42; 2-3:28.00; 3-4:28.00; 4-6:28.00; 6-7:28.00; 7-8:28.00; 8-1:28.00,127,0
4,"N=9, d=195m (margin 0.14m), Fail 5@t=10",2054,195,5,223,True,0.20921220303151272,8-1,27.99991500046797,8.499953203155997e-05,0-2:27.42; 2-3:28.00; 3-4:28.00; 4-6:28.00; 6-7:28.00; 7-8:28.00; 8-1:28.00,128,0
4,"N=9, d=195m (margin 0.14m), Fail 5@t=10",2054,195,5,224,True,0.20930806243510933,8-1,27.99991684625282,8.31537471803756e-05,0-2:27.43; 2-3:28.00; 3-4:28.00; 4-6:28.00; 6-7:28.00; 7-8:28.00; 8-1:28.00,129,0
4,"N=9, d=195m (margin 0.14m), Fail 5@t=10",2054,195,5,225,True,0.20940218017169404,8-1,27.99991865660423,8.13433957702614e-05,0-2:27.43; 2-3:28.00; 3-4:28.00; 4-6:28.00; 6-7:28.00; 7-8:28.00; 8-1:28.00,130,0
4,"N=9, d=195m (margin 0.14m), Fail 5@t=10",2054,195,5,226,True,0.20949460185677074,8-1,27.999920432956607,7.956704339306953e-05,0-2:27.44; 2-3:28.00; 3-4:28.00; 4-6:28.00; 6-7:28.00; 7-8:28.00; 8-1:28.00,131,0
4,"N=9, d=195m (margin 0.14m), Fail 5@t=10",2054,195,5,227,True,0.20958537376754677,8-1,27.999922176669866,7.78233301339526e-05,0-2:27.44; 2-3:28.00; 3-4:28.00; 4-6:28.00; 6-7:28.00; 7-8:28.00; 8-1:28.00,132,0
4,"N=9, d=195m (margin 0.14m), Fail 5@t=10",2054,195,5,228,True,0.20967454265701924,8-1,27.999923889026597,7.611097340287643e-05,0-2:27.45; 2-3:28.00; 3-4:28.00; 4-6:28.00; 6-7:28.00; 7-8:28.00; 8-1:28.00,133,0
4,"N=9, d=195m (margin 0.14m), Fail 5@t=10",2054,195,5,229,True,0.20976215559105577,8-1,27.9999255712315,7.442876849950153e-05,0-2:27.45; 2-3:28.00; 3-4:28.00; 4-6:28.00; 6-7:28.00; 7-8:28.00; 8-1:28.00,134,0
4,"N=9, d=195m (margin 0.14m), Fail 5@t=10",2054,195,5,230,True,0.20984825981234867,8-1,27.999927224412108,7.277558789198224e-05,0-2:27.46; 2-3:28.00; 3-4:28.00; 4-6:28.00; 6-7:28.00; 7-8:28.00; 8-1:28.00,135,0
4,"N=9, d=195m (margin 0.14m), Fail 5@t=10",2054,195,5,231,True,0.2099329026221931,8-1,27.99992884962042,7.11503795791657e-05,0-2:27.46; 2-3:28.00; 3-4:28.00; 4-6:28.00; 6-7:28.00; 7-8:28.00; 8-1:28.00,136,0
4,"N=9, d=195m (margin 0.14m), Fail 5@t=10",2054,195,5,232,True,0.21001613127887764,8-1,27.999930447835098,6.955216490212024e-05,0-2:27.47; 2-3:28.00; 3-4:28.00; 4-6:28.00; 6-7:28.00; 7-8:28.00; 8-1:28.00,137,0
4,"N=9, d=195m (margin 0.14m), Fail 5@t=10",2054,195,5,233,True,0.2100979929092925,8-1,27.99993201996422,6.798003578012413e-05,0-2:27.47; 2-3:28.00; 3-4:28.00; 4-6:28.00; 6-7:28.00; 7-8:28.00; 8-1:28.00,138,0
4,"N=9, d=195m (margin 0.14m), Fail 5@t=10",2054,195,5,234,True,0.21017853443231146,8-1,27.99993356684831,6.643315169085895e-05,0-2:27.48; 2-3:28.00; 3-4:28.00; 4-6:28.00; 6-7:28.00; 7-8:28.00; 8-1:28.00,139,0
4,"N=9, d=195m (margin 0.14m), Fail 5@t=10",2054,195,5,235,True,0.21025780249294684,8-1,27.999935089263484,6.491073651559987e-05,0-2:27.48; 2-3:28.00; 3-4:28.00; 4-6:28.00; 6-7:28.00; 7-8:28.00; 8-1:28.00,140,0
4,"N=9, d=195m (margin 0.14m), Fail 5@t=10",2054,195,5,236,True,0.21033584340466355,8-1,27.9999365879245,6.34120755016454e-05,0-2:27.49; 2-3:28.00; 3-4:28.00; 4-6:28.00; 6-7:28.00; 7-8:28.00; 8-1:28.00,141,0
4,"N=9, d=195m (margin 0.14m), Fail 5@t=10",2054,195,5,237,True,0.21041270309898744,8-1,27.999938063488045,6.193651195474104e-05,0-2:27.49; 2-3:28.00; 3-4:28.00; 4-6:28.00; 6-7:28.00; 7-8:28.00; 8-1:28.00,142,0
4,"N=9, d=195m (margin 0.14m), Fail 5@t=10",2054,195,5,238,True,0.21048842708133797,8-1,27.999939516555756,6.048344424414154e-05,0-2:27.50; 2-3:28.00; 3-4:28.00; 4-6:28.00; 6-7:28.00; 7-8:28.00; 8-1:28.00,143,0
4,"N=9, d=195m (margin 0.14m), Fail 5@t=10",2054,195,5,239,True,0.2105630603921711,8-1,27.99994094767725,5.9052322750829944e-05,0-2:27.50; 2-3:28.00; 3-4:28.00; 4-6:28.00; 6-7:28.00; 7-8:28.00; 8-1:28.00,144,0
4,"N=9, d=195m (margin 0.14m), Fail 5@t=10",2054,195,5,240,True,0.21063664757265343,8-1,27.999942357353067,5.764264693297605e-05,0-2:27.51; 2-3:28.00; 3-4:28.00; 4-6:28.00; 6-7:28.00; 7-8:28.00; 8-1:28.00,145,0
4,"N=9, d=195m (margin 0.14m), Fail 5@t=10",2054,195,5,241,True,0.2107092326342016,8-1,27.9999437460375,5.625396250152903e-05,0-2:27.51; 2-3:28.00; 3-4:28.00; 4-6:28.00; 6-7:28.00; 7-8:28.00; 8-1:28.00,146,0
4,"N=9, d=195m (margin 0.14m), Fail 5@t=10",2054,195,5,242,True,0.21078085903131805,8-1,27.999945114141276,5.488585872370777e-05,0-2:27.52; 2-3:28.00; 3-4:28.00; 4-6:28.00; 6-7:28.00; 7-8:28.00; 8-1:28.00,147,0
4,"N=9, d=195m (margin 0.14m), Fail 5@t=10",2054,195,5,243,True,0.21085156963723714,8-1,27.999946462034153,5.353796584728343e-05,0-2:27.52; 2-3:28.00; 3-4:28.00; 4-6:28.00; 6-7:28.00; 7-8:28.00; 8-1:28.00,148,0
4,"N=9, d=195m (margin 0.14m), Fail 5@t=10",2054,195,5,244,True,0.21092140672196635,8-1,27.999947790047354,5.220995264565431e-05,0-2:27.53; 2-3:28.00; 3-4:28.00; 4-6:28.00; 6-7:28.00; 7-8:28.00; 8-1:28.00,149,0
4,"N=9, d=195m (margin 0.14m), Fail 5@t=10",2054,195,5,245,True,0.21099041193236845,8-1,27.999949098475934,5.090152406594939e-05,0-2:27.53; 2-3:28.00; 3-4:28.00; 4-6:28.00; 6-7:28.00; 7-8:28.00; 8-1:28.00,150,0
4,"N=9, d=195m (margin 0.14m), Fail 5@t=10",2054,195,5,246,True,0.21105862627398317,8-1,27.999950387581038,4.961241896239699e-05,0-2:27.54; 2-3:28.00; 3-4:28.00; 4-6:28.00; 6-7:28.00; 7-8:28.00; 8-1:28.00,151,0
4,"N=9, d=195m (margin 0.14m), Fail 5@t=10",2054,195,5,247,True,0.21112609009433253,3-4,27.999951935164987,4.806483501340608e-05,0-2:27.54; 2-3:28.00; 3-4:28.00; 4-6:28.00; 6-7:28.00; 7-8:28.00; 8-1:28.00,152,0
4,"N=9, d=195m (margin 0.14m), Fail 5@t=10",2054,195,5,248,True,0.21119239831074335,3-4,27.99995450875152,4.5491248478413127e-05,0-2:27.55; 2-3:28.00; 3-4:28.00; 4-6:28.00; 6-7:28.00; 7-8:28.00; 8-1:28.00,153,0
4,"N=9, d=195m (margin 0.14m), Fail 5@t=10",2054,195,5,249,True,0.2112579839416591,3-4,27.999956897986465,4.3102013535190054e-05,0-2:27.55; 2-3:28.00; 3-4:28.00; 4-6:28.00; 6-7:28.00; 7-8:28.00; 8-1:28.00,154,0
4,"N=9, d=195m (margin 0.14m), Fail 5@t=10",2054,195,5,250,True,0.21132290101470852,3-4,27.999959124107754,4.0875892246106105e-05,0-2:27.56; 2-3:28.00; 3-4:28.00; 4-6:28.00; 6-7:28.00; 7-8:28.00; 8-1:28.00,155,0
4,"N=9, d=195m (margin 0.14m), Fail 5@t=10",2054,195,5,251,True,0.2113871982847284,3-4,27.999961204162986,3.879583701404954e-05,0-2:27.56; 2-3:28.00; 3-4:28.00; 4-6:28.00; 6-7:28.00; 7-8:28.00; 8-1:28.00,156,0
4,"N=9, d=195m (margin 0.14m), Fail 5@t=10",2054,195,5,252,True,0.21145092050609035,3-4,27.999963152032297,3.68479677028688e-05,0-2:27.57; 2-3:28.00; 3-4:28.00; 4-6:28.00; 6-7:28.00; 7-8:28.00; 8-1:28.00,157,0
4,"N=9, d=195m (margin 0.14m), Fail 5@t=10",2054,195,5,253,True,0.21151410935045492,3-4,27.99996497918598,3.502081402118051e-05,0-2:27.57; 2-3:28.00; 3-4:28.00; 4-6:28.00; 6-7:28.00; 7-8:28.00; 8-1:28.00,158,0
4,"N=9, d=195m (margin 0.14m), Fail 5@t=10",2054,195,5,254,True,0.21157680406625343,3-4,27.99996669524655,3.3304753451091074e-05,0-2:27.58; 2-3:28.00; 3-4:28.00; 4-6:28.00; 6-7:28.00; 7-8:28.00; 8-1:28.00,159,0
4,"N=9, d=195m (margin 0.14m), Fail 5@t=10",2054,195,5,255,True,0.21163904195071923,3-4,27.999968308406718,3.169159328209048e-05,0-2:27.58; 2-3:28.00; 3-4:28.00; 4-6:28.00; 6-7:28.00; 7-8:28.00; 8-1:28.00,160,0
4,"N=9, d=195m (margin 0.14m), Fail 5@t=10",2054,195,5,256,True,0.21170085868629257,3-4,27.999969825741065,3.0174258935034004e-05,0-2:27.59; 2-3:28.00; 3-4:28.00; 4-6:28.00; 6-7:28.00; 7-8:28.00; 8-1:28.00,161,0
4,"N=9, d=195m (margin 0.14m), Fail 5@t=10",2054,195,5,257,True,0.21176228857917143,3-4,27.9999712534392,2.8746560801096166e-05,0-2:27.59; 2-3:28.00; 3-4:28.00; 4-6:28.00; 6-7:28.00; 7-8:28.00; 8-1:28.00,162,0
4,"N=9, d=195m (margin 0.14m), Fail 5@t=10",2054,195,5,258,True,0.2118233647274496,3-4,27.999972596981014,2.740301898640496e-05,0-2:27.60; 2-3:28.00; 3-4:28.00; 4-6:28.00; 6-7:28.00; 7-8:28.00; 8-1:28.00,163,0
4,"N=9, d=195m (margin 0.14m), Fail 5@t=10",2054,195,5,259,True,0.2118841191387264,3-4,27.99997386126899,2.613873100898445e-05,0-2:27.60; 2-3:28.00; 3-4:28.00; 4-6:28.00; 6-7:28.00; 7-8:28.00; 8-1:28.00,164,0
4,"N=9, d=195m (margin 0.14m), Fail 5@t=10",2054,195,5,260,True,0.21194458281156095,3-4,27.99997505072886,2.494927113971812e-05,0-2:27.61; 2-3:28.00; 3-4:28.00; 4-6:28.00; 6-7:28.00; 7-8:28.00; 8-1:28.00,165,0
4,"N=9, d=195m (margin 0.14m), Fail 5@t=10",2054,195,5,261,True,0.21200478579256374,3-4,27.999976169385594,2.383061440625056e-05,0-2:27.61; 2-3:28.00; 3-4:28.00; 4-6:28.00; 6-7:28.00; 7-8:28.00; 8-1:28.00,166,0
4,"N=9, d=195m (margin 0.14m), Fail 5@t=10",2054,195,5,262,True,0.21206475721151063,3-4,27.99997722092342,2.2779076580548008e-05,0-2:27.62; 2-3:28.00; 3-4:28.00; 4-6:28.00; 6-7:28.00; 7-8:28.00; 8-1:28.00,167,0
4,"N=9, d=195m (margin 0.14m), Fail 5@t=10",2054,195,5,263,True,0.2121245253051195,3-4,27.9999782087334,2.179126660095676e-05,0-2:27.62; 2-3:28.00; 3-4:28.00; 4-6:28.00; 6-7:28.00; 7-8:28.00; 8-1:28.00,168,0
4,"N=9, d=195m (margin 0.14m), Fail 5@t=10",2054,195,5,264,True,0.21218411743412957,3-4,27.999979135950056,2.086404994372515e-05,0-2:27.63; 2-3:28.00; 3-4:28.00; 4-6:28.00; 6-7:28.00; 7-8:28.00; 8-1:28.00,169,0
4,"N=9, d=195m (margin 0.14m), Fail 5@t=10",2054,195,5,265,True,0.2120149893562781,3-4,27.999980064850508,1.9935149492056325e-05,0-2:27.63; 2-3:28.00; 3-4:28.00; 4-6:28.00; 6-7:28.00; 7-8:28.00; 8-1:28.00,170,0
4,"N=9, d=195m (margin 0.14m), Fail 5@t=10",2054,195,5,266,True,0.21024268164238497,3-4,27.99998103788055,1.896211945151549e-05,0-2:27.64; 2-3:28.00; 3-4:28.00; 4-6:28.00; 6-7:28.00; 7-8:28.00; 8-1:28.00,171,0
4,"N=9, d=195m (margin 0.14m), Fail 5@t=10",2054,195,5,267,True,0.20928145886724658,3-4,27.999982070939545,1.7929060454946466e-05,0-2:27.64; 2-3:28.00; 3-4:28.00; 4-6:28.00; 6-7:28.00; 7-8:28.00; 8-1:28.00,172,0
4,"N=9, d=195m (margin 0.14m), Fail 5@t=10",2054,195,5,268,True,0.20802656016844634,3-4,27.999983046255135,1.6953744864878217e-05,0-2:27.65; 2-3:28.00; 3-4:28.00; 4-6:28.00; 6-7:28.00; 7-8:28.00; 8-1:28.00,173,0
4,"N=9, d=195m (margin 0.14m), Fail 5@t=10",2054,195,5,269,True,0.20687832775787585,3-4,27.999983958855434,1.6041144565548393e-05,0-2:27.65; 2-3:28.00; 3-4:28.00; 4-6:28.00; 6-7:28.00; 7-8:28.00; 8-1:28.00,174,0
4,"N=9, d=195m (margin 0.14m), Fail 5@t=10",2054,195,5,270,True,0.20567177650119461,3-4,27.999984814700476,1.5185299524489437e-05,0-2:27.66; 2-3:28.00; 3-4:28.00; 4-6:28.00; 6-7:28.00; 7-8:28.00; 8-1:28.00,175,0
4,"N=9, d=195m (margin 0.14m), Fail 5@t=10",2054,195,5,271,True,0.20491267038051483,3-4,27.999985589325938,1.4410674062048656e-05,0-2:27.66; 2-3:28.00; 3-4:28.00; 4-6:28.00; 6-7:28.00; 7-8:28.00; 8-1:28.00,176,0
4,"N=9, d=195m (margin 0.14m), Fail 5@t=10",2054,195,5,272,True,0.2038159025905709,3-4,27.999986313635354,1.3686364646048332e-05,0-2:27.66; 2-3:28.00; 3-4:28.00; 4-6:28.00; 6-7:28.00; 7-8:28.00; 8-1:28.00,177,0
4,"N=9, d=195m (margin 0.14m), Fail 5@t=10",2054,195,5,273,True,0.2026943461083636,3-4,27.999986990191257,1.3009808743191797e-05,0-2:27.67; 2-3:28.00; 3-4:28.00; 4-6:28.00; 6-7:28.00; 7-8:28.00; 8-1:28.00,178,0
4,"N=9, d=195m (margin 0.14m), Fail 5@t=10",2054,195,5,274,True,0.20159662134090223,3-4,27.99998761898592,1.2381014080631303e-05,0-2:27.67; 2-3:28.00; 3-4:28.00; 4-6:28.00; 6-7:28.00; 7-8:28.00; 8-1:28.00,179,0
4,"N=9, d=195m (margin 0.14m), Fail 5@t=10",2054,195,5,275,True,0.2005018139470337,3-4,27.99998820150177,1.179849823174095e-05,0-2:27.68; 2-3:28.00; 3-4:28.00; 4-6:28.00; 6-7:28.00; 7-8:28.00; 8-1:28.00,180,0
4,"N=9, d=195m (margin 0.14m), Fail 5@t=10",2054,195,5,276,True,0.19937911379252043,3-4,27.999988740706435,1.1259293565046846e-05,0-2:27.68; 2-3:28.00; 3-4:28.00; 4-6:28.00; 6-7:28.00; 7-8:28.00; 8-1:28.00,181,0
4,"N=9, d=195m (margin 0.14m), Fail 5@t=10",2054,195,5,277,True,0.19825025312408637,3-4,27.999989238080765,1.0761919234880679e-05,0-2:27.69; 2-3:28.00; 3-4:28.00; 4-6:28.00; 6-7:28.00; 7-8:28.00; 8-1:28.00,182,0
4,"N=9, d=195m (margin 0.14m), Fail 5@t=10",2054,195,5,278,True,0.19703308506713596,3-4,27.99998969935835,1.0300641651639353e-05,0-2:27.69; 2-3:28.00; 3-4:28.00; 4-6:28.00; 6-7:28.00; 7-8:28.00; 8-1:28.00,183,0
4,"N=9, d=195m (margin 0.14m), Fail 5@t=10",2054,195,5,279,True,0.1955187999422474,3-4,27.999990143353315,9.856646684625048e-06,0-2:27.69; 2-3:28.00; 3-4:28.00; 4-6:28.00; 6-7:28.00; 7-8:28.00; 8-1:28.00,184,0
4,"N=9, d=195m (margin 0.14m), Fail 5@t=10",2054,195,5,280,True,0.19377192450328554,3-4,27.999990582513664,9.417486335649983e-06,0-2:27.70; 2-3:28.00; 3-4:28.00; 4-6:28.00; 6-7:28.00; 7-8:28.00; 8-1:28.00,185,0
4,"N=9, d=195m (margin 0.14m), Fail 5@t=10",2054,195,5,281,True,0.19208715592488426,3-4,27.999991001903815,8.998096184598126e-06,0-2:27.70; 2-3:28.00; 3-4:28.00; 4-6:28.00; 6-7:28.00; 7-8:28.00; 8-1:28.00,186,0
4,"N=9, d=195m (margin 0.14m), Fail 5@t=10",2054,195,5,282,True,0.19045841013919762,3-4,27.999991391796193,8.608203806659276e-06,0-2:27.71; 2-3:28.00; 3-4:28.00; 4-6:28.00; 6-7:28.00; 7-8:28.00; 8-1:28.00,187,0
4,"N=9, d=195m (margin 0.14m), Fail 5@t=10",2054,195,5,283,True,0.18889696603221312,3-4,27.99999174488742,8.25511257929179e-06,0-2:27.71; 2-3:28.00; 3-4:28.00; 4-6:28.00; 6-7:28.00; 7-8:28.00; 8-1:28.00,188,0
4,"N=9, d=195m (margin 0.14m), Fail 5@t=10",2054,195,5,284,True,0.18724269646009556,3-4,27.999992068846236,7.931153763962584e-06,0-2:27.71; 2-3:28.00; 3-4:28.00; 4-6:28.00; 6-7:28.00; 7-8:28.00; 8-1:28.00,189,0
4,"N=9, d=195m (margin 0.14m), Fail 5@t=10",2054,195,5,285,True,0.18581893089149487,3-4,27.999992359052296,7.640947703890788e-06,0-2:27.72; 2-3:28.00; 3-4:28.00; 4-6:28.00; 6-7:28.00; 7-8:28.00; 8-1:28.00,190,0
4,"N=9, d=195m (margin 0.14m), Fail 5@t=10",2054,195,5,286,True,0.18672238320806267,3-4,27.999992657763883,7.3422361168695716e-06,0-2:27.72; 2-3:28.00; 3-4:28.00; 4-6:28.00; 6-7:28.00; 7-8:28.00; 8-1:28.00,191,0
4,"N=9, d=195m (margin 0.14m), Fail 5@t=10",2054,195,5,287,True,0.18762557997530277,3-4,27.99999295358134,7.046418659228948e-06,0-2:27.73; 2-3:28.00; 3-4:28.00; 4-6:28.00; 6-7:28.00; 7-8:28.00; 8-1:28.00,192,0
4,"N=9, d=195m (margin 0.14m), Fail 5@t=10",2054,195,5,288,True,0.188527816510092,3-4,27.99999323404316,6.765956840126819e-06,0-2:27.73; 2-3:28.00; 3-4:28.00; 4-6:28.00; 6-7:28.00; 7-8:28.00; 8-1:28.00,193,0
4,"N=9, d=195m (margin 0.14m), Fail 5@t=10",2054,195,5,289,True,0.18942911172687632,3-4,27.999993491408887,6.508591113174589e-06,0-2:27.73; 2-3:28.00; 3-4:28.00; 4-6:28.00; 6-7:28.00; 7-8:28.00; 8-1:28.00,194,0
4,"N=9, d=195m (margin 0.14m), Fail 5@t=10",2054,195,5,290,True,0.19032932307034636,3-4,27.99999372005644,6.279943558951118e-06,0-2:27.74; 2-3:28.00; 3-4:28.00; 4-6:28.00; 6-7:28.00; 7-8:28.00; 8-1:28.00,195,0
4,"N=9, d=195m (margin 0.14m), Fail 5@t=10",2054,195,5,291,True,0.19122828267896255,3-4,27.999993915701946,6.084298053821158e-06,0-2:27.74; 2-3:28.00; 3-4:28.00; 4-6:28.00; 6-7:28.00; 7-8:28.00; 8-1:28.00,196,0
4,"N=9, d=195m (margin 0.14m), Fail 5@t=10",2054,195,5,292,True,0.19212562770360853,7-8,27.999994477459467,5.5225405333203526e-06,0-2:27.74; 2-3:28.00; 3-4:28.00; 4-6:28.00; 6-7:28.00; 7-8:28.00; 8-1:28.00,197,0
4,"N=9, d=195m (margin 0.14m), Fail 5@t=10",2054,195,5,293,True,0.19302174132353306,7-8,27.99999515863793,4.8413620703513516e-06,0-2:27.75; 2-3:28.00; 3-4:28.00; 4-6:28.00; 6-7:28.00; 7-8:28.00; 8-1:28.00,198,0
4,"N=9, d=195m (margin 0.14m), Fail 5@t=10",2054,195,5,294,True,0.1939164483891463,7-8,27.999995796318103,4.203681896797207e-06,0-2:27.75; 2-3:28.00; 3-4:28.00; 4-6:28.00; 6-7:28.00; 7-8:28.00; 8-1:28.00,199,0
4,"N=9, d=195m (margin 0.14m), Fail 5@t=10",2054,195,5,295,True,0.19480969457644204,7-8,27.999996391172292,3.608827707779483e-06,0-2:27.75; 2-3:28.00; 3-4:28.00; 4-6:28.00; 6-7:28.00; 7-8:28.00; 8-1:28.00,200,0
4,"N=9, d=195m (margin 0.14m), Fail 5@t=10",2054,195,5,296,True,0.19570141279042005,7-8,27.999996944358173,3.055641826676947e-06,0-2:27.76; 2-3:28.00; 3-4:28.00; 4-6:28.00; 6-7:28.00; 7-8:28.00; 8-1:28.00,201,0
4,"N=9, d=195m (margin 0.14m), Fail 5@t=10",2054,195,5,297,True,0.19659153862187403,7-8,27.999997457385366,2.5426146343932032e-06,0-2:27.76; 2-3:28.00; 3-4:28.00; 4-6:28.00; 6-7:28.00; 7-8:28.00; 8-1:28.00,202,0
4,"N=9, d=195m (margin 0.14m), Fail 5@t=10",2054,195,5,298,True,0.19748001341088597,7-8,27.999997932064915,2.0679350853924916e-06,0-2:27.76; 2-3:28.00; 3-4:28.00; 4-6:28.00; 6-7:28.00; 7-8:28.00; 8-1:28.00,203,0
4,"N=9, d=195m (margin 0.14m), Fail 5@t=10",2054,195,5,299,True,0.19836640133187744,7-8,27.9999983653008,1.6346991991156301e-06,0-2:27.76; 2-3:28.00; 3-4:28.00; 4-6:28.00; 6-7:28.00; 7-8:28.00; 8-1:28.00,204,0
